<?xml version="1.0" encoding="utf-8"?>
<COLLADA xmlns="http://www.collada.org/2005/11/COLLADASchema" version="1.4.1" xmlns:xsi="http://www.w3.org/2001/XMLSchema-instance">
  <asset>
    <contributor>
      <author>Blender User</author>
      <authoring_tool>Blender 4.5.0 commit date:2025-07-14, commit time:17:45, hash:8cb6b388974a</authoring_tool>
    </contributor>
    <created>2025-09-05T14:28:04</created>
    <modified>2025-09-05T14:28:04</modified>
    <unit name="meter" meter="1"/>
    <up_axis>Z_UP</up_axis>
  </asset>
  <library_effects>
    <effect id="Black-effect">
      <profile_COMMON>
        <technique sid="common">
          <lambert>
            <emission>
              <color sid="emission">0 0 0 1</color>
            </emission>
            <diffuse>
              <color sid="diffuse">0 0 0 1</color>
            </diffuse>
            <index_of_refraction>
              <float sid="ior">1.5</float>
            </index_of_refraction>
          </lambert>
        </technique>
      </profile_COMMON>
    </effect>
    <effect id="White-effect">
      <profile_COMMON>
        <technique sid="common">
          <lambert>
            <emission>
              <color sid="emission">0 0 0 1</color>
            </emission>
            <diffuse>
              <color sid="diffuse">0.8 0.8 0.8 1</color>
            </diffuse>
            <index_of_refraction>
              <float sid="ior">1.5</float>
            </index_of_refraction>
          </lambert>
        </technique>
      </profile_COMMON>
    </effect>
  </library_effects>
  <library_images/>
  <library_materials>
    <material id="Black-material" name="Black">
      <instance_effect url="#Black-effect"/>
    </material>
    <material id="White-material" name="White">
      <instance_effect url="#White-effect"/>
    </material>
  </library_materials>
  <library_geometries>
    <geometry id="Cylinder_004-mesh" name="Cylinder.004">
      <mesh>
        <source id="Cylinder_004-mesh-positions">
          <float_array id="Cylinder_004-mesh-positions-array" count="2304">-0.01498186 0 0.004999995 -0.01498186 0 -0.004999995 -0.01490974 -0.001468479 0.004999995 -0.01433676 -0.004348993 0.004999995 -0.01433676 -0.004348993 -0.004999995 -0.01384145 -0.005733311 0.004999995 -0.01384145 -0.005733311 -0.004999995 -0.01059377 -0.01059377 0.004999995 -0.009504377 -0.01158118 0.004999995 -0.00832349 -0.01245695 -0.004999995 -0.002922773 -0.01469403 0.004999995 -0.002922773 -0.01469403 -0.004999995 -0.00146842 -0.01490974 0.004999995 -0.00146842 -0.01490974 -0.004999995 0 -0.01498186 0.004999995 0 -0.01498186 -0.004999995 0.005733311 -0.01384145 0.004999995 0.005733311 -0.01384145 -0.004999995 0.00832349 -0.01245695 0.004999995 0.00832349 -0.01245695 -0.004999995 0.009504377 -0.01158112 0.004999995 0.009504377 -0.01158112 -0.004999995 0.01059377 -0.01059377 0.004999995 0.01059377 -0.01059377 -0.004999995 0.01245695 -0.00832349 0.004999995 0.01245695 -0.00832349 -0.004999995 0.01384145 -0.005733311 0.004999995 0.01384145 -0.005733311 -0.004999995 0.01433676 -0.004348993 0.004999995 0.01433676 -0.004348993 -0.004999995 0.01469403 -0.002922773 0.004999995 0.01490974 -0.00146842 0.004999995 0.01498186 0 0.004999995 0.01498186 0 -0.004999995 0.01490974 0.001468479 0.004999995 0.01490974 0.001468479 -0.004999995 0.01469403 0.002922773 0.004999995 0.01469403 0.002922773 -0.004999995 0.01433676 0.004348993 -0.004999995 0.01321285 0.007062375 -0.004999995 0.01158112 0.009504377 0.004999995 0.01158118 0.009504377 -0.004999995 0.01059377 0.01059377 -0.004999995 0.009504377 0.01158118 0.004999995 0.00832349 0.01245695 0.004999995 0.00832349 0.01245695 -0.004999995 0.007062375 0.01321285 0.004999995 0.005733311 0.01384145 0.004999995 0.005733311 0.01384145 -0.004999995 0.002922773 0.01469403 -0.004999995 0.00146842 0.01490974 0.004999995 0.00146842 0.01490974 -0.004999995 -0.002922773 0.01469403 0.004999995 -0.004348993 0.01433676 0.004999995 -0.005733311 0.01384145 0.004999995 -0.005733311 0.01384145 -0.004999995 -0.007062375 0.01321285 0.004999995 -0.007062375 0.01321285 -0.004999995 -0.00832349 0.01245695 0.004999995 -0.00832349 0.01245695 -0.004999995 -0.009504377 0.01158112 0.004999995 -0.01158118 0.009504377 0.004999995 -0.01433676 0.004348993 0.004999995 -0.01490974 0.00146842 0.004999995 -0.01490974 0.00146842 -0.004999995 -0.02999997 0 0.004999935 -0.02985548 -0.002940475 0.004999935 -0.02985548 -0.002940475 -0.004999995 -0.02999997 0 -0.004999995 -0.02942353 -0.005852699 0.004999935 -0.02942353 -0.005852699 -0.004999995 -0.02870815 -0.008708536 0.004999935 -0.02870815 -0.008708536 -0.004999995 -0.02771633 -0.01148045 0.004999935 -0.02771633 -0.01148045 -0.004999995 -0.0264576 -0.01414185 0.004999935 -0.0264576 -0.01414185 -0.004999995 -0.02494406 -0.01666706 0.004999935 -0.02494406 -0.01666706 -0.004999995 -0.02319031 -0.01903176 0.004999935 -0.02319025 -0.01903176 -0.004999995 -0.02121317 -0.02121317 0.004999935 -0.02121317 -0.02121317 -0.004999995 -0.01903176 -0.02319025 0.004999935 -0.01903176 -0.02319025 -0.004999995 -0.01666706 -0.02494406 0.004999935 -0.01666706 -0.02494406 -0.004999995 -0.01414185 -0.0264576 0.004999995 -0.01414185 -0.0264576 -0.004999995 -0.01148051 -0.02771633 0.004999995 -0.01148045 -0.02771633 -0.004999995 -0.008708536 -0.02870815 0.004999995 -0.008708536 -0.02870815 -0.004999995 -0.005852699 -0.02942353 0.004999995 -0.005852699 -0.02942353 -0.004999995 -0.002940475 -0.02985548 0.004999995 -0.002940475 -0.02985548 -0.004999995 0 -0.02999997 0.004999995 0 -0.02999997 -0.004999995 0.002940475 -0.02985548 0.004999995 0.002940475 -0.02985548 -0.004999995 0.005852699 -0.02942353 0.004999995 0.005852699 -0.02942353 -0.004999995 0.008708536 -0.02870815 0.004999995 0.008708536 -0.02870815 -0.004999995 0.01148045 -0.02771633 0.004999995 0.01148051 -0.02771633 -0.004999995 0.01414185 -0.0264576 0.004999995 0.01414185 -0.0264576 -0.004999995 0.01666706 -0.02494406 0.004999995 0.01666706 -0.02494406 -0.004999935 0.01903176 -0.02319025 0.004999995 0.01903176 -0.02319025 -0.004999935 0.02121317 -0.02121317 0.004999995 0.02121317 -0.02121317 -0.004999935 0.02319025 -0.01903176 0.004999995 0.02319031 -0.01903176 -0.004999935 0.02494406 -0.01666706 0.004999995 0.02494406 -0.01666706 -0.004999935 0.0264576 -0.01414185 0.004999995 0.0264576 -0.01414185 -0.004999935 0.02771633 -0.01148045 0.004999995 0.02771633 -0.01148045 -0.004999935 0.02870815 -0.008708536 0.004999995 0.02870815 -0.008708536 -0.004999935 0.02942353 -0.005852699 0.004999995 0.02942353 -0.005852699 -0.004999935 0.02985548 -0.002940475 0.004999995 0.02985548 -0.002940475 -0.004999935 0.02999997 0 0.004999995 0.02999997 0 -0.004999935 0.02985548 0.002940475 0.004999995 0.02985548 0.002940475 -0.004999935 0.02942353 0.005852699 0.004999995 0.02942353 0.005852699 -0.004999935 0.02870815 0.008708536 0.004999995 0.02870815 0.008708536 -0.004999935 0.02771633 0.01148045 0.004999995 0.02771633 0.01148045 -0.004999935 0.0264576 0.01414185 0.004999995 0.0264576 0.01414185 -0.004999935 0.02494406 0.01666706 0.004999995 0.02494406 0.01666706 -0.004999935 0.02319025 0.01903176 0.004999995 0.02319031 0.01903176 -0.004999935 0.02121317 0.02121317 0.004999995 0.02121317 0.02121317 -0.004999935 0.01903176 0.02319025 0.004999995 0.01903176 0.02319025 -0.004999935 0.01666706 0.02494406 0.004999995 0.01666706 0.02494406 -0.004999935 0.01414185 0.0264576 0.004999995 0.01414185 0.0264576 -0.004999995 0.01148045 0.02771633 0.004999995 0.01148051 0.02771633 -0.004999995 0.008708536 0.02870815 0.004999995 0.008708536 0.02870815 -0.004999995 0.005852699 0.02942353 0.004999995 0.005852699 0.02942353 -0.004999995 0.002940475 0.02985548 0.004999995 0.002940475 0.02985548 -0.004999995 0 0.02999997 0.004999995 0 0.02999997 -0.004999995 -0.002940475 0.02985548 0.004999995 -0.002940475 0.02985548 -0.004999995 -0.005852699 0.02942353 0.004999995 -0.005852699 0.02942353 -0.004999995 -0.008708536 0.02870815 0.004999995 -0.008708536 0.02870815 -0.004999995 -0.01148051 0.02771633 0.004999995 -0.01148045 0.02771633 -0.004999995 -0.01414185 0.0264576 0.004999995 -0.01414185 0.0264576 -0.004999995 -0.01666706 0.02494406 0.004999935 -0.01666706 0.02494406 -0.004999995 -0.01903176 0.02319025 0.004999935 -0.01903176 0.02319025 -0.004999995 -0.02121317 0.02121317 0.004999935 -0.02121317 0.02121317 -0.004999995 -0.02319031 0.01903176 0.004999935 -0.02319025 0.01903176 -0.004999995 -0.02494406 0.01666706 0.004999935 -0.02494406 0.01666706 -0.004999995 -0.0264576 0.01414185 0.004999935 -0.0264576 0.01414185 -0.004999995 -0.02771633 0.01148045 0.004999935 -0.02771633 0.01148045 -0.004999995 -0.02870815 0.008708536 0.004999935 -0.02870815 0.008708536 -0.004999995 -0.02942353 0.005852699 0.004999935 -0.02942353 0.005852699 -0.004999995 -0.02985548 0.002940475 0.004999935 -0.02985548 0.002940475 -0.004999995 -0.02487361 -0.00244981 -0.004999995 -0.02499395 0 -0.004999995 -0.02451372 -0.004876077 -0.004999995 -0.02391773 -0.007255315 -0.004999995 -0.02309137 -0.009564757 -0.004999995 -0.02204269 -0.01178205 -0.004999995 -0.02078169 -0.01388585 -0.004999995 -0.01932054 -0.01585596 -0.004999995 -0.01767337 -0.01767337 -0.004999995 -0.01585596 -0.01932054 -0.004999995 -0.01388585 -0.02078169 -0.004999995 -0.01178205 -0.02204269 -0.004999995 -0.009564757 -0.02309137 -0.004999995 -0.007255315 -0.02391773 -0.004999995 -0.004876077 -0.02451372 -0.004999995 -0.00244981 -0.02487361 -0.004999995 0 -0.02499395 -0.004999995 0.00244981 -0.02487361 -0.004999995 0.004876077 -0.02451372 -0.004999995 0.007255315 -0.02391773 -0.004999995 0.009564757 -0.02309137 -0.004999995 0.01178205 -0.02204269 -0.004999995 0.01388585 -0.02078169 -0.004999995 0.01585596 -0.01932054 -0.004999995 0.01767337 -0.01767337 -0.004999935 0.0193206 -0.01585596 -0.004999935 0.02078169 -0.01388585 -0.004999935 0.02204269 -0.01178205 -0.004999935 0.02309137 -0.009564757 -0.004999935 0.02391773 -0.007255315 -0.004999935 0.02451372 -0.004876077 -0.004999935 0.02487361 -0.00244981 -0.004999935 0.02499395 0 -0.004999935 0.02487361 0.00244981 -0.004999935 0.02451372 0.004876077 -0.004999935 0.02391773 0.007255315 -0.004999935 0.02309137 0.009564757 -0.004999935 0.02204269 0.01178205 -0.004999935 0.02078169 0.01388585 -0.004999935 0.0193206 0.01585596 -0.004999935 0.01767337 0.01767337 -0.004999935 0.01585596 0.01932054 -0.004999995 0.01388585 0.02078169 -0.004999995 0.01178205 0.02204269 -0.004999995 0.009564757 0.02309137 -0.004999995 0.007255315 0.02391773 -0.004999995 0.004876077 0.02451372 -0.004999995 0.00244981 0.02487361 -0.004999995 0 0.02499395 -0.004999995 -0.00244981 0.02487361 -0.004999995 -0.004876077 0.02451372 -0.004999995 -0.007255315 0.02391773 -0.004999995 -0.009564757 0.02309137 -0.004999995 -0.01178205 0.02204269 -0.004999995 -0.01388585 0.02078169 -0.004999995 -0.01585596 0.01932054 -0.004999995 -0.01767337 0.01767337 -0.004999995 -0.01932054 0.01585596 -0.004999995 -0.02078169 0.01388585 -0.004999995 -0.02204269 0.01178205 -0.004999995 -0.02309137 0.009564757 -0.004999995 -0.02391773 0.007255315 -0.004999995 -0.02451366 0.004876077 -0.004999995 -0.02487361 0.00244981 -0.004999995 -0.01989167 -0.001959145 -0.004999995 -0.01998794 0 -0.004999995 -0.01960384 -0.003899455 -0.004999995 -0.01912724 -0.005802154 -0.004999995 -0.01846641 -0.007649004 -0.004999995 -0.01762777 -0.009422242 -0.004999995 -0.01661932 -0.0111047 -0.004999995 -0.01545083 -0.01268017 -0.004999995 -0.01413357 -0.01413357 -0.004999995 -0.01268017 -0.01545083 -0.004999995 -0.0111047 -0.01661932 -0.004999995 -0.009422242 -0.01762777 -0.004999995 -0.007649004 -0.01846641 -0.004999995 -0.005802154 -0.01912724 -0.004999995 -0.003899395 -0.01960384 -0.004999995 -0.001959145 -0.01989167 -0.004999995 0 -0.01998794 -0.004999995 0.001959145 -0.01989167 -0.004999995 0.003899455 -0.01960384 -0.004999995 0.005802154 -0.01912724 -0.004999995 0.007649004 -0.01846641 -0.004999995 0.009422242 -0.01762777 -0.004999995 0.0111047 -0.01661932 -0.004999995 0.01268017 -0.01545083 -0.004999995 0.01413357 -0.01413357 -0.004999995 0.01545089 -0.01268017 -0.004999995 0.01661932 -0.0111047 -0.004999935 0.01762777 -0.009422242 -0.004999935 0.01846641 -0.007649004 -0.004999935 0.01912724 -0.005802154 -0.004999935 0.01960384 -0.003899455 -0.004999935 0.01989167 -0.001959145 -0.004999935 0.01998794 0 -0.004999935 0.01989167 0.001959145 -0.004999935 0.01960384 0.003899455 -0.004999935 0.01912724 0.005802154 -0.004999935 0.01846641 0.007649004 -0.004999935 0.01762777 0.009422242 -0.004999935 0.01661932 0.0111047 -0.004999935 0.01545089 0.01268017 -0.004999995 0.01413357 0.01413357 -0.004999995 0.01268017 0.01545083 -0.004999995 0.0111047 0.01661932 -0.004999995 0.009422242 0.01762777 -0.004999995 0.007649004 0.01846641 -0.004999995 0.005802154 0.01912724 -0.004999995 0.003899455 0.01960384 -0.004999995 0.001959145 0.01989167 -0.004999995 0 0.01998794 -0.004999995 -0.001959145 0.01989167 -0.004999995 -0.003899395 0.01960384 -0.004999995 -0.005802154 0.01912724 -0.004999995 -0.007649004 0.01846641 -0.004999995 -0.009422242 0.01762777 -0.004999995 -0.0111047 0.01661932 -0.004999995 -0.01268017 0.01545083 -0.004999995 -0.01413357 0.01413357 -0.004999995 -0.01545083 0.01268017 -0.004999995 -0.01661932 0.0111047 -0.004999995 -0.01762777 0.009422242 -0.004999995 -0.01846641 0.007649004 -0.004999995 -0.01912724 0.005802154 -0.004999995 -0.01960384 0.003899455 -0.004999995 -0.01989167 0.001959145 -0.004999995 -0.01498186 0 -0.002999961 -0.01321285 -0.007062375 -0.002999961 -0.01245695 -0.00832349 -0.002999961 -0.01158112 -0.009504377 -0.002999961 -0.00832349 -0.01245695 -0.002999961 -0.007062375 -0.01321285 -0.002999961 -0.002922773 -0.01469403 -0.002999961 0.004348993 -0.01433676 -0.002999961 0.005733311 -0.01384145 -0.002999961 0.01433676 -0.004348993 -0.002999961 0.01490974 -0.00146842 -0.002999961 0.01490974 0.001468479 -0.002999961 0.01433676 0.004348993 -0.002999961 0.01321285 0.007062375 -0.002999961 0.01245695 0.00832349 -0.002999961 0.01059377 0.01059377 -0.002999961 0.005733311 0.01384145 -0.002999961 0.004348993 0.01433676 -0.002999961 0.00146842 0.01490974 -0.002999961 0 0.01498186 -0.002999961 -0.001468479 0.01490974 -0.002999961 -0.002922773 0.01469403 -0.002999961 -0.00832349 0.01245695 -0.002999961 -0.01158118 0.009504377 -0.002999961 -0.01433676 0.004348993 -0.002999961 -0.01469403 0.002922773 -0.002999961 -0.02499395 0 0.004999935 -0.02487361 -0.00244981 0.004999935 -0.02451372 -0.004876077 0.004999935 -0.02391773 -0.007255315 0.004999935 -0.02309137 -0.009564757 0.004999935 -0.02204269 -0.01178205 0.004999935 -0.02078169 -0.01388585 0.004999935 -0.0193206 -0.01585596 0.004999935 -0.01767337 -0.01767337 0.004999935 -0.01585596 -0.01932054 0.004999995 -0.01388585 -0.02078169 0.004999995 -0.01178205 -0.02204269 0.004999995 -0.009564757 -0.02309137 0.004999995 -0.007255315 -0.02391773 0.004999995 -0.004876077 -0.02451372 0.004999995 -0.00244981 -0.02487361 0.004999995 0 -0.02499395 0.004999995 0.00244981 -0.02487361 0.004999995 0.004876077 -0.02451372 0.004999995 0.007255315 -0.02391773 0.004999995 0.009564757 -0.02309137 0.004999995 0.01178205 -0.02204269 0.004999995 0.01388585 -0.02078169 0.004999995 0.01585596 -0.01932054 0.004999995 0.01767337 -0.01767337 0.004999995 0.01932054 -0.01585596 0.004999995 0.02078169 -0.01388585 0.004999995 0.02204269 -0.01178205 0.004999995 0.02309137 -0.009564757 0.004999995 0.02391773 -0.007255315 0.004999995 0.02451366 -0.004876077 0.004999995 0.02487361 -0.00244981 0.004999995 0.02499395 0 0.004999995 0.02487361 0.00244981 0.004999995 0.02451372 0.004876077 0.004999995 0.02391773 0.007255315 0.004999995 0.02309137 0.009564757 0.004999995 0.02204269 0.01178205 0.004999995 0.02078169 0.01388585 0.004999995 0.01932054 0.01585596 0.004999995 0.01767337 0.01767337 0.004999995 0.01585596 0.01932054 0.004999995 0.01388585 0.02078169 0.004999995 0.01178205 0.02204269 0.004999995 0.009564757 0.02309137 0.004999995 0.007255315 0.02391773 0.004999995 0.004876077 0.02451372 0.004999995 0.00244981 0.02487361 0.004999995 0 0.02499395 0.004999995 -0.00244981 0.02487361 0.004999995 -0.004876077 0.02451372 0.004999995 -0.007255315 0.02391773 0.004999995 -0.009564757 0.02309137 0.004999995 -0.01178205 0.02204269 0.004999995 -0.01388585 0.02078169 0.004999995 -0.01585596 0.01932054 0.004999995 -0.01767337 0.01767337 0.004999935 -0.0193206 0.01585596 0.004999935 -0.02078169 0.01388585 0.004999935 -0.02204269 0.01178205 0.004999935 -0.02309137 0.009564757 0.004999935 -0.02391773 0.007255315 0.004999935 -0.02451372 0.004876077 0.004999935 -0.02487361 0.00244981 0.004999935 -0.01998794 0 0.004999935 -0.01989167 -0.001959145 0.004999935 -0.01960384 -0.003899455 0.004999935 -0.01912724 -0.005802154 0.004999935 -0.01846641 -0.007649004 0.004999935 -0.01762777 -0.009422242 0.004999935 -0.01661932 -0.0111047 0.004999935 -0.01545089 -0.01268017 0.004999995 -0.01413357 -0.01413357 0.004999995 -0.01268017 -0.01545083 0.004999995 -0.0111047 -0.01661932 0.004999995 -0.009422242 -0.01762777 0.004999995 -0.007649004 -0.01846641 0.004999995 -0.005802154 -0.01912724 0.004999995 -0.003899455 -0.01960384 0.004999995 -0.001959145 -0.01989167 0.004999995 0 -0.01998794 0.004999995 0.001959145 -0.01989167 0.004999995 0.003899395 -0.01960384 0.004999995 0.005802154 -0.01912724 0.004999995 0.007649004 -0.01846641 0.004999995 0.009422242 -0.01762777 0.004999995 0.0111047 -0.01661932 0.004999995 0.01268017 -0.01545083 0.004999995 0.01413357 -0.01413357 0.004999995 0.01545083 -0.01268017 0.004999995 0.01661932 -0.0111047 0.004999995 0.01762777 -0.009422242 0.004999995 0.01846641 -0.007649004 0.004999995 0.01912724 -0.005802154 0.004999995 0.01960384 -0.003899455 0.004999995 0.01989167 -0.001959145 0.004999995 0.01998794 0 0.004999995 0.01989167 0.001959145 0.004999995 0.01960384 0.003899455 0.004999995 0.01912724 0.005802154 0.004999995 0.01846641 0.007649004 0.004999995 0.01762777 0.009422242 0.004999995 0.01661932 0.0111047 0.004999995 0.01545083 0.01268017 0.004999995 0.01413357 0.01413357 0.004999995 0.01268017 0.01545083 0.004999995 0.0111047 0.01661932 0.004999995 0.009422242 0.01762777 0.004999995 0.007649004 0.01846641 0.004999995 0.005802154 0.01912724 0.004999995 0.003899395 0.01960384 0.004999995 0.001959145 0.01989167 0.004999995 0 0.01998794 0.004999995 -0.001959145 0.01989167 0.004999995 -0.003899455 0.01960384 0.004999995 -0.005802154 0.01912724 0.004999995 -0.007649004 0.01846641 0.004999995 -0.009422242 0.01762777 0.004999995 -0.0111047 0.01661932 0.004999995 -0.01268017 0.01545083 0.004999995 -0.01413357 0.01413357 0.004999995 -0.01545089 0.01268017 0.004999995 -0.01661932 0.0111047 0.004999935 -0.01762777 0.009422242 0.004999935 -0.01846641 0.007649004 0.004999935 -0.01912724 0.005802154 0.004999935 -0.01960384 0.003899455 0.004999935 -0.01989167 0.001959145 0.004999935 -0.01158118 -0.009504377 0.002999961 -0.00832349 -0.01245695 0.002999961 -0.005733311 -0.01384145 0.002999961 -0.002922773 -0.01469403 0.002999961 0 -0.01498186 0.002999961 0.01059377 -0.01059377 0.002999961 0.01158118 -0.009504377 0.002999961 0.01245695 -0.00832349 0.002999961 0.01384145 -0.005733311 0.002999961 0.01469403 -0.002922773 0.002999961 0.01490974 0.001468479 0.002999961 0.01245695 0.00832349 0.002999961 0.009504377 0.01158118 0.002999961 0.00146842 0.01490974 0.002999961 0 0.01498186 0.002999961 -0.005733311 0.01384145 0.002999961 -0.01321285 0.007062375 0.002999961 -0.01384145 -0.005733311 -0.002999961 -0.005733311 -0.01384145 -0.002999961 -0.004348993 -0.01433676 -0.002999961 0 -0.01498186 -0.002999961 0.001468479 -0.01490974 -0.002999961 0.007062375 -0.01321285 -0.002999961 0.00832349 -0.01245695 -0.002999961 0.01384145 -0.005733311 -0.002999961 0.01469403 -0.002922773 -0.002999961 0.01498186 0 -0.002999961 0.01158118 0.009504377 -0.002999961 0.00832349 0.01245695 -0.002999961 0.002922773 0.01469403 -0.002999961 -0.004348993 0.01433676 -0.002999961 -0.007062375 0.01321285 -0.002999961 -0.01384145 0.005733311 -0.002999961 -0.01498186 0 0.002999961 -0.01469403 -0.002922773 0.002999961 -0.01433676 -0.004348993 0.002999961 -0.01384145 -0.005733311 0.002999961 -0.01059377 -0.01059377 0.002999961 -0.00146842 -0.01490974 0.002999961 0.001468479 -0.01490974 0.002999961 0.004348993 -0.01433676 0.002999961 0.007062375 -0.01321285 0.002999961 0.01490974 -0.00146842 0.002999961 0.01498186 0 0.002999961 0.01433676 0.004348993 0.002999961 0.01384145 0.005733311 0.002999961 0.01321285 0.007062375 0.002999961 0.01158112 0.009504377 0.002999961 0.01059377 0.01059377 0.002999961 0.005733311 0.01384145 0.002999961 0.004348993 0.01433676 0.002999961 -0.001468479 0.01490974 0.002999961 -0.002922773 0.01469403 0.002999961 -0.004348993 0.01433676 0.002999961 -0.00832349 0.01245695 0.002999961 -0.01384145 0.005733311 0.002999961 -0.01433676 0.004348993 0.002999961 -0.01469403 0.002922773 0.002999961 -0.01490974 -0.001468479 -0.004999995 -0.01469403 -0.002922773 -0.004999995 -0.01321285 -0.007062375 -0.004999995 -0.01245695 -0.00832349 -0.004999995 -0.01158112 -0.009504377 -0.004999995 -0.01059377 -0.01059377 -0.004999995 -0.009504377 -0.01158118 -0.004999995 -0.007062375 -0.01321285 -0.004999995 -0.005733311 -0.01384145 -0.004999995 -0.004348993 -0.01433676 -0.004999995 0.001468479 -0.01490974 -0.004999995 0.002922773 -0.01469403 -0.004999995 0.004348993 -0.01433676 -0.004999995 0.007062375 -0.01321285 -0.004999995 0.01158118 -0.009504377 -0.004999995 0.01321285 -0.007062375 -0.004999995 0.01469403 -0.002922773 -0.004999995 0.01490974 -0.00146842 -0.004999995 0.01384145 0.005733311 -0.004999995 0.01245695 0.00832349 -0.004999995 0.009504377 0.01158118 -0.004999995 0.007062375 0.01321285 -0.004999995 0.004348993 0.01433676 -0.004999995 0 0.01498186 -0.004999995 -0.001468479 0.01490974 -0.004999995 -0.002922773 0.01469403 -0.004999995 -0.004348993 0.01433676 -0.004999995 -0.009504377 0.01158112 -0.004999995 -0.01059377 0.01059377 -0.004999995 -0.01158112 0.009504377 -0.004999995 -0.01245695 0.00832349 -0.004999995 -0.01321285 0.007062375 -0.004999995 -0.01384145 0.005733311 -0.004999995 -0.01433676 0.004348993 -0.004999995 -0.01469403 0.002922773 -0.004999995 -0.01469403 -0.002922773 0.004999995 -0.01321285 -0.007062375 0.004999995 -0.01245695 -0.00832349 0.004999995 -0.01158118 -0.009504377 0.004999995 -0.00832349 -0.01245695 0.004999995 -0.007062375 -0.01321285 0.004999995 -0.005733311 -0.01384145 0.004999995 -0.004348993 -0.01433676 0.004999995 0.001468479 -0.01490974 0.004999995 0.002922773 -0.01469403 0.004999995 0.004348993 -0.01433676 0.004999995 0.007062375 -0.01321285 0.004999995 0.01158112 -0.009504377 0.004999995 0.01321285 -0.007062375 0.004999995 0.01433676 0.004348993 0.004999995 0.01384145 0.005733311 0.004999995 0.01321285 0.007062375 0.004999995 0.01245695 0.00832349 0.004999995 0.01059377 0.01059377 0.004999995 0.004348993 0.01433676 0.004999995 0.002922773 0.01469403 0.004999995 0 0.01498186 0.004999995 -0.001468479 0.01490974 0.004999995 -0.01059377 0.01059377 0.004999995 -0.01245695 0.00832349 0.004999995 -0.01321285 0.007062375 0.004999995 -0.01384145 0.005733311 0.004999995 -0.01469403 0.002922773 0.004999995 -0.01490974 -0.001468479 -0.002999961 -0.01469403 -0.002922773 -0.002999961 -0.01433676 -0.004348993 -0.002999961 -0.01059377 -0.01059377 -0.002999961 -0.009504377 -0.01158118 -0.002999961 -0.00146842 -0.01490974 -0.002999961 0.002922773 -0.01469403 -0.002999961 0.009504377 -0.01158112 -0.002999961 0.01059377 -0.01059377 -0.002999961 0.01158118 -0.009504377 -0.002999961 0.01245695 -0.00832349 -0.002999961 0.01321285 -0.007062375 -0.002999961 0.01469403 0.002922773 -0.002999961 0.01384145 0.005733311 -0.002999961 0.009504377 0.01158118 -0.002999961 0.007062375 0.01321285 -0.002999961 -0.005733311 0.01384145 -0.002999961 -0.009504377 0.01158112 -0.002999961 -0.01059377 0.01059377 -0.002999961 -0.01245695 0.00832349 -0.002999961 -0.01321285 0.007062375 -0.002999961 -0.01490974 0.00146842 -0.002999961 -0.01490974 -0.001468479 0.002999961 -0.01321285 -0.007062375 0.002999961 -0.01245695 -0.00832349 0.002999961 -0.009504377 -0.01158118 0.002999961 -0.007062375 -0.01321285 0.002999961 -0.004348993 -0.01433676 0.002999961 0.002922773 -0.01469403 0.002999961 0.005733311 -0.01384145 0.002999961 0.00832349 -0.01245695 0.002999961 0.009504377 -0.01158112 0.002999961 0.01321285 -0.007062375 0.002999961 0.01433676 -0.004348993 0.002999961 0.01469403 0.002922773 0.002999961 0.00832349 0.01245695 0.002999961 0.007062375 0.01321285 0.002999961 0.002922773 0.01469403 0.002999961 -0.007062375 0.01321285 0.002999961 -0.009504377 0.01158112 0.002999961 -0.01059377 0.01059377 0.002999961 -0.01158118 0.009504377 0.002999961 -0.01245695 0.00832349 0.002999961 -0.01490974 0.00146842 0.002999961 -0.01245695 -0.00832349 -0.002999961 -0.01321285 -0.007062375 -0.002999961 -0.01158112 -0.009504377 -0.002999961 -0.007062375 -0.01321285 -0.002999961 -0.00832349 -0.01245695 -0.002999961 0.005733311 -0.01384145 -0.002999961 0.004348993 -0.01433676 -0.002999961 0.01245695 0.00832349 -0.002999961 0.01321285 0.007062375 -0.002999961 0.004348993 0.01433676 -0.002999961 0.005733311 0.01384145 -0.002999961 0 0.01498186 -0.002999961 0.00146842 0.01490974 -0.002999961 -0.001468479 0.01490974 -0.002999961 -0.002922773 0.01469403 -0.002999961 -0.01469403 0.002922773 -0.002999961 -0.01433676 0.004348993 -0.002999961 0.01059377 -0.01059377 0.002999961 0.01158118 -0.009504377 0.002999961 0.01245695 -0.00832349 0.002999961 0.00146842 0.01490974 0.002999961 0 0.01498186 0.002999961 -0.004348993 -0.01433676 -0.002999961 -0.005733311 -0.01384145 -0.002999961 0.001468479 -0.01490974 -0.002999961 0 -0.01498186 -0.002999961 0.00832349 -0.01245695 -0.002999961 0.007062375 -0.01321285 -0.002999961 -0.01469403 -0.002922773 0.002999961 -0.01433676 -0.004348993 0.002999961 -0.01384145 -0.005733311 0.002999961 0.01490974 -0.00146842 0.002999961 0.01498186 0 0.002999961 0.01433676 0.004348993 0.002999961 0.01384145 0.005733311 0.002999961 0.01321285 0.007062375 0.002999961 0.01158112 0.009504377 0.002999961 0.01059377 0.01059377 0.002999961 0.005733311 0.01384145 0.002999961 0.004348993 0.01433676 0.002999961 -0.001468479 0.01490974 0.002999961 -0.002922773 0.01469403 0.002999961 -0.004348993 0.01433676 0.002999961 -0.01384145 0.005733311 0.002999961 -0.01433676 0.004348993 0.002999961 -0.01469403 0.002922773 0.002999961 -0.01469403 -0.002922773 -0.002999961 -0.01490974 -0.001468479 -0.002999961 -0.01433676 -0.004348993 -0.002999961 -0.009504377 -0.01158118 -0.002999961 -0.01059377 -0.01059377 -0.002999961 0.01059377 -0.01059377 -0.002999961 0.009504377 -0.01158112 -0.002999961 0.01158118 -0.009504377 -0.002999961 0.01245695 -0.00832349 -0.002999961 0.01321285 -0.007062375 -0.002999961 -0.01059377 0.01059377 -0.002999961 -0.009504377 0.01158112 -0.002999961 -0.01321285 0.007062375 -0.002999961 -0.01245695 0.00832349 -0.002999961 -0.01321285 -0.007062375 0.002999961 -0.01245695 -0.00832349 0.002999961 0.00832349 -0.01245695 0.002999961 0.009504377 -0.01158112 0.002999961 0.00832349 0.01245695 0.002999961 0.007062375 0.01321285 0.002999961 -0.009504377 0.01158112 0.002999961 -0.01059377 0.01059377 0.002999961 -0.01158118 0.009504377 0.002999961 -0.01245695 0.00832349 0.002999961 -0.01498186 0 -0.002999961 -0.01384145 -0.005733311 -0.002999961 -0.002922773 -0.01469403 -0.002999961 -0.00146842 -0.01490974 -0.002999961 0.002922773 -0.01469403 -0.002999961 0.01384145 -0.005733311 -0.002999961 0.01433676 -0.004348993 -0.002999961 0.01469403 -0.002922773 -0.002999961 0.01490974 -0.00146842 -0.002999961 0.01498186 0 -0.002999961 0.01490974 0.001468479 -0.002999961 0.01469403 0.002922773 -0.002999961 0.01433676 0.004348993 -0.002999961 0.01384145 0.005733311 -0.002999961 0.01158118 0.009504377 -0.002999961 0.01059377 0.01059377 -0.002999961 0.009504377 0.01158118 -0.002999961 0.00832349 0.01245695 -0.002999961 0.007062375 0.01321285 -0.002999961 0.002922773 0.01469403 -0.002999961 -0.004348993 0.01433676 -0.002999961 -0.005733311 0.01384145 -0.002999961 -0.007062375 0.01321285 -0.002999961 -0.00832349 0.01245695 -0.002999961 -0.01158118 0.009504377 -0.002999961 -0.01384145 0.005733311 -0.002999961 -0.01490974 0.00146842 -0.002999961 -0.01498186 0 0.002999961 -0.01490974 -0.001468479 0.002999961 -0.01158118 -0.009504377 0.002999961 -0.01059377 -0.01059377 0.002999961 -0.009504377 -0.01158118 0.002999961 -0.00832349 -0.01245695 0.002999961 -0.007062375 -0.01321285 0.002999961 -0.005733311 -0.01384145 0.002999961 -0.004348993 -0.01433676 0.002999961 -0.002922773 -0.01469403 0.002999961 -0.00146842 -0.01490974 0.002999961 0 -0.01498186 0.002999961 0.001468479 -0.01490974 0.002999961 0.002922773 -0.01469403 0.002999961 0.004348993 -0.01433676 0.002999961 0.005733311 -0.01384145 0.002999961 0.007062375 -0.01321285 0.002999961 0.01321285 -0.007062375 0.002999961 0.01384145 -0.005733311 0.002999961 0.01433676 -0.004348993 0.002999961 0.01469403 -0.002922773 0.002999961 0.01490974 0.001468479 0.002999961 0.01469403 0.002922773 0.002999961 0.01245695 0.00832349 0.002999961 0.009504377 0.01158118 0.002999961 0.002922773 0.01469403 0.002999961 -0.005733311 0.01384145 0.002999961 -0.007062375 0.01321285 0.002999961 -0.00832349 0.01245695 0.002999961 -0.01321285 0.007062375 0.002999961 -0.01490974 0.00146842 0.002999961</float_array>
          <technique_common>
            <accessor source="#Cylinder_004-mesh-positions-array" count="768" stride="3">
              <param name="X" type="float"/>
              <param name="Y" type="float"/>
              <param name="Z" type="float"/>
            </accessor>
          </technique_common>
        </source>
        <source id="Cylinder_004-mesh-normals">
          <float_array id="Cylinder_004-mesh-normals-array" count="2277">-0.7178035 8.5181e-7 -0.6962457 -0.7143667 -0.07035988 0.6962254 -0.717804 -8.50989e-7 0.6962453 -0.7143664 -0.07035809 -0.6962258 -0.7040208 -0.140039 0.6962355 -0.7040205 -0.1400373 -0.6962361 -0.6868951 -0.2083681 0.6962456 -0.6868953 -0.2083665 -0.696246 -0.6631729 -0.2746965 0.6962354 -0.6631733 -0.2746946 -0.6962357 -0.6330563 -0.3383755 0.696234 -0.5968331 -0.3987908 -0.6962444 -0.596847 -0.3988004 0.6962269 -0.5548692 -0.4553707 0.6962455 -0.5548701 -0.4553691 -0.6962459 -0.5075719 -0.5075713 0.6962343 -0.4553709 -0.5548706 -0.6962443 -0.4553755 -0.554876 0.6962369 -0.3987948 -0.5968409 0.6962354 -0.3987908 -0.5968315 -0.6962457 -0.3383792 -0.6330638 0.6962254 -0.33838 -0.633063 -0.6962257 -0.2746914 -0.6631643 0.6962456 -0.2746961 -0.6631726 -0.6962357 -0.2083698 -0.6869048 0.6962355 -0.2083681 -0.686895 -0.6962457 -0.1400383 -0.7040222 0.6962342 -0.07035744 -0.7143485 -0.6962444 -0.07035845 -0.7143653 0.6962269 5.73859e-7 -0.7178037 0.6962456 -6.36284e-7 -0.7178037 -0.6962456 0.07035839 -0.7143581 0.6962343 0.1400364 -0.7040126 -0.6962443 0.1400378 -0.7040194 0.6962372 0.2083708 -0.6869044 0.6962357 0.2083697 -0.6869049 -0.6962355 0.274696 -0.6631727 0.6962357 0.2746912 -0.6631643 -0.6962456 0.3383799 -0.6330631 0.6962257 0.338379 -0.6330639 -0.6962254 0.3987962 -0.5968396 0.6962357 0.3987947 -0.596841 -0.6962354 0.4553644 -0.5548631 0.6962544 0.5075718 -0.5075715 -0.6962343 0.5075831 -0.5075834 0.6962173 0.55487 -0.4553691 0.6962459 0.5548766 -0.4553771 -0.6962354 0.596833 -0.3987908 0.6962444 0.6330562 -0.3383756 -0.696234 0.6330706 -0.3383833 0.6962172 0.6631733 -0.2746946 0.6962357 0.6631729 -0.2746965 -0.6962354 0.6868953 -0.2083665 0.696246 0.6868951 -0.2083681 -0.6962456 0.70403 -0.1400392 0.6962261 0.7040304 -0.1400409 -0.6962254 0.7143567 -0.07035714 0.6962359 0.714357 -0.07035893 -0.6962355 0.7178035 8.50957e-7 0.6962457 0.717804 -8.50776e-7 -0.6962453 0.7143579 0.07035809 0.6962346 0.7040208 0.140039 -0.6962355 0.7040205 0.1400373 0.6962361 0.6868951 0.2083681 -0.6962456 0.6868952 0.2083665 0.6962459 0.6631729 0.2746965 -0.6962354 0.6631733 0.2746946 0.6962357 0.6330562 0.3383756 -0.696234 0.6330706 0.3383833 0.6962172 0.5968331 0.3987908 0.6962444 0.5548692 0.4553707 -0.6962455 0.5548701 0.455369 0.6962459 0.5075719 0.5075713 -0.6962342 0.5075832 0.5075833 0.6962174 0.4553646 0.554863 0.6962544 0.3987855 0.5968252 -0.6962542 0.3988003 0.5968469 0.6962271 0.3383787 0.6330637 0.6962257 0.33838 0.6330633 -0.6962255 0.274695 0.6631731 0.6962357 0.2746962 0.6631729 -0.6962355 0.2083667 0.6868953 0.6962457 0.2083678 0.6868951 -0.6962456 0.1400397 0.7040305 0.6962256 0.1400402 0.7040305 -0.6962255 0.07035744 0.7143484 0.6962444 -5.7322e-7 0.7178037 -0.6962456 6.35645e-7 0.7178037 0.6962456 -0.07035839 0.7143582 -0.6962343 -0.0703594 0.7143751 0.6962168 -0.1400384 0.7040208 0.6962356 -0.1400379 0.7040208 -0.6962357 -0.208368 0.6868952 0.6962456 -0.2083669 0.6868953 -0.6962457 -0.2746963 0.6631729 0.6962355 -0.2746951 0.663173 -0.6962357 -0.3383801 0.6330633 0.6962255 -0.3383789 0.6330636 -0.6962257 -0.3987909 0.5968334 0.696244 -0.4553645 0.5548631 -0.6962544 -0.4553753 0.5548762 0.6962369 -0.5075718 0.5075715 0.6962342 -0.5548776 0.4553753 -0.6962358 -0.5548691 0.4553709 0.6962455 -0.5968248 0.3987854 -0.6962546 -0.5968469 0.3988004 0.6962269 -0.6330563 0.3383755 0.696234 -0.6631733 0.2746946 -0.6962357 -0.6631729 0.2746965 0.6962354 -0.6868953 0.2083665 -0.696246 -0.6868951 0.2083681 0.6962456 -0.70403 0.1400392 -0.6962261 -0.7040304 0.1400409 0.6962254 0.2662458 -0.642772 -0.7183018 0.3331097 -0.6232076 0.7075664 0.3279638 -0.6135772 -0.7183055 -0.7143483 0.07035714 -0.6962446 -0.7143654 0.07035887 0.6962268 -0.6923817 -0.06819456 0.7183016 -0.6931075 -0.1378671 0.7075272 -0.7032831 -0.06926715 0.7075275 -3.27023e-7 0 1 -3.2545e-7 0 1 3.27023e-7 0 -1 -3.40053e-7 0 1 3.40053e-7 0 -1 3.2545e-7 0 -1 -3.59409e-7 0 1 3.59409e-7 0 -1 -3.50211e-7 0 1 -3.3142e-7 0 1 3.50211e-7 0 -1 -0.6330707 -0.3383833 -0.6962172 -2.91839e-7 0 1 2.91839e-7 0 -1 3.3142e-7 1.39021e-7 -1 -3.59577e-7 0 1 3.59578e-7 0 -1 -3.73068e-7 0 1 -0.5075832 -0.5075832 -0.6962174 -2.81775e-7 0 1 2.81995e-7 0 -1 3.73068e-7 0 -1 -3.39411e-7 0 1 3.35225e-7 0 -1 -3.39322e-7 0 1 -3.17776e-7 0 1 3.20698e-7 0 -1 3.39322e-7 0 -1 -3.87086e-7 0 1 3.79679e-7 -1.22638e-7 -1 -3.02678e-7 0 1 -0.1400417 -0.7040386 -0.696217 -2.92166e-7 0 1 2.92166e-7 0 -1 3.02678e-7 0 -1 -3.68546e-7 0 1 3.68546e-7 0 -1 -2.92935e-7 0 1 0.0703594 -0.7143751 -0.6962168 -2.85279e-7 0 1 2.92218e-7 0 -1 2.92935e-7 0 -1 -3.83382e-7 -1.44073e-7 1 3.87086e-7 0 -1 -3.20698e-7 0 1 3.17776e-7 0 -1 -3.39322e-7 0 1 -3.39411e-7 0 1 3.39411e-7 0 -1 3.39322e-7 0 -1 -2.81775e-7 0 1 2.81775e-7 0 -1 -3.73068e-7 0 1 0.4553753 -0.5548762 -0.6962369 -3.59578e-7 0 1 3.63885e-7 0 -1 3.73068e-7 0 -1 -2.91839e-7 0 1 2.92879e-7 0 -1 -3.3142e-7 1.39021e-7 1 0.5968388 -0.3987951 -0.696237 -3.50211e-7 0 1 3.50211e-7 0 -1 3.3142e-7 0 -1 -3.59409e-7 0 1 3.59409e-7 0 -1 -3.40054e-7 0 1 -3.25449e-7 0 1 3.25449e-7 0 -1 3.40054e-7 0 -1 -3.2545e-7 0 1 0.7143752 0.07035982 -0.6962167 -3.40053e-7 0 1 3.40053e-7 0 -1 3.2545e-7 0 -1 -3.59409e-7 0 1 3.59409e-7 0 -1 -3.50211e-7 0 1 -3.3142e-7 -1.39021e-7 1 3.50211e-7 0 -1 -2.91839e-7 0 1 2.91839e-7 0 -1 3.3142e-7 0 -1 -3.59578e-7 0 1 3.59577e-7 0 -1 0.596847 0.3988004 -0.6962269 -3.73068e-7 0 1 -2.81775e-7 0 1 2.81995e-7 2.3932e-7 -1 3.73068e-7 0 -1 -3.39411e-7 0 1 3.35225e-7 0 -1 0.4553817 0.5548835 -0.6962268 -3.39322e-7 0 1 -3.20698e-7 0 1 3.20698e-7 0 -1 3.39322e-7 0 -1 -3.79679e-7 1.22638e-7 1 3.79679e-7 0 -1 -3.02678e-7 0 1 -2.92166e-7 0 1 2.92166e-7 0 -1 3.02678e-7 0 -1 -3.68546e-7 0 1 3.68546e-7 0 -1 0.07035845 0.7143653 -0.6962269 -2.92935e-7 0 1 -2.92218e-7 0 1 2.92218e-7 0 -1 2.92935e-7 0 -1 -3.79679e-7 0 1 3.79679e-7 0 -1 -3.20698e-7 0 1 -3.39322e-7 0 1 3.20698e-7 0 -1 -3.39411e-7 0 1 3.39411e-7 0 -1 3.39322e-7 0 -1 -2.81775e-7 0 1 2.81775e-7 0 -1 -0.3988003 0.5968469 -0.696227 -3.73068e-7 0 1 -0.5075831 0.5075834 -0.6962174 -3.59578e-7 0 1 3.63885e-7 0 -1 3.73068e-7 0 -1 -2.91839e-7 0 1 2.92879e-7 0 -1 -3.3142e-7 0 1 -0.6330706 0.3383833 -0.6962172 -3.50211e-7 0 1 3.50211e-7 0 -1 3.3142e-7 -1.39021e-7 -1 -3.59409e-7 0 1 3.59409e-7 0 -1 -3.40054e-7 0 1 -3.25449e-7 0 1 3.25449e-7 0 -1 3.40054e-7 0 -1 3.24118e-7 0 -1 3.2563e-7 0 -1 3.22556e-7 1.418e-7 -1 3.0953e-7 0 -1 3.05826e-7 0 -1 2.98055e-7 0 -1 2.99646e-7 0 -1 3.56559e-7 -2.49494e-7 -1 2.95985e-7 0 -1 3.13799e-7 -1.9513e-7 -1 3.03367e-7 0 -1 3.57694e-7 -1.23076e-7 -1 3.70111e-7 -2.42314e-7 -1 2.75828e-7 0 -1 3.38506e-7 0 -1 3.52536e-7 0 -1 2.60022e-7 0 -1 3.35608e-7 0 -1 3.63279e-7 0 -1 2.75828e-7 0 -1 3.57694e-7 0 -1 3.03151e-7 0 -1 3.70111e-7 1.2439e-7 -1 3.01478e-7 0 -1 3.58001e-7 0 -1 3.13799e-7 0 -1 3.03729e-7 -1.41284e-7 -1 3.05826e-7 0 -1 2.99646e-7 0 -1 3.0953e-7 0 -1 3.22556e-7 0 -1 3.2563e-7 1.69097e-7 -1 3.24118e-7 0 -1 3.2563e-7 0 -1 3.22556e-7 0 -1 3.0953e-7 0 -1 3.05826e-7 1.23898e-7 -1 2.98055e-7 0 -1 2.99646e-7 0 -1 3.5656e-7 0 -1 2.95985e-7 0 -1 3.13799e-7 0 -1 3.03366e-7 0 -1 3.57694e-7 0 -1 3.70111e-7 -1.57766e-7 -1 2.75828e-7 0 -1 3.38506e-7 0 -1 3.52536e-7 0 -1 2.60022e-7 0 -1 3.35608e-7 0 -1 3.63279e-7 0 -1 2.75828e-7 0 -1 3.57695e-7 0 -1 3.03151e-7 0 -1 3.70111e-7 1.69097e-7 -1 3.01478e-7 0 -1 3.58001e-7 1.47351e-7 -1 3.13799e-7 2.0957e-7 -1 3.03729e-7 -1.63562e-7 -1 3.05826e-7 0 -1 2.99646e-7 0 -1 3.0953e-7 0 -1 3.22556e-7 0 -1 3.2563e-7 0 -1 0.6957356 -5.50931e-7 -0.7182981 0.6923869 0.06819456 -0.7182966 0.665777 0.2019617 -0.7182984 0.6823598 0.1357303 -0.7183054 0.642772 0.2662456 -0.7183019 0.5784826 0.3865299 -0.7182984 0.6135772 0.3279634 -0.7183057 0.5378074 0.4413682 -0.7183017 0.4413697 0.5378109 -0.7182982 0.4919539 0.4919541 -0.7183054 0.3865272 0.5784799 -0.718302 0.2662456 0.6427718 -0.7183021 0.3279613 0.6135724 -0.7183108 0.201962 0.665777 -0.7182982 0.06819373 0.6923813 -0.718302 0.1357311 0.6823646 -0.7183005 0 0.6957354 -0.7182983 -0.06819409 0.6923811 -0.7183021 -0.2019595 0.6657719 -0.7183037 -0.13573 0.6823593 -0.7183058 -0.2662444 0.6427723 -0.7183021 -0.3865301 0.5784822 -0.7182987 -0.3279656 0.6135818 -0.7183007 -0.4413682 0.5378068 -0.7183023 -0.5378105 0.4413696 -0.7182986 -0.4919536 0.4919536 -0.718306 -0.5784799 0.3865266 -0.7183023 -0.6427766 0.2662474 -0.7182971 -0.6135721 0.3279615 -0.718311 -0.6657772 0.2019605 -0.7182986 -0.6923807 0.06819313 -0.7183026 -0.682359 0.1357289 -0.7183063 -0.6957347 -4.6668e-7 -0.7182989 -0.6923753 -0.06819325 -0.7183079 -0.6657769 -0.2019609 -0.7182987 -0.6823593 -0.1357292 -0.718306 -0.6427767 -0.2662475 -0.7182969 -0.5784825 -0.3865289 -0.718299 -0.6135721 -0.3279606 -0.7183114 -0.5378073 -0.4413676 -0.7183023 -0.4413703 -0.53781 -0.7182984 -0.4919543 -0.4919531 -0.7183057 -0.3865301 -0.5784841 -0.7182971 -0.2662446 -0.6427719 -0.7183023 -0.3279635 -0.6135771 -0.7183058 -0.2019605 -0.6657773 -0.7182983 -0.06819295 -0.6923759 -0.7183073 -0.1357288 -0.6823595 -0.7183059 2.30448e-7 -0.6957407 -0.7182931 0.06819355 -0.6923758 -0.7183074 0.201962 -0.6657768 -0.7182984 0.1357312 -0.6823647 -0.7183005 0.3865269 -0.5784782 -0.7183035 0.4413681 -0.5378074 -0.7183019 0.5378106 -0.4413704 -0.718298 0.4919539 -0.4919539 -0.7183055 0.5784797 -0.3865278 -0.7183018 0.6427669 -0.2662429 -0.7183074 0.613582 -0.3279662 -0.7183004 0.6657773 -0.2019615 -0.7182981 0.6923813 -0.06819438 -0.718302 0.6823595 -0.1357299 -0.7183057 -0.6232461 0.333132 0.7075221 0.7066858 4.79899e-7 0.7075276 0.7032776 0.06926715 0.7075328 0.3926163 -0.5875922 0.7075225 -0.6528878 0.2704354 0.7075326 0.6931069 0.137867 0.7075278 0.4483174 -0.5462748 0.7075276 -0.6762189 0.205129 0.7075664 0.6762562 0.2051395 0.7075277 0.4997023 -0.4997023 0.7075276 -0.693107 0.137868 0.7075275 0.6528927 0.2704367 0.7075276 0.5462753 -0.4483167 0.7075278 -0.703283 0.0692681 0.7075274 0.6232075 0.33311 0.7075663 0.5875883 -0.3926128 0.7075276 -0.706686 5.65475e-7 0.7075273 0.5875881 0.392613 0.7075276 0.6232364 -0.333127 0.707533 -0.7032884 -0.06926822 0.7075221 0.5462755 0.4483166 0.7075277 0.652897 -0.2704393 0.7075225 -0.6931071 -0.1378681 0.7075274 0.4997028 0.4997016 0.7075277 0.6762189 -0.205128 0.7075666 -0.6762562 -0.2051407 0.7075273 0.4483171 0.546275 0.7075277 0.6931072 -0.1378669 0.7075275 -0.6528876 -0.2704352 0.7075328 0.3926138 0.5875876 0.7075275 0.703283 -0.06926703 0.7075275 -0.6232123 -0.333113 0.7075607 0.3331319 0.6232458 0.7075223 -0.5875879 -0.3926139 0.7075273 0.2704368 0.6528925 0.7075276 -0.5462747 -0.4483179 0.7075275 0.2051284 0.676219 0.7075664 -0.4997019 -0.4997028 0.7075275 0.1378665 0.6931019 0.7075328 -0.4483165 -0.5462759 0.7075274 0.0692681 0.7032828 0.7075276 -0.3926103 -0.5875838 0.7075327 4.31238e-7 0.7066859 0.7075276 -0.33313 -0.623241 0.7075275 -0.06926178 0.7032284 0.7075824 -0.2704374 -0.6528924 0.7075275 -0.137867 0.6931073 0.7075275 -0.205129 -0.676219 0.7075663 -0.2051414 0.6762613 0.7075223 -0.1378679 -0.693107 0.7075275 -0.2704375 0.6528924 0.7075275 -0.0692681 -0.7032881 0.7075222 -0.333108 0.6232028 0.7075715 0 -0.7066805 0.7075328 -0.3926129 0.5875883 0.7075275 0.0692631 -0.7032334 0.7075772 -0.4483172 0.5462753 0.7075274 0.1378668 -0.6931018 0.7075328 -0.4997021 0.4997028 0.7075273 0.2051397 -0.6762562 0.7075275 -0.5462749 0.4483176 0.7075275 0.2704365 -0.6528927 0.7075275 -0.5875879 0.3926137 0.7075275 -3.24118e-7 0 1 -3.22556e-7 0 1 -3.2563e-7 0 1 -3.0953e-7 0 1 -3.05826e-7 -1.23898e-7 1 -2.99646e-7 0 1 -2.98055e-7 0 1 -3.5656e-7 0 1 -3.13799e-7 0 1 -2.95985e-7 0 1 -3.03366e-7 0 1 -3.70111e-7 1.57766e-7 1 -3.57694e-7 0 1 -2.75828e-7 0 1 -3.52536e-7 0 1 -3.38506e-7 0 1 -2.60022e-7 0 1 -3.63279e-7 0 1 -3.35608e-7 0 1 -2.75828e-7 0 1 -3.57694e-7 0 1 -3.70111e-7 -1.69097e-7 1 -3.03151e-7 0 1 -3.01478e-7 0 1 -3.13799e-7 -2.0957e-7 1 -3.58001e-7 -1.47351e-7 1 -3.03729e-7 1.63562e-7 1 -2.99646e-7 0 1 -3.05826e-7 0 1 -3.0953e-7 0 1 -3.2563e-7 0 1 -3.22556e-7 0 1 -3.24118e-7 0 1 -3.22556e-7 -1.418e-7 1 -3.2563e-7 0 1 -3.0953e-7 0 1 -3.05826e-7 0 1 -2.99646e-7 0 1 -2.98055e-7 0 1 -3.56559e-7 2.49494e-7 1 -3.13799e-7 1.9513e-7 1 -2.95985e-7 0 1 -3.03367e-7 0 1 -3.70111e-7 2.42314e-7 1 -3.57694e-7 1.23076e-7 1 -2.75828e-7 0 1 -3.52536e-7 0 1 -3.38506e-7 0 1 -2.60022e-7 0 1 -3.63279e-7 0 1 -3.35608e-7 0 1 -2.75828e-7 0 1 -3.57694e-7 0 1 -3.70111e-7 -1.2439e-7 1 -3.03151e-7 0 1 -3.01478e-7 0 1 -3.13799e-7 0 1 -3.58001e-7 0 1 -3.03729e-7 1.41284e-7 1 -2.99646e-7 0 1 -3.05826e-7 0 1 -3.0953e-7 0 1 -3.2563e-7 -1.69097e-7 1 -3.22556e-7 0 1 0.6957348 -5.57539e-7 0.7182987 0.6923807 0.06819325 0.7183027 0.6823593 0.1357292 0.718306 0.665777 0.2019609 0.7182986 0.6427719 0.2662448 0.7183022 0.6135771 0.3279626 0.7183062 0.5784825 0.3865289 0.718299 0.5378073 0.4413676 0.7183023 0.4919543 0.4919531 0.7183057 0.4413703 0.53781 0.7182984 0.3865276 0.5784793 0.7183023 0.3279663 0.6135815 0.7183007 0.2662446 0.6427719 0.7183023 0.2019605 0.6657773 0.7182983 0.1357282 0.6823541 0.7183111 0.06819397 0.6923812 0.7183021 0 0.6957354 0.7182983 -0.06819385 0.6923812 0.7183022 -0.1357312 0.6823647 0.7183005 -0.201962 0.6657769 0.7182984 -0.2662458 0.6427719 0.7183018 -0.3279606 0.6135728 0.7183108 -0.3865294 0.578483 0.7182983 -0.4413681 0.5378074 0.7183019 -0.4919539 0.4919539 0.7183055 -0.5378106 0.4413704 0.718298 -0.5784797 0.3865277 0.7183019 -0.613582 0.3279662 0.7183004 -0.6427669 0.2662429 0.7183074 -0.6657773 0.2019615 0.7182981 -0.6823595 0.1357299 0.7183057 -0.6923867 0.06819438 0.7182968 -0.6957357 -4.59247e-7 0.7182978 -0.6823598 -0.1357303 0.7183053 -0.665777 -0.2019617 0.7182984 -0.6427672 -0.2662429 0.7183071 -0.6135823 -0.3279654 0.7183005 -0.5784825 -0.3865298 0.7182984 -0.5378074 -0.4413682 0.7183017 -0.4919538 -0.4919541 0.7183054 -0.4413697 -0.5378109 0.7182982 -0.3865246 -0.5784751 0.7183073 -0.3279644 -0.6135768 0.7183056 -0.2662456 -0.6427718 0.7183021 -0.201962 -0.665777 0.7182983 -0.1357305 -0.6823592 0.7183058 -0.0681948 -0.6923865 0.7182969 -2.65969e-7 -0.69573 0.7183035 0.06819432 -0.6923865 0.718297 0.1357285 -0.6823541 0.718311 0.2019605 -0.6657772 0.7182986 0.2662444 -0.6427723 0.7183021 0.3279626 -0.6135774 0.7183059 0.3865323 -0.578487 0.7182935 0.4413682 -0.5378068 0.7183023 0.4919536 -0.4919536 0.718306 0.5378105 -0.4413697 0.7182986 0.5784799 -0.3865267 0.7183023 0.6135721 -0.3279615 0.718311 0.6427766 -0.2662474 0.7182971 0.6657772 -0.2019605 0.7182986 0.682359 -0.1357289 0.7183063 0.6923753 -0.06819307 0.7183079 0.5462747 0.4483179 0.7075275 0.6762561 -0.2051403 0.7075276 0.6528874 -0.2704352 0.707533 -0.6762564 -0.2051396 0.7075274 0.4997019 0.4997028 0.7075275 0.6930688 -0.1378604 0.7075664 -0.6528973 -0.2704393 0.7075222 0.4483164 0.5462757 0.7075276 0.7032882 -0.0692681 0.7075222 0.3926127 0.5875882 0.7075277 -0.5875558 -0.3925914 0.7075664 -0.6232369 -0.3331264 0.7075328 0.2704374 0.6528924 0.7075276 0.3331269 0.6232365 0.7075328 -0.5462757 -0.4483168 0.7075274 0.2051402 0.6762561 0.7075275 -0.4997032 -0.4997019 0.7075273 0.1378609 0.6930741 0.7075611 -0.4483173 -0.5462752 0.7075275 -0.3926163 -0.5875924 0.7075222 0.06926703 0.703283 0.7075275 -3.38949e-7 0.7066859 0.7075275 -0.3331292 -0.6232415 0.7075275 -0.06926822 0.7032828 0.7075275 -0.2704369 -0.6528926 0.7075275 -0.2051397 0.6762563 0.7075275 -0.1378561 0.693048 0.7075876 -0.2051397 -0.6762562 0.7075276 -0.2704365 0.6528927 0.7075275 -0.1378594 -0.6930691 0.7075663 -0.3331313 0.6232464 0.7075222 -1.43465e-7 -0.7066911 0.7075222 -0.06926709 -0.7032776 0.7075328 -0.3925926 0.5875553 0.7075662 0.1378579 -0.6930583 0.7075771 0.06926691 -0.7032777 0.7075328 -0.4483175 0.546275 0.7075274 -0.4997024 0.4997024 0.7075274 0.2051403 -0.6762561 0.7075276 -0.5462756 0.4483169 0.7075274 0.2704375 -0.6528923 0.7075275 -0.5875883 0.3926128 0.7075276 0.706686 4.72348e-7 0.7075275 0.3331295 -0.6232412 0.7075275 -0.6528975 0.2704395 0.707522 -0.6232367 0.3331273 0.7075326 0.7032828 0.06926822 0.7075276 0.4483171 -0.5462752 0.7075276 0.3925889 -0.5875511 0.7075718 0.6931068 0.1378681 0.7075277 0.4997018 -0.4997026 0.7075278 -0.6762565 0.2051394 0.7075273 0.6762558 0.2051405 0.7075278 0.5462748 -0.4483175 0.7075276 -0.6930691 0.1378594 0.7075663 0.6528922 0.2704376 0.7075276 0.5875878 -0.3926136 0.7075275 -0.7066859 5.68412e-7 0.7075276 -0.7032776 0.06926703 0.7075328 0.6232412 0.3331291 0.7075278 0.6232458 -0.3331319 0.7075223 0.5875551 0.392592 0.7075667 9.11635e-6 -1.97402e-7 1 1.01171e-5 2.23902e-6 1 9.11612e-6 -8.8709e-7 1 -1.75473e-7 1.29337e-7 1 -1.67887e-7 0 1 -1.67887e-7 0 1 2.47062e-6 -5.28213e-6 1 2.03013e-6 -2.09228e-5 1 3.11843e-6 6.65508e-5 1 9.01082e-6 -8.94325e-5 1 9.43909e-6 -4.74184e-6 1 9.22492e-6 0 1 9.40931e-6 0 1 2.47062e-6 -9.47788e-6 1 2.03013e-6 0 1 9.40919e-6 1.33101e-4 1 9.22502e-6 2.14621e-6 1 9.84722e-6 0 1 9.87845e-6 -8.65585e-5 1 9.78539e-6 0 1 1.01173e-5 -1.12079e-6 1 1.16952e-5 0 1 1.42728e-6 0 1 -3.6206e-7 6.64087e-7 1 0 -6.94939e-7 1 0 0 1 -1.58879e-7 0 1 -1.56036e-7 0 1 9.22505e-6 -8.54346e-5 1 9.78539e-6 1.33101e-4 1 9.84712e-6 -8.54356e-5 1 1.10781e-5 -1.06902e-6 1 9.01076e-6 0 1 -3.86079e-7 0 1 -2.11643e-7 0 1 0 5.2804e-7 1 0 0 1 -2.11642e-7 0 1 0 0 1 0 0 1 -1.46203e-7 0 1 -2.46869e-7 0 1 -1.44165e-7 0 1 -1.48001e-7 0 1 -1.56022e-7 1.38977e-6 1 -1.55548e-7 0 1 -1.53926e-7 -3.01964e-7 1 0 -5.2804e-7 1 0 0 1 -3.84401e-7 0 1 0 -1.24781e-5 1 1.42703e-6 -3.32751e-5 1 -2.60415e-5 6.655e-5 1 7.68011e-6 -3.42802e-6 1 1.15773e-5 0 1 -2.60424e-5 -6.65514e-5 1 3.11839e-6 6.655e-5 1 9.41779e-6 2.1504e-6 1 2.03015e-6 2.16405e-5 1 1.15773e-5 -1.07247e-6 1 -2.60429e-5 -1.33105e-4 1 2.03015e-6 0 1 9.41779e-6 2.0082e-6 1 0 0 1 0 1.05611e-6 1 -5.38431e-7 2.11212e-6 1 -1.75472e-7 0 1 -5.38452e-7 -3.16835e-6 1 -1.65211e-7 0 1 -3.6206e-7 1.32817e-6 1 0 -1.38987e-6 1 0 5.27272e-6 1 1.73034e-6 2.1359e-5 1 9.80693e-6 3.58075e-6 1 9.87845e-6 8.36878e-5 1 1.73029e-6 5.36541e-7 1 1.42723e-6 3.32745e-5 1 1.16952e-5 8.93438e-7 1 0 0 1 0 4.15949e-6 1 1.427e-6 0 1 1.73034e-6 0 1 3.11845e-6 6.65514e-5 1 7.68014e-6 -3.7928e-6 1 9.4391e-6 1.45111e-6 1 9.01083e-6 0 1 9.80695e-6 -2.17189e-6 1 9.40935e-6 0 1 9.22493e-6 0 1 9.01078e-6 0 1 1.10781e-5 -2.13808e-6 1 3.11836e-6 6.65494e-5 1 1.7303e-6 0 1 0 1.79418e-7 1 -1.46203e-7 0 1 -2.46869e-7 -6.18528e-7 1 0 2.0337e-6 1 -5.38454e-7 -3.16836e-6 1 -1.65211e-7 0 1 -1.44165e-7 -2.11217e-6 1 -1.48001e-7 0 1 -1.51417e-7 0 1 -1.58879e-7 0 1 -1.56036e-7 2.11221e-6 1 -1.56022e-7 -1.35572e-6 1 -1.55548e-7 0 1 -1.53926e-7 3.01964e-7 1 -1.44161e-7 -2.11222e-6 1 -1.74309e-7 0 1 -1.2881e-7 0 1 0 -5.28049e-7 1 0 6.8639e-7 1 -3.84401e-7 3.66208e-7 1 -3.86079e-7 0 1 0 0 1 0 1.33878e-6 1 -1.51418e-7 -1.37372e-6 1 -1.4416e-7 2.11221e-6 1 -1.74309e-7 3.75723e-7 1 -5.38436e-7 2.11214e-6 1 -1.2881e-7 -1.32051e-7 1</float_array>
          <technique_common>
            <accessor source="#Cylinder_004-mesh-normals-array" count="759" stride="3">
              <param name="X" type="float"/>
              <param name="Y" type="float"/>
              <param name="Z" type="float"/>
            </accessor>
          </technique_common>
        </source>
        <source id="Cylinder_004-mesh-map-0">
          <float_array id="Cylinder_004-mesh-map-0-array" count="9192">1 1 0.984375 0.5 1 0.5 0.984375 1 0.96875 0.5 0.984375 0.5 0.96875 1 0.953125 0.5 0.96875 0.5 0.953125 1 0.9375 0.5 0.953125 0.5 0.9375 1 0.921875 0.5 0.9375 0.5 0.921875 0.5 0.90625 1 0.90625 0.5 0.90625 1 0.890625 0.5 0.90625 0.5 0.890625 1 0.875 0.5 0.890625 0.5 0.875 0.5 0.859375 1 0.859375 0.5 0.859375 1 0.84375 0.5 0.859375 0.5 0.84375 1 0.828125 0.5 0.84375 0.5 0.828125 1 0.8125 0.5 0.828125 0.5 0.8125 1 0.796875 0.5 0.8125 0.5 0.796875 1 0.78125 0.5 0.796875 0.5 0.78125 0.5 0.765625 1 0.765625 0.5 0.765625 1 0.75 0.5 0.765625 0.5 0.75 1 0.734375 0.5 0.75 0.5 0.734375 0.5 0.71875 1 0.71875 0.5 0.71875 1 0.703125 0.5 0.71875 0.5 0.703125 1 0.6875 0.5 0.703125 0.5 0.6875 1 0.671875 0.5 0.6875 0.5 0.671875 1 0.65625 0.5 0.671875 0.5 0.65625 1 0.640625 0.5 0.65625 0.5 0.640625 0.5 0.625 1 0.625 0.5 0.625 1 0.609375 0.5 0.625 0.5 0.609375 1 0.59375 0.5 0.609375 0.5 0.59375 0.5 0.578125 1 0.578125 0.5 0.578125 1 0.5625 0.5 0.578125 0.5 0.5625 1 0.546875 0.5 0.5625 0.5 0.546875 1 0.53125 0.5 0.546875 0.5 0.53125 1 0.515625 0.5 0.53125 0.5 0.515625 1 0.5 0.5 0.515625 0.5 0.5 1 0.484375 0.5 0.5 0.5 0.484375 0.5 0.46875 1 0.46875 0.5 0.46875 0.5 0.453125 1 0.453125 0.5 0.453125 0.5 0.4375 1 0.4375 0.5 0.4375 0.5 0.421875 1 0.421875 0.5 0.421875 1 0.40625 0.5 0.421875 0.5 0.40625 0.5 0.390625 1 0.390625 0.5 0.390625 0.5 0.375 1 0.375 0.5 0.375 1 0.359375 0.5 0.375 0.5 0.359375 0.5 0.34375 1 0.34375 0.5 0.34375 1 0.328125 0.5 0.34375 0.5 0.328125 1 0.3125 0.5 0.328125 0.5 0.3125 1 0.296875 0.5 0.3125 0.5 0.296875 1 0.28125 0.5 0.296875 0.5 0.28125 1 0.265625 0.5 0.28125 0.5 0.265625 0.5 0.25 1 0.25 0.5 0.25 0.5 0.234375 1 0.234375 0.5 0.234375 1 0.21875 0.5 0.234375 0.5 0.21875 1 0.203125 0.5 0.21875 0.5 0.203125 1 0.1875 0.5 0.203125 0.5 0.1875 1 0.171875 0.5 0.1875 0.5 0.171875 1 0.15625 0.5 0.171875 0.5 0.15625 0.5 0.140625 1 0.140625 0.5 0.140625 1 0.125 0.5 0.140625 0.5 0.125 0.5 0.109375 1 0.109375 0.5 0.109375 0.5 0.09375 1 0.09375 0.5 0.09375 1 0.078125 0.5 0.09375 0.5 0.078125 0.5 0.0625 1 0.0625 0.5 0.0625 0.5 0.046875 1 0.046875 0.5 0.046875 0.5 0.03125 1 0.03125 0.5 0.1392681 0.2958664 0.144297 0.3064992 0.144297 0.3064992 0.03125 0.5 0.015625 1 0.015625 0.5 0.015625 1 0 0.5 0.015625 0.5 0.7382519 0.1307218 0.7266173 0.1324477 0.7382519 0.1307218 0.75 0.4499516 0.7735241 0.4888443 0.7695984 0.4489889 0.2499999 0.4499516 0.2735241 0.4888443 0.25 0.49 0.7890084 0.4461096 0.7735241 0.4888443 0.7968217 0.4853885 0.2890086 0.4461097 0.2735241 0.4888443 0.2695987 0.448989 0.8080429 0.4413418 0.7968217 0.4853885 0.8196683 0.4796657 0.3080429 0.4413419 0.2968217 0.4853885 0.2890086 0.4461097 0.8080429 0.4413418 0.841844 0.4717311 0.8265181 0.4347313 0.3080429 0.4413419 0.341844 0.4717311 0.3196683 0.4796657 0.8265181 0.4347313 0.8631352 0.4616611 0.8442564 0.4263417 0.3265182 0.4347314 0.3631352 0.4616611 0.341844 0.4717311 0.8610872 0.4162536 0.8631352 0.4616611 0.8833369 0.4495527 0.3610873 0.4162538 0.3631352 0.4616611 0.3442566 0.4263417 0.8768481 0.4045648 0.8833369 0.4495527 0.9022544 0.4355225 0.3768481 0.4045647 0.3833369 0.4495527 0.3610873 0.4162538 0.8768481 0.4045648 0.9197056 0.4197056 0.8913874 0.3913872 0.3768481 0.4045647 0.4197056 0.4197056 0.4022544 0.4355225 0.9045647 0.376848 0.9197056 0.4197056 0.9355225 0.4022544 0.4045647 0.3768481 0.4197056 0.4197056 0.3913872 0.3913872 0.9045647 0.376848 0.9495527 0.3833369 0.9162539 0.3610872 0.4162538 0.3610873 0.4355225 0.4022544 0.4045647 0.3768481 0.9162539 0.3610872 0.9616611 0.3631352 0.9263415 0.3442565 0.4162538 0.3610873 0.4616611 0.3631352 0.4495527 0.3833369 0.9347314 0.3265182 0.9616611 0.3631352 0.9717311 0.341844 0.4347313 0.3265182 0.4616611 0.3631352 0.4263418 0.3442566 0.9347314 0.3265182 0.9796657 0.3196683 0.9413421 0.3080428 0.4413419 0.308043 0.4717311 0.341844 0.4347313 0.3265182 0.9413421 0.3080428 0.9853885 0.2968217 0.9461097 0.2890087 0.4413419 0.308043 0.4853885 0.2968217 0.4796657 0.3196683 0.948989 0.2695987 0.9853885 0.2968217 0.9888443 0.2735241 0.4489889 0.2695987 0.4853885 0.2968217 0.4461097 0.2890086 0.949952 0.25 0.9888443 0.2735241 0.99 0.25 0.4499518 0.25 0.4888443 0.2735241 0.4489889 0.2695987 0.949952 0.25 0.9888443 0.2264758 0.948989 0.2304013 0.4499518 0.25 0.4888443 0.2264758 0.49 0.25 0.9461097 0.2109913 0.9888443 0.2264758 0.9853885 0.2031783 0.4461098 0.2109913 0.4888443 0.2264758 0.4489889 0.2304013 0.9461097 0.2109913 0.9796657 0.1803317 0.9413419 0.1919571 0.4413419 0.1919571 0.4853885 0.2031783 0.4461098 0.2109913 0.9413419 0.1919571 0.9717311 0.1581559 0.9347312 0.1734817 0.4347314 0.1734818 0.4796657 0.1803317 0.4413419 0.1919571 0.9347312 0.1734817 0.9616611 0.1368647 0.9263416 0.1557434 0.4347314 0.1734818 0.4616611 0.1368647 0.4717311 0.1581559 0.9162539 0.1389127 0.9616611 0.1368647 0.9495527 0.1166631 0.4162538 0.1389127 0.4616611 0.1368647 0.4263417 0.1557433 0.9045648 0.1231519 0.9495527 0.1166631 0.9355225 0.09774559 0.4045649 0.123152 0.4495527 0.1166631 0.4162538 0.1389127 0.9045648 0.1231519 0.9197056 0.08029437 0.8913872 0.1086127 0.4045649 0.123152 0.4197056 0.08029437 0.4355225 0.09774559 0.8768481 0.0954352 0.9197056 0.08029437 0.9022544 0.0644775 0.3768481 0.0954352 0.4197056 0.08029437 0.3913872 0.1086128 0.8768481 0.0954352 0.8833369 0.05044728 0.8610871 0.08374619 0.3610872 0.08374619 0.4022544 0.0644775 0.3768481 0.0954352 0.8610871 0.08374619 0.8631352 0.03833889 0.8442564 0.07365828 0.3610872 0.08374619 0.3631352 0.03833889 0.3833369 0.05044728 0.8265182 0.06526863 0.8631352 0.03833889 0.841844 0.02826887 0.3265182 0.06526863 0.3631352 0.03833889 0.3442566 0.07365828 0.808043 0.05865806 0.841844 0.02826887 0.8196683 0.0203343 0.3080429 0.05865806 0.341844 0.02826887 0.3265182 0.06526863 0.808043 0.05865806 0.7968217 0.01461154 0.7890086 0.05389022 0.3080429 0.05865806 0.2968217 0.01461154 0.3196683 0.0203343 0.7695986 0.05101102 0.7968217 0.01461154 0.7735241 0.01115566 0.2695987 0.05101102 0.2968217 0.01461154 0.2890086 0.05389022 0.75 0.05004823 0.7735241 0.01115566 0.75 0.00999999 0.25 0.05004823 0.2735241 0.01115566 0.2695987 0.05101102 0.75 0.05004823 0.7264759 0.01115566 0.7304012 0.05101102 0.25 0.05004823 0.2264758 0.01115566 0.25 0.00999999 0.7109913 0.05389022 0.7264759 0.01115566 0.7031784 0.01461154 0.2109913 0.05389022 0.2264758 0.01115566 0.2304013 0.05101102 0.6919572 0.05865806 0.7031784 0.01461154 0.6803317 0.0203343 0.1919571 0.05865806 0.2031783 0.01461154 0.2109913 0.05389022 0.6919572 0.05865806 0.658156 0.02826887 0.6734818 0.06526863 0.1919571 0.05865806 0.1581559 0.02826887 0.1803317 0.0203343 0.6734818 0.06526863 0.6368648 0.03833889 0.6557436 0.07365828 0.1734817 0.06526863 0.1368647 0.03833889 0.1581559 0.02826887 0.6389128 0.08374619 0.6368648 0.03833889 0.6166632 0.05044728 0.1389127 0.08374619 0.1368647 0.03833889 0.1557434 0.07365828 0.6231521 0.0954352 0.6166632 0.05044728 0.5977456 0.0644775 0.1231519 0.0954352 0.1166631 0.05044728 0.1389127 0.08374619 0.6231521 0.0954352 0.5802944 0.08029437 0.6086129 0.1086128 0.1231519 0.0954352 0.08029437 0.08029437 0.09774559 0.0644775 0.5954355 0.123152 0.5802944 0.08029437 0.5644775 0.09774559 0.09543514 0.1231519 0.08029437 0.08029437 0.1086128 0.1086128 0.5954355 0.123152 0.5504473 0.1166631 0.5837463 0.1389127 0.08374613 0.1389127 0.0644775 0.09774559 0.09543514 0.1231519 0.5837463 0.1389127 0.5383389 0.1368647 0.5736583 0.1557434 0.08374613 0.1389127 0.03833889 0.1368647 0.05044728 0.1166631 0.5652686 0.1734817 0.5383389 0.1368647 0.5282689 0.1581559 0.06526863 0.1734817 0.03833889 0.1368647 0.07365828 0.1557434 0.5586581 0.1919571 0.5282689 0.1581559 0.5203343 0.1803317 0.05865806 0.1919571 0.02826887 0.1581559 0.06526863 0.1734817 0.5586581 0.1919571 0.5146116 0.2031783 0.5538903 0.2109913 0.05865806 0.1919571 0.01461154 0.2031783 0.0203343 0.1803317 0.5510112 0.2304013 0.5146116 0.2031783 0.5111557 0.2264758 0.05101102 0.2304013 0.01461154 0.2031783 0.05389022 0.2109913 0.5500483 0.2500001 0.5111557 0.2264758 0.51 0.25 0.05004823 0.25 0.01115566 0.2264758 0.05101102 0.2304013 0.5500483 0.2500001 0.5111557 0.2735241 0.5510112 0.2695987 0.05004823 0.25 0.01115566 0.2735241 0.00999999 0.25 0.5538903 0.2890087 0.5111557 0.2735241 0.5146116 0.2968217 0.05389022 0.2890088 0.01115566 0.2735241 0.05101102 0.2695987 0.5586581 0.308043 0.5146116 0.2968217 0.5203343 0.3196683 0.05865806 0.3080429 0.01461154 0.2968217 0.05389022 0.2890088 0.5586581 0.308043 0.5282689 0.341844 0.5652688 0.3265182 0.05865806 0.3080429 0.02826887 0.341844 0.0203343 0.3196683 0.5652688 0.3265182 0.5383389 0.3631352 0.5736582 0.3442566 0.06526863 0.3265182 0.03833889 0.3631352 0.02826887 0.341844 0.5837462 0.3610873 0.5383389 0.3631352 0.5504473 0.3833369 0.08374619 0.3610872 0.03833889 0.3631352 0.07365828 0.3442565 0.5954351 0.3768481 0.5504473 0.3833369 0.5644775 0.4022544 0.09543514 0.376848 0.05044728 0.3833369 0.08374619 0.3610872 0.5954351 0.3768481 0.5802944 0.4197056 0.6086127 0.3913872 0.09543514 0.376848 0.08029437 0.4197056 0.0644775 0.4022544 0.6231519 0.4045647 0.5802944 0.4197056 0.5977456 0.4355225 0.1231519 0.4045648 0.08029437 0.4197056 0.1086128 0.3913872 0.6231519 0.4045647 0.6166632 0.4495527 0.6389127 0.4162538 0.1389127 0.4162536 0.09774559 0.4355225 0.1231519 0.4045648 0.6389127 0.4162538 0.6368648 0.4616611 0.6557434 0.4263417 0.1389127 0.4162536 0.1368647 0.4616611 0.1166631 0.4495527 0.6734818 0.4347313 0.6368648 0.4616611 0.658156 0.4717311 0.1734817 0.4347313 0.1368647 0.4616611 0.1557434 0.4263417 0.6919571 0.4413419 0.658156 0.4717311 0.6803317 0.4796657 0.1919571 0.4413418 0.1581559 0.4717311 0.1734817 0.4347313 0.6919571 0.4413419 0.7031784 0.4853885 0.7109913 0.4461097 0.1919571 0.4413418 0.2031783 0.4853885 0.1803317 0.4796657 0.7304013 0.4489889 0.7031784 0.4853885 0.7264759 0.4888443 0.2304013 0.4489889 0.2031783 0.4853885 0.2109913 0.4461096 0.75 0.4499516 0.7264759 0.4888443 0.75 0.49 0.2499999 0.4499516 0.2264758 0.4888443 0.2304013 0.4489889 0.25 0.4099035 0.2695987 0.448989 0.2499999 0.4499516 0.2811957 0.4068311 0.2695987 0.448989 0.2656733 0.4091335 0.2964175 0.4030181 0.2890086 0.4461097 0.2811957 0.4068311 0.2964175 0.4030181 0.3265182 0.4347314 0.3080429 0.4413419 0.3111924 0.3977316 0.3442566 0.4263417 0.3265182 0.4347314 0.3388376 0.3829548 0.3442566 0.4263417 0.325378 0.3910223 0.3514417 0.3736071 0.3610873 0.4162538 0.3388376 0.3829548 0.3514417 0.3736071 0.3913872 0.3913872 0.3768481 0.4045647 0.3736071 0.3514417 0.3913872 0.3913872 0.3630689 0.3630689 0.3736071 0.3514417 0.4162538 0.3610873 0.4045647 0.3768481 0.3829549 0.3388376 0.4263418 0.3442566 0.4162538 0.3610873 0.3977316 0.3111924 0.4263418 0.3442566 0.3910223 0.325378 0.4030181 0.2964175 0.4347313 0.3265182 0.3977316 0.3111924 0.4030181 0.2964175 0.4461097 0.2890086 0.4413419 0.308043 0.4091336 0.2656733 0.4461097 0.2890086 0.406831 0.2811957 0.4099035 0.25 0.4489889 0.2695987 0.4091336 0.2656733 0.4099035 0.25 0.4489889 0.2304013 0.4499518 0.25 0.406831 0.2188043 0.4489889 0.2304013 0.4091336 0.2343268 0.4030181 0.2035825 0.4461098 0.2109913 0.406831 0.2188043 0.4030181 0.2035825 0.4347314 0.1734818 0.4413419 0.1919571 0.3977317 0.1888076 0.4263417 0.1557433 0.4347314 0.1734818 0.3829549 0.1611623 0.4263417 0.1557433 0.3910223 0.1746219 0.3736072 0.1485583 0.4162538 0.1389127 0.3829549 0.1611623 0.3736072 0.1485583 0.3913872 0.1086128 0.4045649 0.123152 0.3514418 0.1263929 0.3913872 0.1086128 0.3630689 0.1369311 0.3514418 0.1263929 0.3610872 0.08374619 0.3768481 0.0954352 0.3388377 0.1170451 0.3442566 0.07365828 0.3610872 0.08374619 0.3111924 0.1022684 0.3442566 0.07365828 0.325378 0.1089777 0.2964175 0.09698182 0.3265182 0.06526863 0.3111924 0.1022684 0.2964175 0.09698182 0.2890086 0.05389022 0.3080429 0.05865806 0.2656732 0.09086644 0.2890086 0.05389022 0.2811957 0.09316897 0.25 0.09009647 0.2695987 0.05101102 0.2656732 0.09086644 0.25 0.09009647 0.2304013 0.05101102 0.25 0.05004823 0.2188043 0.09316897 0.2304013 0.05101102 0.2343267 0.09086644 0.2035825 0.09698182 0.2109913 0.05389022 0.2188043 0.09316897 0.2035825 0.09698182 0.1734817 0.06526863 0.1919571 0.05865806 0.1888076 0.1022684 0.1557434 0.07365828 0.1734817 0.06526863 0.1611623 0.1170451 0.1557434 0.07365828 0.1746219 0.1089777 0.1485583 0.1263929 0.1389127 0.08374619 0.1611623 0.1170451 0.1485583 0.1263929 0.1086128 0.1086128 0.1231519 0.0954352 0.1263928 0.1485582 0.1086128 0.1086128 0.1369311 0.1369311 0.1263928 0.1485582 0.08374613 0.1389127 0.09543514 0.1231519 0.1170451 0.1611623 0.07365828 0.1557434 0.08374613 0.1389127 0.1022683 0.1888075 0.07365828 0.1557434 0.1089777 0.1746219 0.09698182 0.2035824 0.06526863 0.1734817 0.1022683 0.1888075 0.09698182 0.2035824 0.05389022 0.2109913 0.05865806 0.1919571 0.09086644 0.2343267 0.05389022 0.2109913 0.09316897 0.2188042 0.09009647 0.2499999 0.05101102 0.2304013 0.09086644 0.2343267 0.09009647 0.2499999 0.05101102 0.2695987 0.05004823 0.25 0.09316891 0.2811955 0.05101102 0.2695987 0.09086638 0.2656731 0.09698182 0.2964174 0.05389022 0.2890088 0.09316891 0.2811955 0.09698182 0.2964174 0.06526863 0.3265182 0.05865806 0.3080429 0.1022683 0.3111922 0.07365828 0.3442565 0.06526863 0.3265182 0.1170451 0.3388375 0.07365828 0.3442565 0.1089777 0.3253778 0.1263928 0.3514415 0.08374619 0.3610872 0.1170451 0.3388375 0.1263928 0.3514415 0.1086128 0.3913872 0.09543514 0.376848 0.1485583 0.373607 0.1086128 0.3913872 0.1369311 0.3630687 0.1485583 0.373607 0.1389127 0.4162536 0.1231519 0.4045648 0.1611623 0.3829547 0.1557434 0.4263417 0.1389127 0.4162536 0.1888075 0.3977316 0.1557434 0.4263417 0.1746219 0.3910221 0.2035824 0.4030179 0.1734817 0.4347313 0.1888075 0.3977316 0.2035824 0.4030179 0.2109913 0.4461096 0.1919571 0.4413418 0.2343268 0.4091336 0.2109913 0.4461096 0.2188044 0.406831 0.25 0.4099035 0.2304013 0.4489889 0.2343268 0.4091336 0.25 0.3698554 0.2656733 0.4091335 0.25 0.4099035 0.2617479 0.3692782 0.2811957 0.4068311 0.2656733 0.4091335 0.2847921 0.3646943 0.2811957 0.4068311 0.2733826 0.3675522 0.2847921 0.3646943 0.3111924 0.3977316 0.2964175 0.4030181 0.2958666 0.3607318 0.325378 0.3910223 0.3111924 0.3977316 0.3165881 0.3496561 0.325378 0.3910223 0.3064994 0.3557029 0.3165881 0.3496561 0.3514417 0.3736071 0.3388376 0.3829548 0.3260353 0.3426494 0.3630689 0.3630689 0.3514417 0.3736071 0.3426495 0.3260353 0.3630689 0.3630689 0.3347505 0.3347505 0.3426495 0.3260353 0.3829549 0.3388376 0.3736071 0.3514417 0.3496561 0.316588 0.3910223 0.325378 0.3829549 0.3388376 0.3607318 0.2958666 0.3910223 0.325378 0.3557029 0.3064994 0.3646943 0.2847922 0.3977316 0.3111924 0.3607318 0.2958666 0.3646943 0.2847922 0.406831 0.2811957 0.4030181 0.2964175 0.3692781 0.2617478 0.406831 0.2811957 0.3675523 0.2733826 0.3698554 0.25 0.4091336 0.2656733 0.3692781 0.2617478 0.3698554 0.25 0.4091336 0.2343268 0.4099035 0.25 0.3692782 0.2382522 0.406831 0.2188043 0.4091336 0.2343268 0.3646944 0.2152078 0.406831 0.2188043 0.3675523 0.2266173 0.3646944 0.2152078 0.3977317 0.1888076 0.4030181 0.2035825 0.3607319 0.2041334 0.3910223 0.1746219 0.3977317 0.1888076 0.3496559 0.1834119 0.3910223 0.1746219 0.3557029 0.1935005 0.3496559 0.1834119 0.3736072 0.1485583 0.3829549 0.1611623 0.3426494 0.1739646 0.3630689 0.1369311 0.3736072 0.1485583 0.3260354 0.1573505 0.3630689 0.1369311 0.3347504 0.1652495 0.3260354 0.1573505 0.3388377 0.1170451 0.3514418 0.1263929 0.316588 0.150344 0.325378 0.1089777 0.3388377 0.1170451 0.2958665 0.1392681 0.325378 0.1089777 0.3064993 0.1442971 0.2847922 0.1353056 0.3111924 0.1022684 0.2958665 0.1392681 0.2847922 0.1353056 0.2811957 0.09316897 0.2964175 0.09698182 0.2617477 0.1307218 0.2811957 0.09316897 0.2733826 0.1324477 0.25 0.1301447 0.2656732 0.09086644 0.2617477 0.1307218 0.25 0.1301447 0.2343267 0.09086644 0.25 0.09009647 0.2382521 0.1307218 0.2188043 0.09316897 0.2343267 0.09086644 0.2152078 0.1353056 0.2188043 0.09316897 0.2266172 0.1324477 0.2152078 0.1353056 0.1888076 0.1022684 0.2035825 0.09698182 0.2041333 0.1392681 0.1746219 0.1089777 0.1888076 0.1022684 0.1834119 0.1503439 0.1746219 0.1089777 0.1935005 0.144297 0.1834119 0.1503439 0.1485583 0.1263929 0.1611623 0.1170451 0.1739646 0.1573505 0.1369311 0.1369311 0.1485583 0.1263929 0.1573505 0.1739646 0.1369311 0.1369311 0.1652495 0.1652495 0.1573505 0.1739646 0.1170451 0.1611623 0.1263928 0.1485582 0.150344 0.183412 0.1089777 0.1746219 0.1170451 0.1611623 0.1392681 0.2041333 0.1089777 0.1746219 0.1442971 0.1935005 0.1353056 0.2152077 0.1022683 0.1888075 0.1392681 0.2041333 0.1353056 0.2152077 0.09316897 0.2188042 0.09698182 0.2035824 0.1307218 0.2382521 0.09316897 0.2188042 0.1324477 0.2266173 0.1301447 0.2499999 0.09086644 0.2343267 0.1307218 0.2382521 0.1301447 0.2499999 0.09086638 0.2656731 0.09009647 0.2499999 0.1307218 0.2617477 0.09316891 0.2811955 0.09086638 0.2656731 0.1353056 0.2847921 0.09316891 0.2811955 0.1324477 0.2733824 0.1353056 0.2847921 0.1022683 0.3111922 0.09698182 0.2964174 0.1392681 0.2958664 0.1089777 0.3253778 0.1022683 0.3111922 0.1503439 0.3165879 0.1089777 0.3253778 0.144297 0.3064992 0.1503439 0.3165879 0.1263928 0.3514415 0.1170451 0.3388375 0.1573505 0.3260353 0.1369311 0.3630687 0.1263928 0.3514415 0.1739646 0.3426492 0.1369311 0.3630687 0.1652495 0.3347504 0.1739646 0.3426492 0.1611623 0.3829547 0.1485583 0.373607 0.183412 0.3496558 0.1746219 0.3910221 0.1611623 0.3829547 0.2041333 0.3607318 0.1746219 0.3910221 0.1935005 0.3557029 0.2152078 0.3646944 0.1888075 0.3977316 0.2041333 0.3607318 0.2152078 0.3646944 0.2188044 0.406831 0.2035824 0.4030179 0.2382522 0.369278 0.2188044 0.406831 0.2266173 0.3675523 0.25 0.3698554 0.2343268 0.4091336 0.2382522 0.369278 0.316588 0.150344 0.3064993 0.1442971 0.3064993 0.1442971 0.2617479 0.3692782 0.25 0.3698554 0.2617479 0.3692782 0.144297 0.3064992 0.1503439 0.3165879 0.1503439 0.3165879 0.2958665 0.1392681 0.3064993 0.1442971 0.2958665 0.1392681 0.2617479 0.3692782 0.2733826 0.3675522 0.2733826 0.3675522 0.1573505 0.3260353 0.1503439 0.3165879 0.1573505 0.3260353 0.2958665 0.1392681 0.2847922 0.1353056 0.2847922 0.1353056 0.2733826 0.3675522 0.2847921 0.3646943 0.2847921 0.3646943 0.1652495 0.3347504 0.1573505 0.3260353 0.1652495 0.3347504 0.2847922 0.1353056 0.2733826 0.1324477 0.2733826 0.1324477 0.2847921 0.3646943 0.2958666 0.3607318 0.2958666 0.3607318 0.1739646 0.3426492 0.1652495 0.3347504 0.1739646 0.3426492 0.2733826 0.1324477 0.2617477 0.1307218 0.2617477 0.1307218 0.2958666 0.3607318 0.3064994 0.3557029 0.3064994 0.3557029 0.183412 0.3496558 0.1739646 0.3426492 0.183412 0.3496558 0.2617477 0.1307218 0.25 0.1301447 0.25 0.1301447 0.3064994 0.3557029 0.3165881 0.3496561 0.3165881 0.3496561 0.1935005 0.3557029 0.183412 0.3496558 0.1935005 0.3557029 0.25 0.1301447 0.2382521 0.1307218 0.2382521 0.1307218 0.3165881 0.3496561 0.3260353 0.3426494 0.3260353 0.3426494 0.1935005 0.3557029 0.2041333 0.3607318 0.2041333 0.3607318 0.2266172 0.1324477 0.2382521 0.1307218 0.2266172 0.1324477 0.3260353 0.3426494 0.3347505 0.3347505 0.3347505 0.3347505 0.2152078 0.3646944 0.2041333 0.3607318 0.2152078 0.3646944 0.2152078 0.1353056 0.2266172 0.1324477 0.2152078 0.1353056 0.3347505 0.3347505 0.3426495 0.3260353 0.3426495 0.3260353 0.2266173 0.3675523 0.2152078 0.3646944 0.2266173 0.3675523 0.2041333 0.1392681 0.2152078 0.1353056 0.2041333 0.1392681 0.3426495 0.3260353 0.3496561 0.316588 0.3496561 0.316588 0.2382522 0.369278 0.2266173 0.3675523 0.2382522 0.369278 0.2041333 0.1392681 0.1935005 0.144297 0.1935005 0.144297 0.3496561 0.316588 0.3557029 0.3064994 0.3557029 0.3064994 0.25 0.3698554 0.2382522 0.369278 0.25 0.3698554 0.1834119 0.1503439 0.1935005 0.144297 0.1834119 0.1503439 0.3607318 0.2958666 0.3557029 0.3064994 0.3607318 0.2958666 0.1739646 0.1573505 0.1834119 0.1503439 0.1739646 0.1573505 0.3646943 0.2847922 0.3607318 0.2958666 0.3646943 0.2847922 0.1652495 0.1652495 0.1739646 0.1573505 0.1652495 0.1652495 0.3675523 0.2733826 0.3646943 0.2847922 0.3675523 0.2733826 0.1573505 0.1739646 0.1652495 0.1652495 0.1573505 0.1739646 0.3675523 0.2733826 0.3692781 0.2617478 0.3692781 0.2617478 0.150344 0.183412 0.1573505 0.1739646 0.150344 0.183412 0.3692781 0.2617478 0.3698554 0.25 0.3698554 0.25 0.150344 0.183412 0.1442971 0.1935005 0.1442971 0.1935005 0.3698554 0.25 0.3692782 0.2382522 0.3692782 0.2382522 0.1442971 0.1935005 0.1392681 0.2041333 0.1392681 0.2041333 0.3692782 0.2382522 0.3675523 0.2266173 0.3675523 0.2266173 0.1392681 0.2041333 0.1353056 0.2152077 0.1353056 0.2152077 0.3675523 0.2266173 0.3646944 0.2152078 0.3646944 0.2152078 0.1353056 0.2152077 0.1324477 0.2266173 0.1324477 0.2266173 0.3607319 0.2041334 0.3646944 0.2152078 0.3607319 0.2041334 0.1324477 0.2266173 0.1307218 0.2382521 0.1307218 0.2382521 0.3557029 0.1935005 0.3607319 0.2041334 0.3557029 0.1935005 0.1301447 0.2499999 0.1307218 0.2382521 0.1301447 0.2499999 0.3557029 0.1935005 0.3496559 0.1834119 0.3496559 0.1834119 0.1301447 0.2499999 0.1307218 0.2617477 0.1307218 0.2617477 0.3496559 0.1834119 0.3426494 0.1739646 0.3426494 0.1739646 0.1324477 0.2733824 0.1307218 0.2617477 0.1324477 0.2733824 0.3426494 0.1739646 0.3347504 0.1652495 0.3347504 0.1652495 0.1324477 0.2733824 0.1353056 0.2847921 0.1353056 0.2847921 0.3347504 0.1652495 0.3260354 0.1573505 0.3260354 0.1573505 0.1353056 0.2847921 0.1392681 0.2958664 0.1392681 0.2958664 0.3260354 0.1573505 0.316588 0.150344 0.316588 0.150344 0.75 0.4099035 0.7695984 0.4489889 0.7656735 0.4091336 0.7811958 0.406831 0.7695984 0.4489889 0.7890084 0.4461096 0.7964175 0.403018 0.7890084 0.4461096 0.8080429 0.4413418 0.7964175 0.403018 0.8265181 0.4347313 0.8111922 0.3977316 0.8111922 0.3977316 0.8442564 0.4263417 0.8253781 0.3910223 0.8388376 0.3829548 0.8442564 0.4263417 0.8610872 0.4162536 0.8514416 0.373607 0.8610872 0.4162536 0.8768481 0.4045648 0.8514416 0.373607 0.8913874 0.3913872 0.8630682 0.3630686 0.8736066 0.3514415 0.8913874 0.3913872 0.9045647 0.376848 0.8736066 0.3514415 0.9162539 0.3610872 0.8829545 0.3388375 0.8829545 0.3388375 0.9263415 0.3442565 0.8910222 0.3253779 0.8977312 0.3111923 0.9263415 0.3442565 0.9347314 0.3265182 0.9030179 0.2964174 0.9347314 0.3265182 0.9413421 0.3080428 0.9030179 0.2964174 0.9461097 0.2890087 0.9068305 0.2811954 0.9091333 0.2656731 0.9461097 0.2890087 0.948989 0.2695987 0.9099033 0.2499999 0.948989 0.2695987 0.949952 0.25 0.9099033 0.2499999 0.948989 0.2304013 0.9091332 0.2343267 0.9068306 0.2188042 0.948989 0.2304013 0.9461097 0.2109913 0.9030178 0.2035824 0.9461097 0.2109913 0.9413419 0.1919571 0.9030178 0.2035824 0.9347312 0.1734817 0.8977313 0.1888075 0.8977313 0.1888075 0.9263416 0.1557434 0.8910219 0.1746219 0.8829547 0.1611623 0.9263416 0.1557434 0.9162539 0.1389127 0.8736068 0.1485583 0.9162539 0.1389127 0.9045648 0.1231519 0.8736068 0.1485583 0.8913872 0.1086127 0.8630684 0.1369311 0.8514418 0.1263929 0.8913872 0.1086127 0.8768481 0.0954352 0.8514418 0.1263929 0.8610871 0.08374619 0.8388375 0.1170451 0.8388375 0.1170451 0.8442564 0.07365828 0.825378 0.1089777 0.8111922 0.1022683 0.8442564 0.07365828 0.8265182 0.06526863 0.7964174 0.09698188 0.8265182 0.06526863 0.808043 0.05865806 0.7964174 0.09698188 0.7890086 0.05389022 0.7811955 0.09316897 0.7656732 0.09086644 0.7890086 0.05389022 0.7695986 0.05101102 0.7499999 0.09009647 0.7695986 0.05101102 0.75 0.05004823 0.7499999 0.09009647 0.7304012 0.05101102 0.7343267 0.09086644 0.7188044 0.09316897 0.7304012 0.05101102 0.7109913 0.05389022 0.7035825 0.09698182 0.7109913 0.05389022 0.6919572 0.05865806 0.7035825 0.09698182 0.6734818 0.06526863 0.6888076 0.1022684 0.6888076 0.1022684 0.6557436 0.07365828 0.674622 0.1089777 0.6611624 0.1170451 0.6557436 0.07365828 0.6389128 0.08374619 0.6485584 0.1263929 0.6389128 0.08374619 0.6231521 0.0954352 0.6485584 0.1263929 0.6086129 0.1086128 0.6369311 0.1369311 0.6263931 0.1485583 0.6086129 0.1086128 0.5954355 0.123152 0.6263931 0.1485583 0.5837463 0.1389127 0.6170451 0.1611623 0.6170451 0.1611623 0.5736583 0.1557434 0.6089777 0.1746219 0.6022685 0.1888076 0.5736583 0.1557434 0.5652686 0.1734817 0.5969819 0.2035825 0.5652686 0.1734817 0.5586581 0.1919571 0.5969819 0.2035825 0.5538903 0.2109913 0.593169 0.2188044 0.5908667 0.2343268 0.5538903 0.2109913 0.5510112 0.2304013 0.5900965 0.25 0.5510112 0.2304013 0.5500483 0.2500001 0.5900965 0.25 0.5510112 0.2695987 0.5908665 0.2656733 0.5931692 0.2811957 0.5510112 0.2695987 0.5538903 0.2890087 0.5969818 0.2964175 0.5538903 0.2890087 0.5586581 0.308043 0.5969818 0.2964175 0.5652688 0.3265182 0.6022685 0.3111924 0.6022685 0.3111924 0.5736582 0.3442566 0.6089777 0.325378 0.617045 0.3388377 0.5736582 0.3442566 0.5837462 0.3610873 0.6263929 0.3514417 0.5837462 0.3610873 0.5954351 0.3768481 0.6263929 0.3514417 0.6086127 0.3913872 0.6369311 0.3630688 0.6485583 0.3736071 0.6086127 0.3913872 0.6231519 0.4045647 0.6485583 0.3736071 0.6389127 0.4162538 0.6611623 0.3829548 0.6611623 0.3829548 0.6557434 0.4263417 0.674622 0.3910223 0.6888076 0.3977316 0.6557434 0.4263417 0.6734818 0.4347313 0.7035825 0.4030181 0.6734818 0.4347313 0.6919571 0.4413419 0.7035825 0.4030181 0.7109913 0.4461097 0.7188043 0.406831 0.734327 0.4091336 0.7109913 0.4461097 0.7304013 0.4489889 0.75 0.4099035 0.7304013 0.4489889 0.75 0.4499516 0.75 0.3698553 0.7656735 0.4091336 0.7617478 0.3692782 0.7617478 0.3692782 0.7811958 0.406831 0.7733828 0.3675523 0.7847924 0.3646944 0.7811958 0.406831 0.7964175 0.403018 0.7847924 0.3646944 0.8111922 0.3977316 0.7958666 0.3607318 0.7958666 0.3607318 0.8253781 0.3910223 0.8064993 0.3557029 0.816588 0.3496559 0.8253781 0.3910223 0.8388376 0.3829548 0.816588 0.3496559 0.8514416 0.373607 0.826035 0.3426492 0.826035 0.3426492 0.8630682 0.3630686 0.8347503 0.3347503 0.8426491 0.3260352 0.8630682 0.3630686 0.8736066 0.3514415 0.8426491 0.3260352 0.8829545 0.3388375 0.8496557 0.3165879 0.8496557 0.3165879 0.8910222 0.3253779 0.8557026 0.3064993 0.8607314 0.2958664 0.8910222 0.3253779 0.8977312 0.3111923 0.8646942 0.2847921 0.8977312 0.3111923 0.9030179 0.2964174 0.8646942 0.2847921 0.9068305 0.2811954 0.867552 0.2733824 0.8692778 0.2617477 0.9068305 0.2811954 0.9091333 0.2656731 0.8698549 0.2499998 0.9091333 0.2656731 0.9099033 0.2499999 0.8698549 0.2499998 0.9091332 0.2343267 0.8692776 0.2382521 0.8692776 0.2382521 0.9068306 0.2188042 0.867552 0.2266173 0.8646943 0.2152077 0.9068306 0.2188042 0.9030178 0.2035824 0.8646943 0.2152077 0.8977313 0.1888075 0.8607314 0.2041333 0.8607314 0.2041333 0.8910219 0.1746219 0.8557026 0.1935005 0.8496556 0.1834119 0.8910219 0.1746219 0.8829547 0.1611623 0.8496556 0.1834119 0.8736068 0.1485583 0.8426493 0.1739646 0.8426493 0.1739646 0.8630684 0.1369311 0.8347501 0.1652494 0.8260352 0.1573505 0.8630684 0.1369311 0.8514418 0.1263929 0.8260352 0.1573505 0.8388375 0.1170451 0.8165879 0.1503439 0.8165879 0.1503439 0.825378 0.1089777 0.8064994 0.1442971 0.7958664 0.1392681 0.825378 0.1089777 0.8111922 0.1022683 0.7847921 0.1353056 0.8111922 0.1022683 0.7964174 0.09698188 0.7847921 0.1353056 0.7811955 0.09316897 0.7733826 0.1324477 0.7617476 0.1307218 0.7811955 0.09316897 0.7656732 0.09086644 0.7499998 0.1301447 0.7656732 0.09086644 0.7499999 0.09009647 0.7499998 0.1301447 0.7343267 0.09086644 0.7382519 0.1307218 0.7382519 0.1307218 0.7188044 0.09316897 0.7266173 0.1324477 0.7152077 0.1353056 0.7188044 0.09316897 0.7035825 0.09698182 0.7152077 0.1353056 0.6888076 0.1022684 0.7041333 0.1392681 0.7041333 0.1392681 0.674622 0.1089777 0.6935006 0.1442971 0.6834117 0.150344 0.674622 0.1089777 0.6611624 0.1170451 0.6834117 0.150344 0.6485584 0.1263929 0.6739647 0.1573505 0.6739647 0.1573505 0.6369311 0.1369311 0.6652494 0.1652494 0.6573507 0.1739646 0.6369311 0.1369311 0.6263931 0.1485583 0.6573507 0.1739646 0.6170451 0.1611623 0.6503436 0.1834118 0.6503436 0.1834118 0.6089777 0.1746219 0.644297 0.1935006 0.6392683 0.2041334 0.6089777 0.1746219 0.6022685 0.1888076 0.6353056 0.2152078 0.6022685 0.1888076 0.5969819 0.2035825 0.6353056 0.2152078 0.593169 0.2188044 0.6324476 0.2266173 0.6307219 0.2382522 0.593169 0.2188044 0.5908667 0.2343268 0.6301447 0.25 0.5908667 0.2343268 0.5900965 0.25 0.6301447 0.25 0.5908665 0.2656733 0.6307219 0.2617479 0.6307219 0.2617479 0.5931692 0.2811957 0.6324478 0.2733827 0.6353057 0.2847923 0.5931692 0.2811957 0.5969818 0.2964175 0.6353057 0.2847923 0.6022685 0.3111924 0.6392681 0.2958666 0.6392681 0.2958666 0.6089777 0.325378 0.6442971 0.3064994 0.6503439 0.3165881 0.6089777 0.325378 0.617045 0.3388377 0.6503439 0.3165881 0.6263929 0.3514417 0.6573505 0.3260353 0.6573505 0.3260353 0.6369311 0.3630688 0.6652494 0.3347504 0.6739647 0.3426494 0.6369311 0.3630688 0.6485583 0.3736071 0.6739647 0.3426494 0.6611623 0.3829548 0.6834119 0.3496559 0.6834119 0.3496559 0.674622 0.3910223 0.6935006 0.3557029 0.7041335 0.3607318 0.674622 0.3910223 0.6888076 0.3977316 0.7152078 0.3646943 0.6888076 0.3977316 0.7035825 0.4030181 0.7152078 0.3646943 0.7188043 0.406831 0.7266175 0.3675523 0.7382521 0.3692781 0.7188043 0.406831 0.734327 0.4091336 0.75 0.3698553 0.734327 0.4091336 0.75 0.4099035 0.8347503 0.3347503 0.826035 0.3426492 0.826035 0.3426492 0.7041335 0.3607318 0.7152078 0.3646943 0.7041335 0.3607318 0.7266173 0.1324477 0.7152077 0.1353056 0.7266173 0.1324477 0.8426491 0.3260352 0.8347503 0.3347503 0.8347503 0.3347503 0.7152078 0.3646943 0.7266175 0.3675523 0.7152078 0.3646943 0.7152077 0.1353056 0.7041333 0.1392681 0.7152077 0.1353056 0.8496557 0.3165879 0.8426491 0.3260352 0.8426491 0.3260352 0.7266175 0.3675523 0.7382521 0.3692781 0.7266175 0.3675523 0.6935006 0.1442971 0.7041333 0.1392681 0.7041333 0.1392681 0.8557026 0.3064993 0.8496557 0.3165879 0.8496557 0.3165879 0.75 0.3698553 0.7382521 0.3692781 0.7382521 0.3692781 0.6935006 0.1442971 0.6834117 0.150344 0.6935006 0.1442971 0.8557026 0.3064993 0.8607314 0.2958664 0.8557026 0.3064993 0.6834117 0.150344 0.6739647 0.1573505 0.6834117 0.150344 0.8607314 0.2958664 0.8646942 0.2847921 0.8607314 0.2958664 0.6739647 0.1573505 0.6652494 0.1652494 0.6739647 0.1573505 0.8646942 0.2847921 0.867552 0.2733824 0.8646942 0.2847921 0.6652494 0.1652494 0.6573507 0.1739646 0.6652494 0.1652494 0.8692778 0.2617477 0.867552 0.2733824 0.867552 0.2733824 0.6573507 0.1739646 0.6503436 0.1834118 0.6573507 0.1739646 0.8698549 0.2499998 0.8692778 0.2617477 0.8692778 0.2617477 0.644297 0.1935006 0.6503436 0.1834118 0.6503436 0.1834118 0.8692776 0.2382521 0.8698549 0.2499998 0.8698549 0.2499998 0.6392683 0.2041334 0.644297 0.1935006 0.644297 0.1935006 0.867552 0.2266173 0.8692776 0.2382521 0.8692776 0.2382521 0.6353056 0.2152078 0.6392683 0.2041334 0.6392683 0.2041334 0.867552 0.2266173 0.8646943 0.2152077 0.867552 0.2266173 0.6324476 0.2266173 0.6353056 0.2152078 0.6353056 0.2152078 0.8646943 0.2152077 0.8607314 0.2041333 0.8646943 0.2152077 0.6307219 0.2382522 0.6324476 0.2266173 0.6324476 0.2266173 0.8607314 0.2041333 0.8557026 0.1935005 0.8607314 0.2041333 0.6307219 0.2382522 0.6301447 0.25 0.6307219 0.2382522 0.8496556 0.1834119 0.8557026 0.1935005 0.8557026 0.1935005 0.6307219 0.2617479 0.6301447 0.25 0.6301447 0.25 0.8426493 0.1739646 0.8496556 0.1834119 0.8496556 0.1834119 0.6307219 0.2617479 0.6324478 0.2733827 0.6307219 0.2617479 0.8347501 0.1652494 0.8426493 0.1739646 0.8426493 0.1739646 0.6353057 0.2847923 0.6324478 0.2733827 0.6324478 0.2733827 0.8260352 0.1573505 0.8347501 0.1652494 0.8347501 0.1652494 0.6392681 0.2958666 0.6353057 0.2847923 0.6353057 0.2847923 0.8165879 0.1503439 0.8260352 0.1573505 0.8260352 0.1573505 0.6442971 0.3064994 0.6392681 0.2958666 0.6392681 0.2958666 0.8064994 0.1442971 0.8165879 0.1503439 0.8165879 0.1503439 0.7617478 0.3692782 0.75 0.3698553 0.75 0.3698553 0.6503439 0.3165881 0.6442971 0.3064994 0.6442971 0.3064994 0.8064994 0.1442971 0.7958664 0.1392681 0.8064994 0.1442971 0.7733828 0.3675523 0.7617478 0.3692782 0.7617478 0.3692782 0.6503439 0.3165881 0.6573505 0.3260353 0.6503439 0.3165881 0.7847921 0.1353056 0.7958664 0.1392681 0.7958664 0.1392681 0.7847924 0.3646944 0.7733828 0.3675523 0.7733828 0.3675523 0.6573505 0.3260353 0.6652494 0.3347504 0.6573505 0.3260353 0.7733826 0.1324477 0.7847921 0.1353056 0.7847921 0.1353056 0.7958666 0.3607318 0.7847924 0.3646944 0.7847924 0.3646944 0.6652494 0.3347504 0.6739647 0.3426494 0.6652494 0.3347504 0.7617476 0.1307218 0.7733826 0.1324477 0.7733826 0.1324477 0.8064993 0.3557029 0.7958666 0.3607318 0.7958666 0.3607318 0.6739647 0.3426494 0.6834119 0.3496559 0.6739647 0.3426494 0.7617476 0.1307218 0.7499998 0.1301447 0.7617476 0.1307218 0.816588 0.3496559 0.8064993 0.3557029 0.8064993 0.3557029 0.6834119 0.3496559 0.6935006 0.3557029 0.6834119 0.3496559 0.7499998 0.1301447 0.7382519 0.1307218 0.7499998 0.1301447 0.826035 0.3426492 0.816588 0.3496559 0.816588 0.3496559 0.7041335 0.3607318 0.6935006 0.3557029 0.6935006 0.3557029 0.2266172 0.1324477 0.3675523 0.2266173 0.2733826 0.3675522 0.6573505 0.3260353 0.7382521 0.3692781 0.7617476 0.1307218 0.3165881 0.3496561 0.3064994 0.3557029 0.3064994 0.3557029 0.3260353 0.3426494 0.3165881 0.3496561 0.3165881 0.3496561 0.3557029 0.3064994 0.3496561 0.316588 0.3496561 0.316588 0.3607319 0.2041334 0.3646944 0.2152078 0.3646944 0.2152078 0.1834119 0.1503439 0.1935005 0.144297 0.1935005 0.144297 0.1353056 0.2152077 0.1392681 0.2041333 0.1392681 0.2041333 0.1301447 0.2499999 0.1307218 0.2382521 0.1307218 0.2382521 0.1307218 0.2617477 0.1301447 0.2499999 0.1301447 0.2499999 0.1324477 0.2733824 0.1307218 0.2617477 0.1307218 0.2617477 0.2266173 0.3675523 0.2152078 0.3646944 0.2152078 0.3646944 0.8347501 0.1652494 0.8260352 0.1573505 0.8260352 0.1573505 0.8260352 0.1573505 0.8165879 0.1503439 0.8165879 0.1503439 0.6307219 0.2382522 0.6301447 0.25 0.6301447 0.25 0.3646943 0.2847922 0.3607318 0.2958666 0.3607318 0.2958666 0.3692782 0.2382522 0.3698554 0.25 0.3698554 0.25 0.3496559 0.1834119 0.3557029 0.1935005 0.3557029 0.1935005 0.7733828 0.3675523 0.7847924 0.3646944 0.7847924 0.3646944 0.7847924 0.3646944 0.7958666 0.3607318 0.7958666 0.3607318 0.7617476 0.1307218 0.7499998 0.1301447 0.7499998 0.1301447 0.7152077 0.1353056 0.7041333 0.1392681 0.7041333 0.1392681 0.7041333 0.1392681 0.6935006 0.1442971 0.6935006 0.1442971 0.6739647 0.1573505 0.6652494 0.1652494 0.6652494 0.1652494 0.6392683 0.2041334 0.6353056 0.2152078 0.6353056 0.2152078 0.6307219 0.2617479 0.6324478 0.2733827 0.6324478 0.2733827 0.6324478 0.2733827 0.6353057 0.2847923 0.6353057 0.2847923 0.7041335 0.3607318 0.7152078 0.3646943 0.7152078 0.3646943 0.7152078 0.3646943 0.7266175 0.3675523 0.7266175 0.3675523 0.2733826 0.3675522 0.2617479 0.3692782 0.2617479 0.3692782 0.2847921 0.3646943 0.2733826 0.3675522 0.2733826 0.3675522 0.3426495 0.3260353 0.3347505 0.3347505 0.3347505 0.3347505 0.3347504 0.1652495 0.3426494 0.1739646 0.3426494 0.1739646 0.3260354 0.1573505 0.3347504 0.1652495 0.3347504 0.1652495 0.316588 0.150344 0.3260354 0.1573505 0.3260354 0.1573505 0.3064993 0.1442971 0.316588 0.150344 0.316588 0.150344 0.1652495 0.3347504 0.1573505 0.3260353 0.1573505 0.3260353 0.1935005 0.3557029 0.183412 0.3496558 0.183412 0.3496558 0.8064993 0.3557029 0.816588 0.3496559 0.816588 0.3496559 0.8496556 0.1834119 0.8426493 0.1739646 0.8426493 0.1739646 0.6503436 0.1834118 0.644297 0.1935006 0.644297 0.1935006 0.6573505 0.3260353 0.6652494 0.3347504 0.6652494 0.3347504 0.6652494 0.3347504 0.6739647 0.3426494 0.6739647 0.3426494 0.6739647 0.3426494 0.6834119 0.3496559 0.6834119 0.3496559 0.2617479 0.3692782 0.25 0.3698554 0.25 0.3698554 0.2958666 0.3607318 0.2847921 0.3646943 0.2847921 0.3646943 0.3064994 0.3557029 0.2958666 0.3607318 0.2958666 0.3607318 0.3347505 0.3347505 0.3260353 0.3426494 0.3260353 0.3426494 0.3496561 0.316588 0.3426495 0.3260353 0.3426495 0.3260353 0.3607318 0.2958666 0.3557029 0.3064994 0.3557029 0.3064994 0.3675523 0.2733826 0.3646943 0.2847922 0.3646943 0.2847922 0.3692781 0.2617478 0.3675523 0.2733826 0.3675523 0.2733826 0.3698554 0.25 0.3692781 0.2617478 0.3692781 0.2617478 0.3675523 0.2266173 0.3692782 0.2382522 0.3692782 0.2382522 0.3646944 0.2152078 0.3675523 0.2266173 0.3675523 0.2266173 0.3557029 0.1935005 0.3607319 0.2041334 0.3607319 0.2041334 0.3426494 0.1739646 0.3496559 0.1834119 0.3496559 0.1834119 0.2958665 0.1392681 0.3064993 0.1442971 0.3064993 0.1442971 0.2847922 0.1353056 0.2958665 0.1392681 0.2958665 0.1392681 0.2733826 0.1324477 0.2847922 0.1353056 0.2847922 0.1353056 0.2617477 0.1307218 0.2733826 0.1324477 0.2733826 0.1324477 0.25 0.1301447 0.2617477 0.1307218 0.2617477 0.1307218 0.2382521 0.1307218 0.25 0.1301447 0.25 0.1301447 0.2266172 0.1324477 0.2382521 0.1307218 0.2382521 0.1307218 0.2152078 0.1353056 0.2266172 0.1324477 0.2266172 0.1324477 0.2041333 0.1392681 0.2152078 0.1353056 0.2152078 0.1353056 0.1935005 0.144297 0.2041333 0.1392681 0.2041333 0.1392681 0.1739646 0.1573505 0.1834119 0.1503439 0.1834119 0.1503439 0.1652495 0.1652495 0.1739646 0.1573505 0.1739646 0.1573505 0.1573505 0.1739646 0.1652495 0.1652495 0.1652495 0.1652495 0.150344 0.183412 0.1573505 0.1739646 0.1573505 0.1739646 0.1442971 0.1935005 0.150344 0.183412 0.150344 0.183412 0.1392681 0.2041333 0.1442971 0.1935005 0.1442971 0.1935005 0.1324477 0.2266173 0.1353056 0.2152077 0.1353056 0.2152077 0.1307218 0.2382521 0.1324477 0.2266173 0.1324477 0.2266173 0.1353056 0.2847921 0.1324477 0.2733824 0.1324477 0.2733824 0.1392681 0.2958664 0.1353056 0.2847921 0.1353056 0.2847921 0.144297 0.3064992 0.1392681 0.2958664 0.1392681 0.2958664 0.1503439 0.3165879 0.144297 0.3064992 0.144297 0.3064992 0.1573505 0.3260353 0.1503439 0.3165879 0.1503439 0.3165879 0.1739646 0.3426492 0.1652495 0.3347504 0.1652495 0.3347504 0.183412 0.3496558 0.1739646 0.3426492 0.1739646 0.3426492 0.2041333 0.3607318 0.1935005 0.3557029 0.1935005 0.3557029 0.2152078 0.3646944 0.2041333 0.3607318 0.2041333 0.3607318 0.2382522 0.369278 0.2266173 0.3675523 0.2266173 0.3675523 0.25 0.3698554 0.2382522 0.369278 0.2382522 0.369278 0.75 0.3698553 0.7617478 0.3692782 0.7617478 0.3692782 0.7617478 0.3692782 0.7733828 0.3675523 0.7733828 0.3675523 0.7958666 0.3607318 0.8064993 0.3557029 0.8064993 0.3557029 0.816588 0.3496559 0.826035 0.3426492 0.826035 0.3426492 0.826035 0.3426492 0.8347503 0.3347503 0.8347503 0.3347503 0.8347503 0.3347503 0.8426491 0.3260352 0.8426491 0.3260352 0.8426491 0.3260352 0.8496557 0.3165879 0.8496557 0.3165879 0.8496557 0.3165879 0.8557026 0.3064993 0.8557026 0.3064993 0.8557026 0.3064993 0.8607314 0.2958664 0.8607314 0.2958664 0.8607314 0.2958664 0.8646942 0.2847921 0.8646942 0.2847921 0.8646942 0.2847921 0.867552 0.2733824 0.867552 0.2733824 0.867552 0.2733824 0.8692778 0.2617477 0.8692778 0.2617477 0.8692778 0.2617477 0.8698549 0.2499998 0.8698549 0.2499998 0.8698549 0.2499998 0.8692776 0.2382521 0.8692776 0.2382521 0.8692776 0.2382521 0.867552 0.2266173 0.867552 0.2266173 0.867552 0.2266173 0.8646943 0.2152077 0.8646943 0.2152077 0.8646943 0.2152077 0.8607314 0.2041333 0.8607314 0.2041333 0.8607314 0.2041333 0.8557026 0.1935005 0.8557026 0.1935005 0.8557026 0.1935005 0.8496556 0.1834119 0.8496556 0.1834119 0.8426493 0.1739646 0.8347501 0.1652494 0.8347501 0.1652494 0.8165879 0.1503439 0.8064994 0.1442971 0.8064994 0.1442971 0.8064994 0.1442971 0.7958664 0.1392681 0.7958664 0.1392681 0.7958664 0.1392681 0.7847921 0.1353056 0.7847921 0.1353056 0.7847921 0.1353056 0.7733826 0.1324477 0.7733826 0.1324477 0.7733826 0.1324477 0.7617476 0.1307218 0.7617476 0.1307218 0.7499998 0.1301447 0.7382519 0.1307218 0.7382519 0.1307218 0.7382519 0.1307218 0.7266173 0.1324477 0.7266173 0.1324477 0.7266173 0.1324477 0.7152077 0.1353056 0.7152077 0.1353056 0.6935006 0.1442971 0.6834117 0.150344 0.6834117 0.150344 0.6834117 0.150344 0.6739647 0.1573505 0.6739647 0.1573505 0.6652494 0.1652494 0.6573507 0.1739646 0.6573507 0.1739646 0.6573507 0.1739646 0.6503436 0.1834118 0.6503436 0.1834118 0.644297 0.1935006 0.6392683 0.2041334 0.6392683 0.2041334 0.6353056 0.2152078 0.6324476 0.2266173 0.6324476 0.2266173 0.6324476 0.2266173 0.6307219 0.2382522 0.6307219 0.2382522 0.6301447 0.25 0.6307219 0.2617479 0.6307219 0.2617479 0.6353057 0.2847923 0.6392681 0.2958666 0.6392681 0.2958666 0.6392681 0.2958666 0.6442971 0.3064994 0.6442971 0.3064994 0.6442971 0.3064994 0.6503439 0.3165881 0.6503439 0.3165881 0.6503439 0.3165881 0.6573505 0.3260353 0.6573505 0.3260353 0.6834119 0.3496559 0.6935006 0.3557029 0.6935006 0.3557029 0.6935006 0.3557029 0.7041335 0.3607318 0.7041335 0.3607318 0.7266175 0.3675523 0.7382521 0.3692781 0.7382521 0.3692781 0.7382521 0.3692781 0.75 0.3698553 0.75 0.3698553 1 1 0.984375 1 0.984375 0.5 0.984375 1 0.96875 1 0.96875 0.5 0.96875 1 0.953125 1 0.953125 0.5 0.953125 1 0.9375 1 0.9375 0.5 0.9375 1 0.921875 1 0.921875 0.5 0.921875 0.5 0.921875 1 0.90625 1 0.90625 1 0.890625 1 0.890625 0.5 0.890625 1 0.875 1 0.875 0.5 0.875 0.5 0.875 1 0.859375 1 0.859375 1 0.84375 1 0.84375 0.5 0.84375 1 0.828125 1 0.828125 0.5 0.828125 1 0.8125 1 0.8125 0.5 0.8125 1 0.796875 1 0.796875 0.5 0.796875 1 0.78125 1 0.78125 0.5 0.78125 0.5 0.78125 1 0.765625 1 0.765625 1 0.75 1 0.75 0.5 0.75 1 0.734375 1 0.734375 0.5 0.734375 0.5 0.734375 1 0.71875 1 0.71875 1 0.703125 1 0.703125 0.5 0.703125 1 0.6875 1 0.6875 0.5 0.6875 1 0.671875 1 0.671875 0.5 0.671875 1 0.65625 1 0.65625 0.5 0.65625 1 0.640625 1 0.640625 0.5 0.640625 0.5 0.640625 1 0.625 1 0.625 1 0.609375 1 0.609375 0.5 0.609375 1 0.59375 1 0.59375 0.5 0.59375 0.5 0.59375 1 0.578125 1 0.578125 1 0.5625 1 0.5625 0.5 0.5625 1 0.546875 1 0.546875 0.5 0.546875 1 0.53125 1 0.53125 0.5 0.53125 1 0.515625 1 0.515625 0.5 0.515625 1 0.5 1 0.5 0.5 0.5 1 0.484375 1 0.484375 0.5 0.484375 0.5 0.484375 1 0.46875 1 0.46875 0.5 0.46875 1 0.453125 1 0.453125 0.5 0.453125 1 0.4375 1 0.4375 0.5 0.4375 1 0.421875 1 0.421875 1 0.40625 1 0.40625 0.5 0.40625 0.5 0.40625 1 0.390625 1 0.390625 0.5 0.390625 1 0.375 1 0.375 1 0.359375 1 0.359375 0.5 0.359375 0.5 0.359375 1 0.34375 1 0.34375 1 0.328125 1 0.328125 0.5 0.328125 1 0.3125 1 0.3125 0.5 0.3125 1 0.296875 1 0.296875 0.5 0.296875 1 0.28125 1 0.28125 0.5 0.28125 1 0.265625 1 0.265625 0.5 0.265625 0.5 0.265625 1 0.25 1 0.25 0.5 0.25 1 0.234375 1 0.234375 1 0.21875 1 0.21875 0.5 0.21875 1 0.203125 1 0.203125 0.5 0.203125 1 0.1875 1 0.1875 0.5 0.1875 1 0.171875 1 0.171875 0.5 0.171875 1 0.15625 1 0.15625 0.5 0.15625 0.5 0.15625 1 0.140625 1 0.140625 1 0.125 1 0.125 0.5 0.125 0.5 0.125 1 0.109375 1 0.109375 0.5 0.109375 1 0.09375 1 0.09375 1 0.078125 1 0.078125 0.5 0.078125 0.5 0.078125 1 0.0625 1 0.0625 0.5 0.0625 1 0.046875 1 0.046875 0.5 0.046875 1 0.03125 1 0.1392681 0.2958664 0.1392681 0.2958664 0.144297 0.3064992 0.03125 0.5 0.03125 1 0.015625 1 0.015625 1 0 1 0 0.5 0.7382519 0.1307218 0.7266173 0.1324477 0.7266173 0.1324477 0.75 0.4499516 0.75 0.49 0.7735241 0.4888443 0.2499999 0.4499516 0.2695987 0.448989 0.2735241 0.4888443 0.7890084 0.4461096 0.7695984 0.4489889 0.7735241 0.4888443 0.2890086 0.4461097 0.2968217 0.4853885 0.2735241 0.4888443 0.8080429 0.4413418 0.7890084 0.4461096 0.7968217 0.4853885 0.3080429 0.4413419 0.3196683 0.4796657 0.2968217 0.4853885 0.8080429 0.4413418 0.8196683 0.4796657 0.841844 0.4717311 0.3080429 0.4413419 0.3265182 0.4347314 0.341844 0.4717311 0.8265181 0.4347313 0.841844 0.4717311 0.8631352 0.4616611 0.3265182 0.4347314 0.3442566 0.4263417 0.3631352 0.4616611 0.8610872 0.4162536 0.8442564 0.4263417 0.8631352 0.4616611 0.3610873 0.4162538 0.3833369 0.4495527 0.3631352 0.4616611 0.8768481 0.4045648 0.8610872 0.4162536 0.8833369 0.4495527 0.3768481 0.4045647 0.4022544 0.4355225 0.3833369 0.4495527 0.8768481 0.4045648 0.9022544 0.4355225 0.9197056 0.4197056 0.3768481 0.4045647 0.3913872 0.3913872 0.4197056 0.4197056 0.9045647 0.376848 0.8913874 0.3913872 0.9197056 0.4197056 0.4045647 0.3768481 0.4355225 0.4022544 0.4197056 0.4197056 0.9045647 0.376848 0.9355225 0.4022544 0.9495527 0.3833369 0.4162538 0.3610873 0.4495527 0.3833369 0.4355225 0.4022544 0.9162539 0.3610872 0.9495527 0.3833369 0.9616611 0.3631352 0.4162538 0.3610873 0.4263418 0.3442566 0.4616611 0.3631352 0.9347314 0.3265182 0.9263415 0.3442565 0.9616611 0.3631352 0.4347313 0.3265182 0.4717311 0.341844 0.4616611 0.3631352 0.9347314 0.3265182 0.9717311 0.341844 0.9796657 0.3196683 0.4413419 0.308043 0.4796657 0.3196683 0.4717311 0.341844 0.9413421 0.3080428 0.9796657 0.3196683 0.9853885 0.2968217 0.4413419 0.308043 0.4461097 0.2890086 0.4853885 0.2968217 0.948989 0.2695987 0.9461097 0.2890087 0.9853885 0.2968217 0.4489889 0.2695987 0.4888443 0.2735241 0.4853885 0.2968217 0.949952 0.25 0.948989 0.2695987 0.9888443 0.2735241 0.4499518 0.25 0.49 0.25 0.4888443 0.2735241 0.949952 0.25 0.99 0.25 0.9888443 0.2264758 0.4499518 0.25 0.4489889 0.2304013 0.4888443 0.2264758 0.9461097 0.2109913 0.948989 0.2304013 0.9888443 0.2264758 0.4461098 0.2109913 0.4853885 0.2031783 0.4888443 0.2264758 0.9461097 0.2109913 0.9853885 0.2031783 0.9796657 0.1803317 0.4413419 0.1919571 0.4796657 0.1803317 0.4853885 0.2031783 0.9413419 0.1919571 0.9796657 0.1803317 0.9717311 0.1581559 0.4347314 0.1734818 0.4717311 0.1581559 0.4796657 0.1803317 0.9347312 0.1734817 0.9717311 0.1581559 0.9616611 0.1368647 0.4347314 0.1734818 0.4263417 0.1557433 0.4616611 0.1368647 0.9162539 0.1389127 0.9263416 0.1557434 0.9616611 0.1368647 0.4162538 0.1389127 0.4495527 0.1166631 0.4616611 0.1368647 0.9045648 0.1231519 0.9162539 0.1389127 0.9495527 0.1166631 0.4045649 0.123152 0.4355225 0.09774559 0.4495527 0.1166631 0.9045648 0.1231519 0.9355225 0.09774559 0.9197056 0.08029437 0.4045649 0.123152 0.3913872 0.1086128 0.4197056 0.08029437 0.8768481 0.0954352 0.8913872 0.1086127 0.9197056 0.08029437 0.3768481 0.0954352 0.4022544 0.0644775 0.4197056 0.08029437 0.8768481 0.0954352 0.9022544 0.0644775 0.8833369 0.05044728 0.3610872 0.08374619 0.3833369 0.05044728 0.4022544 0.0644775 0.8610871 0.08374619 0.8833369 0.05044728 0.8631352 0.03833889 0.3610872 0.08374619 0.3442566 0.07365828 0.3631352 0.03833889 0.8265182 0.06526863 0.8442564 0.07365828 0.8631352 0.03833889 0.3265182 0.06526863 0.341844 0.02826887 0.3631352 0.03833889 0.808043 0.05865806 0.8265182 0.06526863 0.841844 0.02826887 0.3080429 0.05865806 0.3196683 0.0203343 0.341844 0.02826887 0.808043 0.05865806 0.8196683 0.0203343 0.7968217 0.01461154 0.3080429 0.05865806 0.2890086 0.05389022 0.2968217 0.01461154 0.7695986 0.05101102 0.7890086 0.05389022 0.7968217 0.01461154 0.2695987 0.05101102 0.2735241 0.01115566 0.2968217 0.01461154 0.75 0.05004823 0.7695986 0.05101102 0.7735241 0.01115566 0.25 0.05004823 0.25 0.00999999 0.2735241 0.01115566 0.75 0.05004823 0.75 0.00999999 0.7264759 0.01115566 0.25 0.05004823 0.2304013 0.05101102 0.2264758 0.01115566 0.7109913 0.05389022 0.7304012 0.05101102 0.7264759 0.01115566 0.2109913 0.05389022 0.2031783 0.01461154 0.2264758 0.01115566 0.6919572 0.05865806 0.7109913 0.05389022 0.7031784 0.01461154 0.1919571 0.05865806 0.1803317 0.0203343 0.2031783 0.01461154 0.6919572 0.05865806 0.6803317 0.0203343 0.658156 0.02826887 0.1919571 0.05865806 0.1734817 0.06526863 0.1581559 0.02826887 0.6734818 0.06526863 0.658156 0.02826887 0.6368648 0.03833889 0.1734817 0.06526863 0.1557434 0.07365828 0.1368647 0.03833889 0.6389128 0.08374619 0.6557436 0.07365828 0.6368648 0.03833889 0.1389127 0.08374619 0.1166631 0.05044728 0.1368647 0.03833889 0.6231521 0.0954352 0.6389128 0.08374619 0.6166632 0.05044728 0.1231519 0.0954352 0.09774559 0.0644775 0.1166631 0.05044728 0.6231521 0.0954352 0.5977456 0.0644775 0.5802944 0.08029437 0.1231519 0.0954352 0.1086128 0.1086128 0.08029437 0.08029437 0.5954355 0.123152 0.6086129 0.1086128 0.5802944 0.08029437 0.09543514 0.1231519 0.0644775 0.09774559 0.08029437 0.08029437 0.5954355 0.123152 0.5644775 0.09774559 0.5504473 0.1166631 0.08374613 0.1389127 0.05044728 0.1166631 0.0644775 0.09774559 0.5837463 0.1389127 0.5504473 0.1166631 0.5383389 0.1368647 0.08374613 0.1389127 0.07365828 0.1557434 0.03833889 0.1368647 0.5652686 0.1734817 0.5736583 0.1557434 0.5383389 0.1368647 0.06526863 0.1734817 0.02826887 0.1581559 0.03833889 0.1368647 0.5586581 0.1919571 0.5652686 0.1734817 0.5282689 0.1581559 0.05865806 0.1919571 0.0203343 0.1803317 0.02826887 0.1581559 0.5586581 0.1919571 0.5203343 0.1803317 0.5146116 0.2031783 0.05865806 0.1919571 0.05389022 0.2109913 0.01461154 0.2031783 0.5510112 0.2304013 0.5538903 0.2109913 0.5146116 0.2031783 0.05101102 0.2304013 0.01115566 0.2264758 0.01461154 0.2031783 0.5500483 0.2500001 0.5510112 0.2304013 0.5111557 0.2264758 0.05004823 0.25 0.00999999 0.25 0.01115566 0.2264758 0.5500483 0.2500001 0.51 0.25 0.5111557 0.2735241 0.05004823 0.25 0.05101102 0.2695987 0.01115566 0.2735241 0.5538903 0.2890087 0.5510112 0.2695987 0.5111557 0.2735241 0.05389022 0.2890088 0.01461154 0.2968217 0.01115566 0.2735241 0.5586581 0.308043 0.5538903 0.2890087 0.5146116 0.2968217 0.05865806 0.3080429 0.0203343 0.3196683 0.01461154 0.2968217 0.5586581 0.308043 0.5203343 0.3196683 0.5282689 0.341844 0.05865806 0.3080429 0.06526863 0.3265182 0.02826887 0.341844 0.5652688 0.3265182 0.5282689 0.341844 0.5383389 0.3631352 0.06526863 0.3265182 0.07365828 0.3442565 0.03833889 0.3631352 0.5837462 0.3610873 0.5736582 0.3442566 0.5383389 0.3631352 0.08374619 0.3610872 0.05044728 0.3833369 0.03833889 0.3631352 0.5954351 0.3768481 0.5837462 0.3610873 0.5504473 0.3833369 0.09543514 0.376848 0.0644775 0.4022544 0.05044728 0.3833369 0.5954351 0.3768481 0.5644775 0.4022544 0.5802944 0.4197056 0.09543514 0.376848 0.1086128 0.3913872 0.08029437 0.4197056 0.6231519 0.4045647 0.6086127 0.3913872 0.5802944 0.4197056 0.1231519 0.4045648 0.09774559 0.4355225 0.08029437 0.4197056 0.6231519 0.4045647 0.5977456 0.4355225 0.6166632 0.4495527 0.1389127 0.4162536 0.1166631 0.4495527 0.09774559 0.4355225 0.6389127 0.4162538 0.6166632 0.4495527 0.6368648 0.4616611 0.1389127 0.4162536 0.1557434 0.4263417 0.1368647 0.4616611 0.6734818 0.4347313 0.6557434 0.4263417 0.6368648 0.4616611 0.1734817 0.4347313 0.1581559 0.4717311 0.1368647 0.4616611 0.6919571 0.4413419 0.6734818 0.4347313 0.658156 0.4717311 0.1919571 0.4413418 0.1803317 0.4796657 0.1581559 0.4717311 0.6919571 0.4413419 0.6803317 0.4796657 0.7031784 0.4853885 0.1919571 0.4413418 0.2109913 0.4461096 0.2031783 0.4853885 0.7304013 0.4489889 0.7109913 0.4461097 0.7031784 0.4853885 0.2304013 0.4489889 0.2264758 0.4888443 0.2031783 0.4853885 0.75 0.4499516 0.7304013 0.4489889 0.7264759 0.4888443 0.2499999 0.4499516 0.25 0.49 0.2264758 0.4888443 0.25 0.4099035 0.2656733 0.4091335 0.2695987 0.448989 0.2811957 0.4068311 0.2890086 0.4461097 0.2695987 0.448989 0.2964175 0.4030181 0.3080429 0.4413419 0.2890086 0.4461097 0.2964175 0.4030181 0.3111924 0.3977316 0.3265182 0.4347314 0.3111924 0.3977316 0.325378 0.3910223 0.3442566 0.4263417 0.3388376 0.3829548 0.3610873 0.4162538 0.3442566 0.4263417 0.3514417 0.3736071 0.3768481 0.4045647 0.3610873 0.4162538 0.3514417 0.3736071 0.3630689 0.3630689 0.3913872 0.3913872 0.3736071 0.3514417 0.4045647 0.3768481 0.3913872 0.3913872 0.3736071 0.3514417 0.3829549 0.3388376 0.4162538 0.3610873 0.3829549 0.3388376 0.3910223 0.325378 0.4263418 0.3442566 0.3977316 0.3111924 0.4347313 0.3265182 0.4263418 0.3442566 0.4030181 0.2964175 0.4413419 0.308043 0.4347313 0.3265182 0.4030181 0.2964175 0.406831 0.2811957 0.4461097 0.2890086 0.4091336 0.2656733 0.4489889 0.2695987 0.4461097 0.2890086 0.4099035 0.25 0.4499518 0.25 0.4489889 0.2695987 0.4099035 0.25 0.4091336 0.2343268 0.4489889 0.2304013 0.406831 0.2188043 0.4461098 0.2109913 0.4489889 0.2304013 0.4030181 0.2035825 0.4413419 0.1919571 0.4461098 0.2109913 0.4030181 0.2035825 0.3977317 0.1888076 0.4347314 0.1734818 0.3977317 0.1888076 0.3910223 0.1746219 0.4263417 0.1557433 0.3829549 0.1611623 0.4162538 0.1389127 0.4263417 0.1557433 0.3736072 0.1485583 0.4045649 0.123152 0.4162538 0.1389127 0.3736072 0.1485583 0.3630689 0.1369311 0.3913872 0.1086128 0.3514418 0.1263929 0.3768481 0.0954352 0.3913872 0.1086128 0.3514418 0.1263929 0.3388377 0.1170451 0.3610872 0.08374619 0.3388377 0.1170451 0.325378 0.1089777 0.3442566 0.07365828 0.3111924 0.1022684 0.3265182 0.06526863 0.3442566 0.07365828 0.2964175 0.09698182 0.3080429 0.05865806 0.3265182 0.06526863 0.2964175 0.09698182 0.2811957 0.09316897 0.2890086 0.05389022 0.2656732 0.09086644 0.2695987 0.05101102 0.2890086 0.05389022 0.25 0.09009647 0.25 0.05004823 0.2695987 0.05101102 0.25 0.09009647 0.2343267 0.09086644 0.2304013 0.05101102 0.2188043 0.09316897 0.2109913 0.05389022 0.2304013 0.05101102 0.2035825 0.09698182 0.1919571 0.05865806 0.2109913 0.05389022 0.2035825 0.09698182 0.1888076 0.1022684 0.1734817 0.06526863 0.1888076 0.1022684 0.1746219 0.1089777 0.1557434 0.07365828 0.1611623 0.1170451 0.1389127 0.08374619 0.1557434 0.07365828 0.1485583 0.1263929 0.1231519 0.0954352 0.1389127 0.08374619 0.1485583 0.1263929 0.1369311 0.1369311 0.1086128 0.1086128 0.1263928 0.1485582 0.09543514 0.1231519 0.1086128 0.1086128 0.1263928 0.1485582 0.1170451 0.1611623 0.08374613 0.1389127 0.1170451 0.1611623 0.1089777 0.1746219 0.07365828 0.1557434 0.1022683 0.1888075 0.06526863 0.1734817 0.07365828 0.1557434 0.09698182 0.2035824 0.05865806 0.1919571 0.06526863 0.1734817 0.09698182 0.2035824 0.09316897 0.2188042 0.05389022 0.2109913 0.09086644 0.2343267 0.05101102 0.2304013 0.05389022 0.2109913 0.09009647 0.2499999 0.05004823 0.25 0.05101102 0.2304013 0.09009647 0.2499999 0.09086638 0.2656731 0.05101102 0.2695987 0.09316891 0.2811955 0.05389022 0.2890088 0.05101102 0.2695987 0.09698182 0.2964174 0.05865806 0.3080429 0.05389022 0.2890088 0.09698182 0.2964174 0.1022683 0.3111922 0.06526863 0.3265182 0.1022683 0.3111922 0.1089777 0.3253778 0.07365828 0.3442565 0.1170451 0.3388375 0.08374619 0.3610872 0.07365828 0.3442565 0.1263928 0.3514415 0.09543514 0.376848 0.08374619 0.3610872 0.1263928 0.3514415 0.1369311 0.3630687 0.1086128 0.3913872 0.1485583 0.373607 0.1231519 0.4045648 0.1086128 0.3913872 0.1485583 0.373607 0.1611623 0.3829547 0.1389127 0.4162536 0.1611623 0.3829547 0.1746219 0.3910221 0.1557434 0.4263417 0.1888075 0.3977316 0.1734817 0.4347313 0.1557434 0.4263417 0.2035824 0.4030179 0.1919571 0.4413418 0.1734817 0.4347313 0.2035824 0.4030179 0.2188044 0.406831 0.2109913 0.4461096 0.2343268 0.4091336 0.2304013 0.4489889 0.2109913 0.4461096 0.25 0.4099035 0.2499999 0.4499516 0.2304013 0.4489889 0.25 0.3698554 0.2617479 0.3692782 0.2656733 0.4091335 0.2617479 0.3692782 0.2733826 0.3675522 0.2811957 0.4068311 0.2847921 0.3646943 0.2964175 0.4030181 0.2811957 0.4068311 0.2847921 0.3646943 0.2958666 0.3607318 0.3111924 0.3977316 0.2958666 0.3607318 0.3064994 0.3557029 0.325378 0.3910223 0.3165881 0.3496561 0.3388376 0.3829548 0.325378 0.3910223 0.3165881 0.3496561 0.3260353 0.3426494 0.3514417 0.3736071 0.3260353 0.3426494 0.3347505 0.3347505 0.3630689 0.3630689 0.3426495 0.3260353 0.3736071 0.3514417 0.3630689 0.3630689 0.3426495 0.3260353 0.3496561 0.316588 0.3829549 0.3388376 0.3496561 0.316588 0.3557029 0.3064994 0.3910223 0.325378 0.3607318 0.2958666 0.3977316 0.3111924 0.3910223 0.325378 0.3646943 0.2847922 0.4030181 0.2964175 0.3977316 0.3111924 0.3646943 0.2847922 0.3675523 0.2733826 0.406831 0.2811957 0.3692781 0.2617478 0.4091336 0.2656733 0.406831 0.2811957 0.3698554 0.25 0.4099035 0.25 0.4091336 0.2656733 0.3698554 0.25 0.3692782 0.2382522 0.4091336 0.2343268 0.3692782 0.2382522 0.3675523 0.2266173 0.406831 0.2188043 0.3646944 0.2152078 0.4030181 0.2035825 0.406831 0.2188043 0.3646944 0.2152078 0.3607319 0.2041334 0.3977317 0.1888076 0.3607319 0.2041334 0.3557029 0.1935005 0.3910223 0.1746219 0.3496559 0.1834119 0.3829549 0.1611623 0.3910223 0.1746219 0.3496559 0.1834119 0.3426494 0.1739646 0.3736072 0.1485583 0.3426494 0.1739646 0.3347504 0.1652495 0.3630689 0.1369311 0.3260354 0.1573505 0.3514418 0.1263929 0.3630689 0.1369311 0.3260354 0.1573505 0.316588 0.150344 0.3388377 0.1170451 0.316588 0.150344 0.3064993 0.1442971 0.325378 0.1089777 0.2958665 0.1392681 0.3111924 0.1022684 0.325378 0.1089777 0.2847922 0.1353056 0.2964175 0.09698182 0.3111924 0.1022684 0.2847922 0.1353056 0.2733826 0.1324477 0.2811957 0.09316897 0.2617477 0.1307218 0.2656732 0.09086644 0.2811957 0.09316897 0.25 0.1301447 0.25 0.09009647 0.2656732 0.09086644 0.25 0.1301447 0.2382521 0.1307218 0.2343267 0.09086644 0.2382521 0.1307218 0.2266172 0.1324477 0.2188043 0.09316897 0.2152078 0.1353056 0.2035825 0.09698182 0.2188043 0.09316897 0.2152078 0.1353056 0.2041333 0.1392681 0.1888076 0.1022684 0.2041333 0.1392681 0.1935005 0.144297 0.1746219 0.1089777 0.1834119 0.1503439 0.1611623 0.1170451 0.1746219 0.1089777 0.1834119 0.1503439 0.1739646 0.1573505 0.1485583 0.1263929 0.1739646 0.1573505 0.1652495 0.1652495 0.1369311 0.1369311 0.1573505 0.1739646 0.1263928 0.1485582 0.1369311 0.1369311 0.1573505 0.1739646 0.150344 0.183412 0.1170451 0.1611623 0.150344 0.183412 0.1442971 0.1935005 0.1089777 0.1746219 0.1392681 0.2041333 0.1022683 0.1888075 0.1089777 0.1746219 0.1353056 0.2152077 0.09698182 0.2035824 0.1022683 0.1888075 0.1353056 0.2152077 0.1324477 0.2266173 0.09316897 0.2188042 0.1307218 0.2382521 0.09086644 0.2343267 0.09316897 0.2188042 0.1301447 0.2499999 0.09009647 0.2499999 0.09086644 0.2343267 0.1301447 0.2499999 0.1307218 0.2617477 0.09086638 0.2656731 0.1307218 0.2617477 0.1324477 0.2733824 0.09316891 0.2811955 0.1353056 0.2847921 0.09698182 0.2964174 0.09316891 0.2811955 0.1353056 0.2847921 0.1392681 0.2958664 0.1022683 0.3111922 0.1392681 0.2958664 0.144297 0.3064992 0.1089777 0.3253778 0.1503439 0.3165879 0.1170451 0.3388375 0.1089777 0.3253778 0.1503439 0.3165879 0.1573505 0.3260353 0.1263928 0.3514415 0.1573505 0.3260353 0.1652495 0.3347504 0.1369311 0.3630687 0.1739646 0.3426492 0.1485583 0.373607 0.1369311 0.3630687 0.1739646 0.3426492 0.183412 0.3496558 0.1611623 0.3829547 0.183412 0.3496558 0.1935005 0.3557029 0.1746219 0.3910221 0.2041333 0.3607318 0.1888075 0.3977316 0.1746219 0.3910221 0.2152078 0.3646944 0.2035824 0.4030179 0.1888075 0.3977316 0.2152078 0.3646944 0.2266173 0.3675523 0.2188044 0.406831 0.2382522 0.369278 0.2343268 0.4091336 0.2188044 0.406831 0.25 0.3698554 0.25 0.4099035 0.2343268 0.4091336 0.316588 0.150344 0.316588 0.150344 0.3064993 0.1442971 0.2617479 0.3692782 0.25 0.3698554 0.25 0.3698554 0.144297 0.3064992 0.144297 0.3064992 0.1503439 0.3165879 0.2958665 0.1392681 0.3064993 0.1442971 0.3064993 0.1442971 0.2617479 0.3692782 0.2617479 0.3692782 0.2733826 0.3675522 0.1573505 0.3260353 0.1503439 0.3165879 0.1503439 0.3165879 0.2958665 0.1392681 0.2958665 0.1392681 0.2847922 0.1353056 0.2733826 0.3675522 0.2733826 0.3675522 0.2847921 0.3646943 0.1652495 0.3347504 0.1573505 0.3260353 0.1573505 0.3260353 0.2847922 0.1353056 0.2847922 0.1353056 0.2733826 0.1324477 0.2847921 0.3646943 0.2847921 0.3646943 0.2958666 0.3607318 0.1739646 0.3426492 0.1652495 0.3347504 0.1652495 0.3347504 0.2733826 0.1324477 0.2733826 0.1324477 0.2617477 0.1307218 0.2958666 0.3607318 0.2958666 0.3607318 0.3064994 0.3557029 0.183412 0.3496558 0.1739646 0.3426492 0.1739646 0.3426492 0.2617477 0.1307218 0.2617477 0.1307218 0.25 0.1301447 0.3064994 0.3557029 0.3064994 0.3557029 0.3165881 0.3496561 0.1935005 0.3557029 0.183412 0.3496558 0.183412 0.3496558 0.25 0.1301447 0.25 0.1301447 0.2382521 0.1307218 0.3165881 0.3496561 0.3165881 0.3496561 0.3260353 0.3426494 0.1935005 0.3557029 0.1935005 0.3557029 0.2041333 0.3607318 0.2266172 0.1324477 0.2382521 0.1307218 0.2382521 0.1307218 0.3260353 0.3426494 0.3260353 0.3426494 0.3347505 0.3347505 0.2152078 0.3646944 0.2041333 0.3607318 0.2041333 0.3607318 0.2152078 0.1353056 0.2266172 0.1324477 0.2266172 0.1324477 0.3347505 0.3347505 0.3347505 0.3347505 0.3426495 0.3260353 0.2266173 0.3675523 0.2152078 0.3646944 0.2152078 0.3646944 0.2041333 0.1392681 0.2152078 0.1353056 0.2152078 0.1353056 0.3426495 0.3260353 0.3426495 0.3260353 0.3496561 0.316588 0.2382522 0.369278 0.2266173 0.3675523 0.2266173 0.3675523 0.2041333 0.1392681 0.2041333 0.1392681 0.1935005 0.144297 0.3496561 0.316588 0.3496561 0.316588 0.3557029 0.3064994 0.25 0.3698554 0.2382522 0.369278 0.2382522 0.369278 0.1834119 0.1503439 0.1935005 0.144297 0.1935005 0.144297 0.3607318 0.2958666 0.3557029 0.3064994 0.3557029 0.3064994 0.1739646 0.1573505 0.1834119 0.1503439 0.1834119 0.1503439 0.3646943 0.2847922 0.3607318 0.2958666 0.3607318 0.2958666 0.1652495 0.1652495 0.1739646 0.1573505 0.1739646 0.1573505 0.3675523 0.2733826 0.3646943 0.2847922 0.3646943 0.2847922 0.1573505 0.1739646 0.1652495 0.1652495 0.1652495 0.1652495 0.3675523 0.2733826 0.3675523 0.2733826 0.3692781 0.2617478 0.150344 0.183412 0.1573505 0.1739646 0.1573505 0.1739646 0.3692781 0.2617478 0.3692781 0.2617478 0.3698554 0.25 0.150344 0.183412 0.150344 0.183412 0.1442971 0.1935005 0.3698554 0.25 0.3698554 0.25 0.3692782 0.2382522 0.1442971 0.1935005 0.1442971 0.1935005 0.1392681 0.2041333 0.3692782 0.2382522 0.3692782 0.2382522 0.3675523 0.2266173 0.1392681 0.2041333 0.1392681 0.2041333 0.1353056 0.2152077 0.3675523 0.2266173 0.3675523 0.2266173 0.3646944 0.2152078 0.1353056 0.2152077 0.1353056 0.2152077 0.1324477 0.2266173 0.3607319 0.2041334 0.3646944 0.2152078 0.3646944 0.2152078 0.1324477 0.2266173 0.1324477 0.2266173 0.1307218 0.2382521 0.3557029 0.1935005 0.3607319 0.2041334 0.3607319 0.2041334 0.1301447 0.2499999 0.1307218 0.2382521 0.1307218 0.2382521 0.3557029 0.1935005 0.3557029 0.1935005 0.3496559 0.1834119 0.1301447 0.2499999 0.1301447 0.2499999 0.1307218 0.2617477 0.3496559 0.1834119 0.3496559 0.1834119 0.3426494 0.1739646 0.1324477 0.2733824 0.1307218 0.2617477 0.1307218 0.2617477 0.3426494 0.1739646 0.3426494 0.1739646 0.3347504 0.1652495 0.1324477 0.2733824 0.1324477 0.2733824 0.1353056 0.2847921 0.3347504 0.1652495 0.3347504 0.1652495 0.3260354 0.1573505 0.1353056 0.2847921 0.1353056 0.2847921 0.1392681 0.2958664 0.3260354 0.1573505 0.3260354 0.1573505 0.316588 0.150344 0.75 0.4099035 0.75 0.4499516 0.7695984 0.4489889 0.7811958 0.406831 0.7656735 0.4091336 0.7695984 0.4489889 0.7964175 0.403018 0.7811958 0.406831 0.7890084 0.4461096 0.7964175 0.403018 0.8080429 0.4413418 0.8265181 0.4347313 0.8111922 0.3977316 0.8265181 0.4347313 0.8442564 0.4263417 0.8388376 0.3829548 0.8253781 0.3910223 0.8442564 0.4263417 0.8514416 0.373607 0.8388376 0.3829548 0.8610872 0.4162536 0.8514416 0.373607 0.8768481 0.4045648 0.8913874 0.3913872 0.8736066 0.3514415 0.8630682 0.3630686 0.8913874 0.3913872 0.8736066 0.3514415 0.9045647 0.376848 0.9162539 0.3610872 0.8829545 0.3388375 0.9162539 0.3610872 0.9263415 0.3442565 0.8977312 0.3111923 0.8910222 0.3253779 0.9263415 0.3442565 0.9030179 0.2964174 0.8977312 0.3111923 0.9347314 0.3265182 0.9030179 0.2964174 0.9413421 0.3080428 0.9461097 0.2890087 0.9091333 0.2656731 0.9068305 0.2811954 0.9461097 0.2890087 0.9099033 0.2499999 0.9091333 0.2656731 0.948989 0.2695987 0.9099033 0.2499999 0.949952 0.25 0.948989 0.2304013 0.9068306 0.2188042 0.9091332 0.2343267 0.948989 0.2304013 0.9030178 0.2035824 0.9068306 0.2188042 0.9461097 0.2109913 0.9030178 0.2035824 0.9413419 0.1919571 0.9347312 0.1734817 0.8977313 0.1888075 0.9347312 0.1734817 0.9263416 0.1557434 0.8829547 0.1611623 0.8910219 0.1746219 0.9263416 0.1557434 0.8736068 0.1485583 0.8829547 0.1611623 0.9162539 0.1389127 0.8736068 0.1485583 0.9045648 0.1231519 0.8913872 0.1086127 0.8514418 0.1263929 0.8630684 0.1369311 0.8913872 0.1086127 0.8514418 0.1263929 0.8768481 0.0954352 0.8610871 0.08374619 0.8388375 0.1170451 0.8610871 0.08374619 0.8442564 0.07365828 0.8111922 0.1022683 0.825378 0.1089777 0.8442564 0.07365828 0.7964174 0.09698188 0.8111922 0.1022683 0.8265182 0.06526863 0.7964174 0.09698188 0.808043 0.05865806 0.7890086 0.05389022 0.7656732 0.09086644 0.7811955 0.09316897 0.7890086 0.05389022 0.7499999 0.09009647 0.7656732 0.09086644 0.7695986 0.05101102 0.7499999 0.09009647 0.75 0.05004823 0.7304012 0.05101102 0.7188044 0.09316897 0.7343267 0.09086644 0.7304012 0.05101102 0.7035825 0.09698182 0.7188044 0.09316897 0.7109913 0.05389022 0.7035825 0.09698182 0.6919572 0.05865806 0.6734818 0.06526863 0.6888076 0.1022684 0.6734818 0.06526863 0.6557436 0.07365828 0.6611624 0.1170451 0.674622 0.1089777 0.6557436 0.07365828 0.6485584 0.1263929 0.6611624 0.1170451 0.6389128 0.08374619 0.6485584 0.1263929 0.6231521 0.0954352 0.6086129 0.1086128 0.6263931 0.1485583 0.6369311 0.1369311 0.6086129 0.1086128 0.6263931 0.1485583 0.5954355 0.123152 0.5837463 0.1389127 0.6170451 0.1611623 0.5837463 0.1389127 0.5736583 0.1557434 0.6022685 0.1888076 0.6089777 0.1746219 0.5736583 0.1557434 0.5969819 0.2035825 0.6022685 0.1888076 0.5652686 0.1734817 0.5969819 0.2035825 0.5586581 0.1919571 0.5538903 0.2109913 0.5908667 0.2343268 0.593169 0.2188044 0.5538903 0.2109913 0.5900965 0.25 0.5908667 0.2343268 0.5510112 0.2304013 0.5900965 0.25 0.5500483 0.2500001 0.5510112 0.2695987 0.5931692 0.2811957 0.5908665 0.2656733 0.5510112 0.2695987 0.5969818 0.2964175 0.5931692 0.2811957 0.5538903 0.2890087 0.5969818 0.2964175 0.5586581 0.308043 0.5652688 0.3265182 0.6022685 0.3111924 0.5652688 0.3265182 0.5736582 0.3442566 0.617045 0.3388377 0.6089777 0.325378 0.5736582 0.3442566 0.6263929 0.3514417 0.617045 0.3388377 0.5837462 0.3610873 0.6263929 0.3514417 0.5954351 0.3768481 0.6086127 0.3913872 0.6485583 0.3736071 0.6369311 0.3630688 0.6086127 0.3913872 0.6485583 0.3736071 0.6231519 0.4045647 0.6389127 0.4162538 0.6611623 0.3829548 0.6389127 0.4162538 0.6557434 0.4263417 0.6888076 0.3977316 0.674622 0.3910223 0.6557434 0.4263417 0.7035825 0.4030181 0.6888076 0.3977316 0.6734818 0.4347313 0.7035825 0.4030181 0.6919571 0.4413419 0.7109913 0.4461097 0.734327 0.4091336 0.7188043 0.406831 0.7109913 0.4461097 0.75 0.4099035 0.734327 0.4091336 0.7304013 0.4489889 0.75 0.3698553 0.75 0.4099035 0.7656735 0.4091336 0.7617478 0.3692782 0.7656735 0.4091336 0.7811958 0.406831 0.7847924 0.3646944 0.7733828 0.3675523 0.7811958 0.406831 0.7847924 0.3646944 0.7964175 0.403018 0.8111922 0.3977316 0.7958666 0.3607318 0.8111922 0.3977316 0.8253781 0.3910223 0.816588 0.3496559 0.8064993 0.3557029 0.8253781 0.3910223 0.816588 0.3496559 0.8388376 0.3829548 0.8514416 0.373607 0.826035 0.3426492 0.8514416 0.373607 0.8630682 0.3630686 0.8426491 0.3260352 0.8347503 0.3347503 0.8630682 0.3630686 0.8426491 0.3260352 0.8736066 0.3514415 0.8829545 0.3388375 0.8496557 0.3165879 0.8829545 0.3388375 0.8910222 0.3253779 0.8607314 0.2958664 0.8557026 0.3064993 0.8910222 0.3253779 0.8646942 0.2847921 0.8607314 0.2958664 0.8977312 0.3111923 0.8646942 0.2847921 0.9030179 0.2964174 0.9068305 0.2811954 0.8692778 0.2617477 0.867552 0.2733824 0.9068305 0.2811954 0.8698549 0.2499998 0.8692778 0.2617477 0.9091333 0.2656731 0.8698549 0.2499998 0.9099033 0.2499999 0.9091332 0.2343267 0.8692776 0.2382521 0.9091332 0.2343267 0.9068306 0.2188042 0.8646943 0.2152077 0.867552 0.2266173 0.9068306 0.2188042 0.8646943 0.2152077 0.9030178 0.2035824 0.8977313 0.1888075 0.8607314 0.2041333 0.8977313 0.1888075 0.8910219 0.1746219 0.8496556 0.1834119 0.8557026 0.1935005 0.8910219 0.1746219 0.8496556 0.1834119 0.8829547 0.1611623 0.8736068 0.1485583 0.8426493 0.1739646 0.8736068 0.1485583 0.8630684 0.1369311 0.8260352 0.1573505 0.8347501 0.1652494 0.8630684 0.1369311 0.8260352 0.1573505 0.8514418 0.1263929 0.8388375 0.1170451 0.8165879 0.1503439 0.8388375 0.1170451 0.825378 0.1089777 0.7958664 0.1392681 0.8064994 0.1442971 0.825378 0.1089777 0.7847921 0.1353056 0.7958664 0.1392681 0.8111922 0.1022683 0.7847921 0.1353056 0.7964174 0.09698188 0.7811955 0.09316897 0.7617476 0.1307218 0.7733826 0.1324477 0.7811955 0.09316897 0.7499998 0.1301447 0.7617476 0.1307218 0.7656732 0.09086644 0.7499998 0.1301447 0.7499999 0.09009647 0.7343267 0.09086644 0.7382519 0.1307218 0.7343267 0.09086644 0.7188044 0.09316897 0.7152077 0.1353056 0.7266173 0.1324477 0.7188044 0.09316897 0.7152077 0.1353056 0.7035825 0.09698182 0.6888076 0.1022684 0.7041333 0.1392681 0.6888076 0.1022684 0.674622 0.1089777 0.6834117 0.150344 0.6935006 0.1442971 0.674622 0.1089777 0.6834117 0.150344 0.6611624 0.1170451 0.6485584 0.1263929 0.6739647 0.1573505 0.6485584 0.1263929 0.6369311 0.1369311 0.6573507 0.1739646 0.6652494 0.1652494 0.6369311 0.1369311 0.6573507 0.1739646 0.6263931 0.1485583 0.6170451 0.1611623 0.6503436 0.1834118 0.6170451 0.1611623 0.6089777 0.1746219 0.6392683 0.2041334 0.644297 0.1935006 0.6089777 0.1746219 0.6353056 0.2152078 0.6392683 0.2041334 0.6022685 0.1888076 0.6353056 0.2152078 0.5969819 0.2035825 0.593169 0.2188044 0.6307219 0.2382522 0.6324476 0.2266173 0.593169 0.2188044 0.6301447 0.25 0.6307219 0.2382522 0.5908667 0.2343268 0.6301447 0.25 0.5900965 0.25 0.5908665 0.2656733 0.6307219 0.2617479 0.5908665 0.2656733 0.5931692 0.2811957 0.6353057 0.2847923 0.6324478 0.2733827 0.5931692 0.2811957 0.6353057 0.2847923 0.5969818 0.2964175 0.6022685 0.3111924 0.6392681 0.2958666 0.6022685 0.3111924 0.6089777 0.325378 0.6503439 0.3165881 0.6442971 0.3064994 0.6089777 0.325378 0.6503439 0.3165881 0.617045 0.3388377 0.6263929 0.3514417 0.6573505 0.3260353 0.6263929 0.3514417 0.6369311 0.3630688 0.6739647 0.3426494 0.6652494 0.3347504 0.6369311 0.3630688 0.6739647 0.3426494 0.6485583 0.3736071 0.6611623 0.3829548 0.6834119 0.3496559 0.6611623 0.3829548 0.674622 0.3910223 0.7041335 0.3607318 0.6935006 0.3557029 0.674622 0.3910223 0.7152078 0.3646943 0.7041335 0.3607318 0.6888076 0.3977316 0.7152078 0.3646943 0.7035825 0.4030181 0.7188043 0.406831 0.7382521 0.3692781 0.7266175 0.3675523 0.7188043 0.406831 0.75 0.3698553 0.7382521 0.3692781 0.734327 0.4091336 0.8347503 0.3347503 0.8347503 0.3347503 0.826035 0.3426492 0.7041335 0.3607318 0.7152078 0.3646943 0.7152078 0.3646943 0.7266173 0.1324477 0.7152077 0.1353056 0.7152077 0.1353056 0.8426491 0.3260352 0.8426491 0.3260352 0.8347503 0.3347503 0.7152078 0.3646943 0.7266175 0.3675523 0.7266175 0.3675523 0.7152077 0.1353056 0.7041333 0.1392681 0.7041333 0.1392681 0.8496557 0.3165879 0.8496557 0.3165879 0.8426491 0.3260352 0.7266175 0.3675523 0.7382521 0.3692781 0.7382521 0.3692781 0.6935006 0.1442971 0.6935006 0.1442971 0.7041333 0.1392681 0.8557026 0.3064993 0.8557026 0.3064993 0.8496557 0.3165879 0.75 0.3698553 0.75 0.3698553 0.7382521 0.3692781 0.6935006 0.1442971 0.6834117 0.150344 0.6834117 0.150344 0.8557026 0.3064993 0.8607314 0.2958664 0.8607314 0.2958664 0.6834117 0.150344 0.6739647 0.1573505 0.6739647 0.1573505 0.8607314 0.2958664 0.8646942 0.2847921 0.8646942 0.2847921 0.6739647 0.1573505 0.6652494 0.1652494 0.6652494 0.1652494 0.8646942 0.2847921 0.867552 0.2733824 0.867552 0.2733824 0.6652494 0.1652494 0.6573507 0.1739646 0.6573507 0.1739646 0.8692778 0.2617477 0.8692778 0.2617477 0.867552 0.2733824 0.6573507 0.1739646 0.6503436 0.1834118 0.6503436 0.1834118 0.8698549 0.2499998 0.8698549 0.2499998 0.8692778 0.2617477 0.644297 0.1935006 0.644297 0.1935006 0.6503436 0.1834118 0.8692776 0.2382521 0.8692776 0.2382521 0.8698549 0.2499998 0.6392683 0.2041334 0.6392683 0.2041334 0.644297 0.1935006 0.867552 0.2266173 0.867552 0.2266173 0.8692776 0.2382521 0.6353056 0.2152078 0.6353056 0.2152078 0.6392683 0.2041334 0.867552 0.2266173 0.8646943 0.2152077 0.8646943 0.2152077 0.6324476 0.2266173 0.6324476 0.2266173 0.6353056 0.2152078 0.8646943 0.2152077 0.8607314 0.2041333 0.8607314 0.2041333 0.6307219 0.2382522 0.6307219 0.2382522 0.6324476 0.2266173 0.8607314 0.2041333 0.8557026 0.1935005 0.8557026 0.1935005 0.6307219 0.2382522 0.6301447 0.25 0.6301447 0.25 0.8496556 0.1834119 0.8496556 0.1834119 0.8557026 0.1935005 0.6307219 0.2617479 0.6307219 0.2617479 0.6301447 0.25 0.8426493 0.1739646 0.8426493 0.1739646 0.8496556 0.1834119 0.6307219 0.2617479 0.6324478 0.2733827 0.6324478 0.2733827 0.8347501 0.1652494 0.8347501 0.1652494 0.8426493 0.1739646 0.6353057 0.2847923 0.6353057 0.2847923 0.6324478 0.2733827 0.8260352 0.1573505 0.8260352 0.1573505 0.8347501 0.1652494 0.6392681 0.2958666 0.6392681 0.2958666 0.6353057 0.2847923 0.8165879 0.1503439 0.8165879 0.1503439 0.8260352 0.1573505 0.6442971 0.3064994 0.6442971 0.3064994 0.6392681 0.2958666 0.8064994 0.1442971 0.8064994 0.1442971 0.8165879 0.1503439 0.7617478 0.3692782 0.7617478 0.3692782 0.75 0.3698553 0.6503439 0.3165881 0.6503439 0.3165881 0.6442971 0.3064994 0.8064994 0.1442971 0.7958664 0.1392681 0.7958664 0.1392681 0.7733828 0.3675523 0.7733828 0.3675523 0.7617478 0.3692782 0.6503439 0.3165881 0.6573505 0.3260353 0.6573505 0.3260353 0.7847921 0.1353056 0.7847921 0.1353056 0.7958664 0.1392681 0.7847924 0.3646944 0.7847924 0.3646944 0.7733828 0.3675523 0.6573505 0.3260353 0.6652494 0.3347504 0.6652494 0.3347504 0.7733826 0.1324477 0.7733826 0.1324477 0.7847921 0.1353056 0.7958666 0.3607318 0.7958666 0.3607318 0.7847924 0.3646944 0.6652494 0.3347504 0.6739647 0.3426494 0.6739647 0.3426494 0.7617476 0.1307218 0.7617476 0.1307218 0.7733826 0.1324477 0.8064993 0.3557029 0.8064993 0.3557029 0.7958666 0.3607318 0.6739647 0.3426494 0.6834119 0.3496559 0.6834119 0.3496559 0.7617476 0.1307218 0.7499998 0.1301447 0.7499998 0.1301447 0.816588 0.3496559 0.816588 0.3496559 0.8064993 0.3557029 0.6834119 0.3496559 0.6935006 0.3557029 0.6935006 0.3557029 0.7499998 0.1301447 0.7382519 0.1307218 0.7382519 0.1307218 0.826035 0.3426492 0.826035 0.3426492 0.816588 0.3496559 0.7041335 0.3607318 0.7041335 0.3607318 0.6935006 0.3557029 0.2733826 0.3675522 0.2617479 0.3692782 0.25 0.3698554 0.25 0.3698554 0.2382522 0.369278 0.2733826 0.3675522 0.2382522 0.369278 0.2266173 0.3675523 0.2733826 0.3675522 0.2266173 0.3675523 0.2152078 0.3646944 0.2041333 0.3607318 0.2041333 0.3607318 0.1935005 0.3557029 0.2266173 0.3675523 0.1935005 0.3557029 0.183412 0.3496558 0.2266173 0.3675523 0.183412 0.3496558 0.1739646 0.3426492 0.1652495 0.3347504 0.1652495 0.3347504 0.1573505 0.3260353 0.1503439 0.3165879 0.1503439 0.3165879 0.144297 0.3064992 0.1324477 0.2733824 0.144297 0.3064992 0.1392681 0.2958664 0.1324477 0.2733824 0.1392681 0.2958664 0.1353056 0.2847921 0.1324477 0.2733824 0.1324477 0.2733824 0.1307218 0.2617477 0.1301447 0.2499999 0.1301447 0.2499999 0.1307218 0.2382521 0.1324477 0.2733824 0.1307218 0.2382521 0.1324477 0.2266173 0.1324477 0.2733824 0.1324477 0.2266173 0.1353056 0.2152077 0.1392681 0.2041333 0.1392681 0.2041333 0.1442971 0.1935005 0.1324477 0.2266173 0.1442971 0.1935005 0.150344 0.183412 0.1324477 0.2266173 0.150344 0.183412 0.1573505 0.1739646 0.1652495 0.1652495 0.1652495 0.1652495 0.1739646 0.1573505 0.1834119 0.1503439 0.1834119 0.1503439 0.1935005 0.144297 0.2266172 0.1324477 0.1935005 0.144297 0.2041333 0.1392681 0.2266172 0.1324477 0.2041333 0.1392681 0.2152078 0.1353056 0.2266172 0.1324477 0.2266172 0.1324477 0.2382521 0.1307218 0.25 0.1301447 0.25 0.1301447 0.2617477 0.1307218 0.2266172 0.1324477 0.2617477 0.1307218 0.2733826 0.1324477 0.2266172 0.1324477 0.2733826 0.1324477 0.2847922 0.1353056 0.2958665 0.1392681 0.2958665 0.1392681 0.3064993 0.1442971 0.2733826 0.1324477 0.3064993 0.1442971 0.316588 0.150344 0.2733826 0.1324477 0.316588 0.150344 0.3260354 0.1573505 0.3347504 0.1652495 0.3347504 0.1652495 0.3426494 0.1739646 0.3496559 0.1834119 0.3496559 0.1834119 0.3557029 0.1935005 0.3675523 0.2266173 0.3557029 0.1935005 0.3607319 0.2041334 0.3675523 0.2266173 0.3607319 0.2041334 0.3646944 0.2152078 0.3675523 0.2266173 0.3675523 0.2266173 0.3692782 0.2382522 0.3698554 0.25 0.3698554 0.25 0.3692781 0.2617478 0.3675523 0.2266173 0.3692781 0.2617478 0.3675523 0.2733826 0.3675523 0.2266173 0.3675523 0.2733826 0.3646943 0.2847922 0.3607318 0.2958666 0.3607318 0.2958666 0.3557029 0.3064994 0.3675523 0.2733826 0.3557029 0.3064994 0.3496561 0.316588 0.3675523 0.2733826 0.3496561 0.316588 0.3426495 0.3260353 0.3347505 0.3347505 0.3347505 0.3347505 0.3260353 0.3426494 0.3165881 0.3496561 0.3165881 0.3496561 0.3064994 0.3557029 0.2733826 0.3675522 0.3064994 0.3557029 0.2958666 0.3607318 0.2733826 0.3675522 0.2958666 0.3607318 0.2847921 0.3646943 0.2733826 0.3675522 0.183412 0.3496558 0.1652495 0.3347504 0.1324477 0.2733824 0.1652495 0.3347504 0.1503439 0.3165879 0.1324477 0.2733824 0.150344 0.183412 0.1652495 0.1652495 0.2266172 0.1324477 0.1652495 0.1652495 0.1834119 0.1503439 0.2266172 0.1324477 0.316588 0.150344 0.3347504 0.1652495 0.3675523 0.2266173 0.3347504 0.1652495 0.3496559 0.1834119 0.3675523 0.2266173 0.3496561 0.316588 0.3347505 0.3347505 0.2733826 0.3675522 0.3347505 0.3347505 0.3165881 0.3496561 0.2733826 0.3675522 0.2733826 0.3675522 0.2266173 0.3675523 0.183412 0.3496558 0.1324477 0.2733824 0.1324477 0.2266173 0.150344 0.183412 0.2266172 0.1324477 0.2733826 0.1324477 0.316588 0.150344 0.3675523 0.2266173 0.3675523 0.2733826 0.3496561 0.316588 0.2733826 0.3675522 0.183412 0.3496558 0.1324477 0.2733824 0.1324477 0.2733824 0.150344 0.183412 0.2266172 0.1324477 0.2266172 0.1324477 0.316588 0.150344 0.3675523 0.2266173 0.3675523 0.2266173 0.3496561 0.316588 0.2733826 0.3675522 0.2733826 0.3675522 0.1324477 0.2733824 0.2266172 0.1324477 0.7382521 0.3692781 0.75 0.3698553 0.7617478 0.3692782 0.7617478 0.3692782 0.7733828 0.3675523 0.7382521 0.3692781 0.7733828 0.3675523 0.7847924 0.3646944 0.7382521 0.3692781 0.7847924 0.3646944 0.7958666 0.3607318 0.8064993 0.3557029 0.8064993 0.3557029 0.816588 0.3496559 0.826035 0.3426492 0.826035 0.3426492 0.8347503 0.3347503 0.8557026 0.3064993 0.8347503 0.3347503 0.8426491 0.3260352 0.8557026 0.3064993 0.8426491 0.3260352 0.8496557 0.3165879 0.8557026 0.3064993 0.8557026 0.3064993 0.8607314 0.2958664 0.8646942 0.2847921 0.8646942 0.2847921 0.867552 0.2733824 0.8557026 0.3064993 0.867552 0.2733824 0.8692778 0.2617477 0.8557026 0.3064993 0.8692778 0.2617477 0.8698549 0.2499998 0.8692776 0.2382521 0.8692776 0.2382521 0.867552 0.2266173 0.8692778 0.2617477 0.867552 0.2266173 0.8646943 0.2152077 0.8692778 0.2617477 0.8646943 0.2152077 0.8607314 0.2041333 0.8557026 0.1935005 0.8557026 0.1935005 0.8496556 0.1834119 0.8426493 0.1739646 0.8426493 0.1739646 0.8347501 0.1652494 0.8064994 0.1442971 0.8347501 0.1652494 0.8260352 0.1573505 0.8064994 0.1442971 0.8260352 0.1573505 0.8165879 0.1503439 0.8064994 0.1442971 0.8064994 0.1442971 0.7958664 0.1392681 0.7847921 0.1353056 0.7847921 0.1353056 0.7733826 0.1324477 0.8064994 0.1442971 0.7733826 0.1324477 0.7617476 0.1307218 0.8064994 0.1442971 0.7617476 0.1307218 0.7499998 0.1301447 0.7382519 0.1307218 0.7382519 0.1307218 0.7266173 0.1324477 0.7617476 0.1307218 0.7266173 0.1324477 0.7152077 0.1353056 0.7617476 0.1307218 0.7152077 0.1353056 0.7041333 0.1392681 0.6935006 0.1442971 0.6935006 0.1442971 0.6834117 0.150344 0.6739647 0.1573505 0.6739647 0.1573505 0.6652494 0.1652494 0.644297 0.1935006 0.6652494 0.1652494 0.6573507 0.1739646 0.644297 0.1935006 0.6573507 0.1739646 0.6503436 0.1834118 0.644297 0.1935006 0.644297 0.1935006 0.6392683 0.2041334 0.6353056 0.2152078 0.6353056 0.2152078 0.6324476 0.2266173 0.644297 0.1935006 0.6324476 0.2266173 0.6307219 0.2382522 0.644297 0.1935006 0.6307219 0.2382522 0.6301447 0.25 0.6307219 0.2617479 0.6307219 0.2617479 0.6324478 0.2733827 0.6307219 0.2382522 0.6324478 0.2733827 0.6353057 0.2847923 0.6307219 0.2382522 0.6353057 0.2847923 0.6392681 0.2958666 0.6442971 0.3064994 0.6442971 0.3064994 0.6503439 0.3165881 0.6573505 0.3260353 0.6573505 0.3260353 0.6652494 0.3347504 0.6935006 0.3557029 0.6652494 0.3347504 0.6739647 0.3426494 0.6935006 0.3557029 0.6739647 0.3426494 0.6834119 0.3496559 0.6935006 0.3557029 0.6935006 0.3557029 0.7041335 0.3607318 0.7152078 0.3646943 0.7152078 0.3646943 0.7266175 0.3675523 0.6935006 0.3557029 0.7266175 0.3675523 0.7382521 0.3692781 0.6935006 0.3557029 0.7847924 0.3646944 0.8064993 0.3557029 0.7382521 0.3692781 0.8064993 0.3557029 0.826035 0.3426492 0.7382521 0.3692781 0.8646943 0.2152077 0.8557026 0.1935005 0.8692778 0.2617477 0.8557026 0.1935005 0.8426493 0.1739646 0.8692778 0.2617477 0.7152077 0.1353056 0.6935006 0.1442971 0.7617476 0.1307218 0.6935006 0.1442971 0.6739647 0.1573505 0.7617476 0.1307218 0.6353057 0.2847923 0.6442971 0.3064994 0.6307219 0.2382522 0.6442971 0.3064994 0.6573505 0.3260353 0.6307219 0.2382522 0.826035 0.3426492 0.8557026 0.3064993 0.7382521 0.3692781 0.8557026 0.3064993 0.8692778 0.2617477 0.7382521 0.3692781 0.8426493 0.1739646 0.8064994 0.1442971 0.7617476 0.1307218 0.6739647 0.1573505 0.644297 0.1935006 0.7617476 0.1307218 0.644297 0.1935006 0.6307219 0.2382522 0.7617476 0.1307218 0.6573505 0.3260353 0.6935006 0.3557029 0.7382521 0.3692781 0.8692778 0.2617477 0.8426493 0.1739646 0.7382521 0.3692781 0.8426493 0.1739646 0.7617476 0.1307218 0.7382521 0.3692781 0.6307219 0.2382522 0.6573505 0.3260353 0.7617476 0.1307218 0.3165881 0.3496561 0.3165881 0.3496561 0.3064994 0.3557029 0.3260353 0.3426494 0.3260353 0.3426494 0.3165881 0.3496561 0.3557029 0.3064994 0.3557029 0.3064994 0.3496561 0.316588 0.3607319 0.2041334 0.3607319 0.2041334 0.3646944 0.2152078 0.1834119 0.1503439 0.1834119 0.1503439 0.1935005 0.144297 0.1353056 0.2152077 0.1353056 0.2152077 0.1392681 0.2041333 0.1301447 0.2499999 0.1301447 0.2499999 0.1307218 0.2382521 0.1307218 0.2617477 0.1307218 0.2617477 0.1301447 0.2499999 0.1324477 0.2733824 0.1324477 0.2733824 0.1307218 0.2617477 0.2266173 0.3675523 0.2266173 0.3675523 0.2152078 0.3646944 0.8347501 0.1652494 0.8347501 0.1652494 0.8260352 0.1573505 0.8260352 0.1573505 0.8260352 0.1573505 0.8165879 0.1503439 0.6307219 0.2382522 0.6307219 0.2382522 0.6301447 0.25 0.3646943 0.2847922 0.3646943 0.2847922 0.3607318 0.2958666 0.3692782 0.2382522 0.3692782 0.2382522 0.3698554 0.25 0.3496559 0.1834119 0.3496559 0.1834119 0.3557029 0.1935005 0.7733828 0.3675523 0.7733828 0.3675523 0.7847924 0.3646944 0.7847924 0.3646944 0.7847924 0.3646944 0.7958666 0.3607318 0.7617476 0.1307218 0.7617476 0.1307218 0.7499998 0.1301447 0.7152077 0.1353056 0.7152077 0.1353056 0.7041333 0.1392681 0.7041333 0.1392681 0.7041333 0.1392681 0.6935006 0.1442971 0.6739647 0.1573505 0.6739647 0.1573505 0.6652494 0.1652494 0.6392683 0.2041334 0.6392683 0.2041334 0.6353056 0.2152078 0.6307219 0.2617479 0.6307219 0.2617479 0.6324478 0.2733827 0.6324478 0.2733827 0.6324478 0.2733827 0.6353057 0.2847923 0.7041335 0.3607318 0.7041335 0.3607318 0.7152078 0.3646943 0.7152078 0.3646943 0.7152078 0.3646943 0.7266175 0.3675523 0.2733826 0.3675522 0.2733826 0.3675522 0.2617479 0.3692782 0.2847921 0.3646943 0.2847921 0.3646943 0.2733826 0.3675522 0.3426495 0.3260353 0.3426495 0.3260353 0.3347505 0.3347505 0.3347504 0.1652495 0.3347504 0.1652495 0.3426494 0.1739646 0.3260354 0.1573505 0.3260354 0.1573505 0.3347504 0.1652495 0.316588 0.150344 0.316588 0.150344 0.3260354 0.1573505 0.3064993 0.1442971 0.3064993 0.1442971 0.316588 0.150344 0.1652495 0.3347504 0.1652495 0.3347504 0.1573505 0.3260353 0.1935005 0.3557029 0.1935005 0.3557029 0.183412 0.3496558 0.8064993 0.3557029 0.8064993 0.3557029 0.816588 0.3496559 0.8496556 0.1834119 0.8496556 0.1834119 0.8426493 0.1739646 0.6503436 0.1834118 0.6503436 0.1834118 0.644297 0.1935006 0.6573505 0.3260353 0.6573505 0.3260353 0.6652494 0.3347504 0.6652494 0.3347504 0.6652494 0.3347504 0.6739647 0.3426494 0.6739647 0.3426494 0.6739647 0.3426494 0.6834119 0.3496559 0.2617479 0.3692782 0.2617479 0.3692782 0.25 0.3698554 0.2958666 0.3607318 0.2958666 0.3607318 0.2847921 0.3646943 0.3064994 0.3557029 0.3064994 0.3557029 0.2958666 0.3607318 0.3347505 0.3347505 0.3347505 0.3347505 0.3260353 0.3426494 0.3496561 0.316588 0.3496561 0.316588 0.3426495 0.3260353 0.3607318 0.2958666 0.3607318 0.2958666 0.3557029 0.3064994 0.3675523 0.2733826 0.3675523 0.2733826 0.3646943 0.2847922 0.3692781 0.2617478 0.3692781 0.2617478 0.3675523 0.2733826 0.3698554 0.25 0.3698554 0.25 0.3692781 0.2617478 0.3675523 0.2266173 0.3675523 0.2266173 0.3692782 0.2382522 0.3646944 0.2152078 0.3646944 0.2152078 0.3675523 0.2266173 0.3557029 0.1935005 0.3557029 0.1935005 0.3607319 0.2041334 0.3426494 0.1739646 0.3426494 0.1739646 0.3496559 0.1834119 0.2958665 0.1392681 0.2958665 0.1392681 0.3064993 0.1442971 0.2847922 0.1353056 0.2847922 0.1353056 0.2958665 0.1392681 0.2733826 0.1324477 0.2733826 0.1324477 0.2847922 0.1353056 0.2617477 0.1307218 0.2617477 0.1307218 0.2733826 0.1324477 0.25 0.1301447 0.25 0.1301447 0.2617477 0.1307218 0.2382521 0.1307218 0.2382521 0.1307218 0.25 0.1301447 0.2266172 0.1324477 0.2266172 0.1324477 0.2382521 0.1307218 0.2152078 0.1353056 0.2152078 0.1353056 0.2266172 0.1324477 0.2041333 0.1392681 0.2041333 0.1392681 0.2152078 0.1353056 0.1935005 0.144297 0.1935005 0.144297 0.2041333 0.1392681 0.1739646 0.1573505 0.1739646 0.1573505 0.1834119 0.1503439 0.1652495 0.1652495 0.1652495 0.1652495 0.1739646 0.1573505 0.1573505 0.1739646 0.1573505 0.1739646 0.1652495 0.1652495 0.150344 0.183412 0.150344 0.183412 0.1573505 0.1739646 0.1442971 0.1935005 0.1442971 0.1935005 0.150344 0.183412 0.1392681 0.2041333 0.1392681 0.2041333 0.1442971 0.1935005 0.1324477 0.2266173 0.1324477 0.2266173 0.1353056 0.2152077 0.1307218 0.2382521 0.1307218 0.2382521 0.1324477 0.2266173 0.1353056 0.2847921 0.1353056 0.2847921 0.1324477 0.2733824 0.1392681 0.2958664 0.1392681 0.2958664 0.1353056 0.2847921 0.144297 0.3064992 0.144297 0.3064992 0.1392681 0.2958664 0.1503439 0.3165879 0.1503439 0.3165879 0.144297 0.3064992 0.1573505 0.3260353 0.1573505 0.3260353 0.1503439 0.3165879 0.1739646 0.3426492 0.1739646 0.3426492 0.1652495 0.3347504 0.183412 0.3496558 0.183412 0.3496558 0.1739646 0.3426492 0.2041333 0.3607318 0.2041333 0.3607318 0.1935005 0.3557029 0.2152078 0.3646944 0.2152078 0.3646944 0.2041333 0.3607318 0.2382522 0.369278 0.2382522 0.369278 0.2266173 0.3675523 0.25 0.3698554 0.25 0.3698554 0.2382522 0.369278 0.75 0.3698553 0.75 0.3698553 0.7617478 0.3692782 0.7617478 0.3692782 0.7617478 0.3692782 0.7733828 0.3675523 0.7958666 0.3607318 0.7958666 0.3607318 0.8064993 0.3557029 0.816588 0.3496559 0.816588 0.3496559 0.826035 0.3426492 0.826035 0.3426492 0.826035 0.3426492 0.8347503 0.3347503 0.8347503 0.3347503 0.8347503 0.3347503 0.8426491 0.3260352 0.8426491 0.3260352 0.8426491 0.3260352 0.8496557 0.3165879 0.8496557 0.3165879 0.8496557 0.3165879 0.8557026 0.3064993 0.8557026 0.3064993 0.8557026 0.3064993 0.8607314 0.2958664 0.8607314 0.2958664 0.8607314 0.2958664 0.8646942 0.2847921 0.8646942 0.2847921 0.8646942 0.2847921 0.867552 0.2733824 0.867552 0.2733824 0.867552 0.2733824 0.8692778 0.2617477 0.8692778 0.2617477 0.8692778 0.2617477 0.8698549 0.2499998 0.8698549 0.2499998 0.8698549 0.2499998 0.8692776 0.2382521 0.8692776 0.2382521 0.8692776 0.2382521 0.867552 0.2266173 0.867552 0.2266173 0.867552 0.2266173 0.8646943 0.2152077 0.8646943 0.2152077 0.8646943 0.2152077 0.8607314 0.2041333 0.8607314 0.2041333 0.8607314 0.2041333 0.8557026 0.1935005 0.8557026 0.1935005 0.8557026 0.1935005 0.8496556 0.1834119 0.8426493 0.1739646 0.8426493 0.1739646 0.8347501 0.1652494 0.8165879 0.1503439 0.8165879 0.1503439 0.8064994 0.1442971 0.8064994 0.1442971 0.8064994 0.1442971 0.7958664 0.1392681 0.7958664 0.1392681 0.7958664 0.1392681 0.7847921 0.1353056 0.7847921 0.1353056 0.7847921 0.1353056 0.7733826 0.1324477 0.7733826 0.1324477 0.7733826 0.1324477 0.7617476 0.1307218 0.7499998 0.1301447 0.7499998 0.1301447 0.7382519 0.1307218 0.7382519 0.1307218 0.7382519 0.1307218 0.7266173 0.1324477 0.7266173 0.1324477 0.7266173 0.1324477 0.7152077 0.1353056 0.6935006 0.1442971 0.6935006 0.1442971 0.6834117 0.150344 0.6834117 0.150344 0.6834117 0.150344 0.6739647 0.1573505 0.6652494 0.1652494 0.6652494 0.1652494 0.6573507 0.1739646 0.6573507 0.1739646 0.6573507 0.1739646 0.6503436 0.1834118 0.644297 0.1935006 0.644297 0.1935006 0.6392683 0.2041334 0.6353056 0.2152078 0.6353056 0.2152078 0.6324476 0.2266173 0.6324476 0.2266173 0.6324476 0.2266173 0.6307219 0.2382522 0.6301447 0.25 0.6301447 0.25 0.6307219 0.2617479 0.6353057 0.2847923 0.6353057 0.2847923 0.6392681 0.2958666 0.6392681 0.2958666 0.6392681 0.2958666 0.6442971 0.3064994 0.6442971 0.3064994 0.6442971 0.3064994 0.6503439 0.3165881 0.6503439 0.3165881 0.6503439 0.3165881 0.6573505 0.3260353 0.6834119 0.3496559 0.6834119 0.3496559 0.6935006 0.3557029 0.6935006 0.3557029 0.6935006 0.3557029 0.7041335 0.3607318 0.7266175 0.3675523 0.7266175 0.3675523 0.7382521 0.3692781 0.7382521 0.3692781 0.7382521 0.3692781 0.75 0.3698553</float_array>
          <technique_common>
            <accessor source="#Cylinder_004-mesh-map-0-array" count="4596" stride="2">
              <param name="S" type="float"/>
              <param name="T" type="float"/>
            </accessor>
          </technique_common>
        </source>
        <vertices id="Cylinder_004-mesh-vertices">
          <input semantic="POSITION" source="#Cylinder_004-mesh-positions"/>
        </vertices>
        <triangles material="Black-material" count="1152">
          <input semantic="VERTEX" source="#Cylinder_004-mesh-vertices" offset="0"/>
          <input semantic="NORMAL" source="#Cylinder_004-mesh-normals" offset="1"/>
          <input semantic="TEXCOORD" source="#Cylinder_004-mesh-map-0" offset="2" set="0"/>
          <p>68 0 0 66 1 1 65 2 2 67 3 3 69 4 4 66 1 5 70 5 6 71 6 7 69 4 8 72 7 9 73 8 10 71 6 11 74 9 12 75 10 13 73 8 14 75 10 15 78 11 16 77 12 17 78 11 18 79 13 19 77 12 20 80 14 21 81 15 22 79 13 23 81 15 24 84 16 25 83 17 26 84 16 27 85 18 28 83 17 29 86 19 30 87 20 31 85 18 32 88 21 33 89 22 34 87 20 35 90 23 36 91 24 37 89 22 38 92 25 39 93 26 40 91 24 41 93 26 42 96 27 43 95 28 44 96 27 45 97 29 46 95 28 47 98 30 48 99 31 49 97 29 50 99 31 51 102 32 52 101 33 53 102 32 54 103 34 55 101 33 56 104 35 57 105 36 58 103 34 59 106 37 60 107 38 61 105 36 62 108 39 63 109 40 64 107 38 65 110 41 66 111 42 67 109 40 68 111 42 69 114 43 70 113 44 71 114 43 72 115 45 73 113 44 74 116 46 75 117 47 76 115 45 77 117 47 78 120 48 79 119 49 80 120 48 81 121 50 82 119 49 83 122 51 84 123 52 85 121 50 86 124 53 87 125 54 88 123 52 89 126 55 90 127 56 91 125 54 92 128 57 93 129 58 94 127 56 95 130 59 96 131 60 97 129 58 98 131 60 99 134 61 100 133 62 101 133 62 102 136 63 103 135 64 104 135 64 105 138 65 106 137 66 107 137 66 108 140 67 109 139 68 110 140 67 111 141 69 112 139 68 113 141 69 114 144 70 115 143 71 116 143 71 117 146 72 118 145 73 119 146 72 120 147 74 121 145 73 122 147 74 123 150 75 124 149 76 125 150 75 126 151 77 127 149 76 128 152 78 129 153 79 130 151 77 131 154 80 132 155 81 133 153 79 134 156 82 135 157 83 136 155 81 137 158 84 138 159 85 139 157 83 140 159 85 141 162 86 142 161 87 143 161 87 144 164 88 145 163 89 146 164 88 147 165 90 148 163 89 149 166 91 150 167 92 151 165 90 152 168 93 153 169 94 154 167 92 155 170 95 156 171 96 157 169 94 158 172 97 159 173 98 160 171 96 161 173 98 162 176 99 163 175 100 164 176 99 165 177 101 166 175 100 167 177 101 168 180 102 169 179 103 170 179 103 171 182 104 172 181 105 173 182 104 174 183 106 175 181 105 176 183 106 177 186 107 178 185 108 179 185 108 180 188 109 181 187 110 182 187 110 183 190 111 184 189 112 185 55 113 186 732 114 187 57 115 188 189 112 189 192 116 190 191 117 191 192 116 192 65 2 193 191 117 194 34 118 195 759 119 196 758 120 197 347 121 198 66 1 199 348 122 200 194 123 201 67 3 202 68 0 203 349 124 204 66 1 205 69 4 206 195 125 207 67 3 208 193 126 209 350 127 210 69 4 211 71 6 212 196 128 213 70 5 214 195 125 215 350 127 216 73 8 217 351 129 218 196 128 219 74 9 220 72 7 221 351 129 222 75 10 223 352 130 224 197 131 225 76 132 226 74 9 227 353 133 228 75 10 229 77 12 230 199 134 231 76 132 232 198 135 233 354 136 234 77 12 235 79 13 236 200 137 237 78 11 238 199 134 239 354 136 240 81 15 241 355 138 242 200 137 243 82 139 244 80 14 245 356 140 246 81 15 247 83 17 248 202 141 249 82 139 250 201 142 251 356 140 252 85 18 253 357 143 254 203 144 255 84 16 256 202 141 257 357 143 258 87 20 259 358 145 260 203 144 261 88 21 262 86 19 263 359 146 264 87 20 265 89 22 266 205 147 267 88 21 268 204 148 269 359 146 270 91 24 271 360 149 272 206 150 273 90 23 274 205 147 275 360 149 276 93 26 277 361 151 278 206 150 279 94 152 280 92 25 281 362 153 282 93 26 283 95 28 284 208 154 285 94 152 286 207 155 287 363 156 288 95 28 289 97 29 290 209 157 291 96 27 292 208 154 293 363 156 294 99 31 295 364 158 296 209 157 297 100 159 298 98 30 299 365 160 300 99 31 301 101 33 302 211 161 303 100 159 304 210 162 305 365 160 306 103 34 307 366 163 308 212 164 309 102 32 310 211 161 311 366 163 312 105 36 313 367 165 314 213 166 315 104 35 316 212 164 317 367 165 318 107 38 319 368 167 320 213 166 321 108 39 322 106 37 323 369 168 324 107 38 325 109 40 326 215 169 327 108 39 328 214 170 329 370 171 330 109 40 331 111 42 332 216 172 333 110 41 334 215 169 335 370 171 336 113 44 337 371 173 338 216 172 339 114 43 340 112 174 341 372 175 342 113 44 343 115 45 344 218 176 345 114 43 346 217 177 347 372 175 348 117 47 349 373 178 350 219 179 351 116 46 352 218 176 353 373 178 354 119 49 355 374 180 356 219 179 357 120 48 358 118 181 359 375 182 360 119 49 361 121 50 362 221 183 363 120 48 364 220 184 365 376 185 366 121 50 367 123 52 368 222 186 369 122 51 370 221 183 371 376 185 372 125 54 373 377 187 374 222 186 375 126 55 376 124 53 377 378 188 378 125 54 379 127 56 380 224 189 381 126 55 382 223 190 383 379 121 384 127 56 385 129 58 386 225 123 387 128 57 388 224 189 389 379 121 390 131 60 391 380 191 392 225 123 393 132 192 394 130 59 395 381 193 396 131 60 397 133 62 398 227 194 399 132 192 400 226 195 401 382 196 402 133 62 403 135 64 404 228 197 405 134 61 406 227 194 407 382 196 408 137 66 409 383 198 410 228 197 411 138 65 412 136 63 413 383 198 414 139 68 415 384 199 416 229 200 417 140 67 418 138 65 419 385 201 420 139 68 421 141 69 422 231 202 423 140 67 424 230 203 425 386 204 426 141 69 427 143 71 428 232 205 429 142 206 430 231 202 431 386 204 432 145 73 433 387 207 434 232 205 435 146 72 436 144 70 437 388 208 438 145 73 439 147 74 440 234 209 441 146 72 442 233 210 443 388 208 444 149 76 445 389 211 446 235 212 447 148 213 448 234 209 449 389 211 450 151 77 451 390 214 452 235 212 453 152 78 454 150 75 455 391 215 456 151 77 457 153 79 458 237 216 459 152 78 460 236 217 461 392 218 462 153 79 463 155 81 464 238 219 465 154 80 466 237 216 467 392 218 468 157 83 469 393 220 470 238 219 471 158 84 472 156 82 473 394 221 474 157 83 475 159 85 476 240 222 477 158 84 478 239 223 479 395 224 480 159 85 481 161 87 482 241 225 483 160 226 484 240 222 485 395 224 486 163 89 487 396 227 488 241 225 489 164 88 490 162 86 491 397 228 492 163 89 493 165 90 494 243 229 495 164 88 496 242 230 497 398 231 498 165 90 499 167 92 500 244 232 501 166 91 502 243 229 503 398 231 504 169 94 505 399 233 506 244 232 507 170 95 508 168 93 509 399 233 510 171 96 511 400 234 512 245 235 513 172 97 514 170 95 515 401 236 516 171 96 517 173 98 518 247 237 519 172 97 520 246 238 521 402 239 522 173 98 523 175 100 524 248 240 525 174 241 526 247 237 527 402 239 528 177 101 529 403 242 530 248 240 531 178 243 532 176 99 533 404 244 534 177 101 535 179 103 536 250 245 537 178 243 538 249 246 539 404 244 540 181 105 541 405 247 542 251 248 543 180 102 544 250 245 545 405 247 546 183 106 547 406 249 548 251 248 549 184 250 550 182 104 551 407 251 552 183 106 553 185 108 554 253 252 555 184 250 556 252 253 557 408 254 558 185 108 559 187 110 560 254 255 561 186 107 562 253 252 563 408 254 564 189 112 565 409 256 566 254 255 567 190 111 568 188 109 569 410 257 570 189 112 571 191 117 572 256 258 573 190 111 574 255 259 575 347 121 576 191 117 577 65 2 578 194 123 579 192 116 580 256 258 581 258 260 582 193 126 583 194 123 584 259 261 585 193 126 586 257 262 587 260 263 588 195 125 589 259 261 590 260 263 591 197 131 592 196 128 593 261 264 594 198 135 595 197 131 596 263 265 597 198 135 598 262 266 599 264 267 600 199 134 601 263 265 602 264 267 603 201 142 604 200 137 605 266 268 606 201 142 607 265 269 608 266 268 609 203 144 610 202 141 611 267 270 612 204 148 613 203 144 614 269 271 615 204 148 616 268 272 617 270 273 618 205 147 619 269 271 620 270 273 621 207 155 622 206 150 623 272 274 624 207 155 625 271 275 626 273 276 627 208 154 628 272 274 629 273 276 630 210 162 631 209 157 632 275 277 633 210 162 634 274 278 635 276 279 636 211 161 637 275 277 638 276 279 639 213 166 640 212 164 641 277 280 642 214 170 643 213 166 644 279 281 645 214 170 646 278 282 647 280 283 648 215 169 649 279 281 650 280 283 651 217 177 652 216 172 653 282 284 654 217 177 655 281 285 656 282 284 657 219 179 658 218 176 659 283 286 660 220 184 661 219 179 662 285 287 663 220 184 664 284 288 665 286 289 666 221 183 667 285 287 668 286 289 669 223 190 670 222 186 671 288 290 672 223 190 673 287 291 674 289 292 675 224 189 676 288 290 677 289 292 678 226 195 679 225 123 680 291 293 681 226 195 682 290 294 683 292 295 684 227 194 685 291 293 686 292 295 687 229 200 688 228 197 689 293 296 690 230 203 691 229 200 692 295 297 693 230 203 694 294 298 695 296 299 696 231 202 697 295 297 698 296 299 699 233 210 700 232 205 701 298 300 702 233 210 703 297 301 704 298 300 705 235 212 706 234 209 707 299 302 708 236 217 709 235 212 710 301 303 711 236 217 712 300 304 713 302 305 714 237 216 715 301 303 716 302 305 717 239 223 718 238 219 719 304 306 720 239 223 721 303 307 722 305 308 723 240 222 724 304 306 725 305 308 726 242 230 727 241 225 728 307 309 729 242 230 730 306 310 731 308 311 732 243 229 733 307 309 734 308 311 735 245 235 736 244 232 737 309 312 738 246 238 739 245 235 740 311 313 741 246 238 742 310 314 743 312 315 744 247 237 745 311 313 746 312 315 747 249 246 748 248 240 749 314 316 750 249 246 751 313 317 752 314 316 753 251 248 754 250 245 755 315 318 756 252 253 757 251 248 758 317 319 759 252 253 760 316 320 761 318 321 762 253 252 763 317 319 764 318 321 765 255 259 766 254 255 767 320 322 768 255 259 769 319 323 770 258 260 771 256 258 772 320 322 773 1 324 774 257 262 775 258 260 776 533 325 777 259 261 778 257 262 779 4 326 780 259 261 781 534 327 782 4 326 783 261 264 784 260 263 785 6 328 786 262 266 787 261 264 788 536 329 789 262 266 790 535 330 791 536 329 792 264 267 793 263 265 794 537 331 795 265 269 796 264 267 797 539 332 798 265 269 799 538 333 800 539 332 801 267 270 802 266 268 803 9 334 804 268 272 805 267 270 806 541 335 807 268 272 808 540 336 809 542 337 810 269 271 811 541 335 812 542 337 813 271 275 814 270 273 815 13 338 816 271 275 817 11 339 818 15 340 819 272 274 820 13 338 821 15 340 822 274 278 823 273 276 824 543 341 825 275 277 826 274 278 827 545 342 828 275 277 829 544 343 830 545 342 831 277 280 832 276 279 833 17 344 834 278 282 835 277 280 836 19 345 837 278 282 838 546 346 839 19 345 840 280 283 841 279 281 842 21 347 843 281 285 844 280 283 845 547 348 846 281 285 847 23 349 848 547 348 849 283 286 850 282 284 851 25 350 852 284 288 853 283 286 854 27 351 855 284 288 856 548 352 857 29 353 858 285 287 859 27 351 860 29 353 861 287 291 862 286 289 863 550 354 864 287 291 865 549 355 866 33 356 867 288 290 868 550 354 869 33 356 870 290 294 871 289 292 872 35 357 873 291 293 874 290 294 875 38 358 876 291 293 877 37 359 878 38 358 879 293 296 880 292 295 881 551 360 882 294 298 883 293 296 884 552 361 885 294 298 886 39 362 887 552 361 888 296 299 889 295 297 890 41 363 891 297 301 892 296 299 893 553 364 894 297 301 895 42 365 896 553 364 897 299 302 898 298 300 899 45 366 900 300 304 901 299 302 902 48 367 903 300 304 904 554 368 905 555 369 906 301 303 907 48 367 908 555 369 909 303 307 910 302 305 911 51 370 912 303 307 913 49 371 914 556 372 915 304 306 916 51 370 917 556 372 918 306 310 919 305 308 920 557 373 921 307 309 922 306 310 923 559 374 924 307 309 925 558 375 926 559 374 927 309 312 928 308 311 929 55 113 930 310 314 931 309 312 932 59 376 933 310 314 934 57 115 935 59 376 936 312 315 937 311 313 938 560 377 939 313 317 940 312 315 941 562 378 942 313 317 943 561 379 944 562 378 945 315 318 946 314 316 947 563 380 948 316 320 949 315 318 950 565 381 951 316 320 952 564 382 953 566 383 954 317 319 955 565 381 956 566 383 957 319 323 958 318 321 959 64 384 960 319 323 961 567 385 962 1 324 963 320 322 964 64 384 965 25 350 966 695 386 967 548 352 968 533 325 969 710 387 970 687 388 971 57 115 972 733 389 973 59 376 974 27 351 975 695 386 976 715 390 977 533 325 978 686 391 979 534 327 980 560 377 981 733 389 982 697 392 983 27 351 984 716 393 985 29 353 986 534 327 987 688 394 988 4 326 989 561 379 990 697 392 991 696 395 992 29 353 993 717 396 994 549 355 995 4 326 996 711 397 997 6 328 998 562 378 999 696 395 1000 734 398 1001 549 355 1002 718 399 1003 550 354 1004 6 328 1005 641 400 1006 535 330 1007 563 380 1008 734 398 1009 699 401 1010 550 354 1011 719 402 1012 33 356 1013 535 330 1014 640 403 1015 536 329 1016 564 382 1017 699 401 1018 698 404 1019 33 356 1020 720 405 1021 35 357 1022 536 329 1023 642 406 1024 537 331 1025 564 382 1026 735 407 1027 565 381 1028 37 359 1029 720 405 1030 721 408 1031 537 331 1032 690 409 1033 538 333 1034 566 383 1035 735 407 1036 656 410 1037 38 358 1038 721 408 1039 722 411 1040 538 333 1041 689 412 1042 539 332 1043 567 385 1044 656 410 1045 655 413 1046 551 360 1047 722 411 1048 723 414 1049 539 332 1050 644 415 1051 9 334 1052 64 384 1053 655 413 1054 736 416 1055 551 360 1056 648 417 1057 39 362 1058 9 334 1059 643 418 1060 540 336 1061 1 324 1062 736 416 1063 710 387 1064 552 361 1065 648 417 1066 647 419 1067 541 335 1068 643 418 1069 663 420 1070 41 363 1071 647 419 1072 724 421 1073 542 337 1074 663 420 1075 662 422 1076 42 365 1077 724 421 1078 725 423 1079 11 339 1080 662 422 1081 712 424 1082 553 364 1083 725 423 1084 726 425 1085 11 339 1086 713 426 1087 13 338 1088 45 366 1089 726 425 1090 727 427 1091 13 338 1092 665 428 1093 15 340 1094 45 366 1095 728 429 1096 554 368 1097 15 340 1098 664 430 1099 543 341 1100 554 368 1101 650 431 1102 48 367 1103 543 341 1104 714 432 1105 544 343 1106 48 367 1107 649 433 1108 555 369 1109 544 343 1110 646 434 1111 545 342 1112 555 369 1113 729 435 1114 49 371 1115 17 344 1116 646 434 1117 645 436 1118 49 371 1119 652 437 1120 51 370 1121 546 346 1122 645 436 1123 667 438 1124 556 372 1125 652 437 1126 651 439 1127 546 346 1128 666 440 1129 19 345 1130 556 372 1131 653 441 1132 557 373 1133 19 345 1134 692 442 1135 21 347 1136 558 375 1137 653 441 1138 654 443 1139 21 347 1140 691 444 1141 23 349 1142 558 375 1143 730 445 1144 559 374 1145 23 349 1146 693 446 1147 547 348 1148 559 374 1149 731 447 1150 55 113 1151 547 348 1152 694 448 1153 25 350 1154 411 449 1155 348 122 1156 412 450 1157 413 451 1158 348 122 1159 349 124 1160 414 452 1161 349 124 1162 350 127 1163 414 452 1164 351 129 1165 415 453 1166 415 453 1167 352 130 1168 416 454 1169 417 455 1170 352 130 1171 353 133 1172 418 456 1173 353 133 1174 354 136 1175 418 456 1176 355 138 1177 419 457 1178 420 458 1179 355 138 1180 356 140 1181 420 458 1182 357 143 1183 421 459 1184 421 459 1185 358 145 1186 422 460 1187 423 461 1188 358 145 1189 359 146 1190 424 462 1191 359 146 1192 360 149 1193 424 462 1194 361 151 1195 425 463 1196 426 464 1197 361 151 1198 362 153 1199 427 465 1200 362 153 1201 363 156 1202 427 465 1203 364 158 1204 428 466 1205 429 467 1206 364 158 1207 365 160 1208 430 468 1209 365 160 1210 366 163 1211 430 468 1212 367 165 1213 431 469 1214 431 469 1215 368 167 1216 432 470 1217 433 471 1218 368 167 1219 369 168 1220 434 472 1221 369 168 1222 370 171 1223 434 472 1224 371 173 1225 435 473 1226 436 474 1227 371 173 1228 372 175 1229 436 474 1230 373 178 1231 437 475 1232 437 475 1233 374 180 1234 438 476 1235 439 477 1236 374 180 1237 375 182 1238 440 478 1239 375 182 1240 376 185 1241 440 478 1242 377 187 1243 441 479 1244 442 480 1245 377 187 1246 378 188 1247 443 481 1248 378 188 1249 379 121 1250 443 481 1251 380 191 1252 444 482 1253 445 483 1254 380 191 1255 381 193 1256 446 484 1257 381 193 1258 382 196 1259 446 484 1260 383 198 1261 447 485 1262 447 485 1263 384 199 1264 448 486 1265 449 487 1266 384 199 1267 385 201 1268 450 488 1269 385 201 1270 386 204 1271 450 488 1272 387 207 1273 451 489 1274 452 490 1275 387 207 1276 388 208 1277 452 490 1278 389 211 1279 453 491 1280 453 491 1281 390 214 1282 454 492 1283 455 493 1284 390 214 1285 391 215 1286 456 494 1287 391 215 1288 392 218 1289 456 494 1290 393 220 1291 457 495 1292 458 496 1293 393 220 1294 394 221 1295 459 497 1296 394 221 1297 395 224 1298 459 497 1299 396 227 1300 460 498 1301 461 499 1302 396 227 1303 397 228 1304 462 500 1305 397 228 1306 398 231 1307 462 500 1308 399 233 1309 463 501 1310 463 501 1311 400 234 1312 464 502 1313 465 503 1314 400 234 1315 401 236 1316 466 504 1317 401 236 1318 402 239 1319 466 504 1320 403 242 1321 467 505 1322 468 506 1323 403 242 1324 404 244 1325 468 506 1326 405 247 1327 469 507 1328 469 507 1329 406 249 1330 470 508 1331 471 509 1332 406 249 1333 407 251 1334 472 510 1335 407 251 1336 408 254 1337 472 510 1338 409 256 1339 473 511 1340 474 512 1341 409 256 1342 410 257 1343 411 449 1344 410 257 1345 347 121 1346 0 513 1347 412 450 1348 2 514 1349 2 514 1350 413 451 1351 568 515 1352 3 516 1353 413 451 1354 414 452 1355 3 516 1356 415 453 1357 5 517 1358 5 517 1359 416 454 1360 569 518 1361 570 519 1362 416 454 1363 417 455 1364 570 519 1365 418 456 1366 571 520 1367 571 520 1368 419 457 1369 7 521 1370 8 522 1371 419 457 1372 420 458 1373 8 522 1374 421 459 1375 572 523 1376 572 523 1377 422 460 1378 573 524 1379 574 525 1380 422 460 1381 423 461 1382 575 526 1383 423 461 1384 424 462 1385 575 526 1386 425 463 1387 10 527 1388 12 528 1389 425 463 1390 426 464 1391 14 529 1392 426 464 1393 427 465 1394 14 529 1395 428 466 1396 576 530 1397 576 530 1398 429 467 1399 577 531 1400 578 532 1401 429 467 1402 430 468 1403 578 532 1404 431 469 1405 16 533 1406 16 533 1407 432 470 1408 579 534 1409 18 535 1410 432 470 1411 433 471 1412 18 535 1413 434 472 1414 20 536 1415 20 536 1416 435 473 1417 22 537 1418 580 538 1419 435 473 1420 436 474 1421 580 538 1422 437 475 1423 24 539 1424 24 539 1425 438 476 1426 581 540 1427 26 541 1428 438 476 1429 439 477 1430 28 542 1431 439 477 1432 440 478 1433 28 542 1434 441 479 1435 30 543 1436 31 544 1437 441 479 1438 442 480 1439 32 545 1440 442 480 1441 443 481 1442 32 545 1443 444 482 1444 34 118 1445 34 118 1446 445 483 1447 36 546 1448 582 547 1449 445 483 1450 446 484 1451 582 547 1452 447 485 1453 583 548 1454 583 548 1455 448 486 1456 584 549 1457 585 550 1458 448 486 1459 449 487 1460 585 550 1461 450 488 1462 40 551 1463 40 551 1464 451 489 1465 586 552 1466 43 553 1467 451 489 1468 452 490 1469 43 553 1470 453 491 1471 44 554 1472 44 554 1473 454 492 1474 46 555 1475 47 556 1476 454 492 1477 455 493 1478 587 557 1479 455 493 1480 456 494 1481 587 557 1482 457 495 1483 588 558 1484 50 559 1485 457 495 1486 458 496 1487 589 560 1488 458 496 1489 459 497 1490 589 560 1491 460 498 1492 590 561 1493 590 561 1494 461 499 1495 52 562 1496 53 563 1497 461 499 1498 462 500 1499 53 563 1500 463 501 1501 54 564 1502 54 564 1503 464 502 1504 56 565 1505 58 566 1506 464 502 1507 465 503 1508 58 566 1509 466 504 1510 60 567 1511 60 567 1512 467 505 1513 591 568 1514 61 569 1515 467 505 1516 468 506 1517 61 569 1518 469 507 1519 592 570 1520 592 570 1521 470 508 1522 593 571 1523 594 572 1524 470 508 1525 471 509 1526 62 573 1527 471 509 1528 472 510 1529 62 573 1530 473 511 1531 595 574 1532 63 575 1533 473 511 1534 474 512 1535 0 513 1536 474 512 1537 411 449 1538 7 521 1539 739 576 1540 571 520 1541 594 572 1542 684 577 1543 683 578 1544 36 546 1545 673 579 1546 759 119 1547 8 522 1548 740 580 1549 7 521 1550 62 573 1551 685 581 1552 684 577 1553 582 547 1554 674 582 1555 673 579 1556 572 523 1557 741 583 1558 8 522 1559 595 574 1560 767 584 1561 685 581 1562 584 549 1563 674 582 1564 583 548 1565 573 524 1566 742 585 1567 572 523 1568 0 513 1569 767 584 1570 63 575 1571 584 549 1572 760 586 1573 675 587 1574 573 524 1575 744 588 1576 743 589 1577 585 550 1578 676 590 1579 760 586 1580 574 525 1581 745 591 1582 744 588 1583 40 551 1584 677 592 1585 676 590 1586 575 526 1587 746 593 1588 745 591 1589 586 552 1590 761 594 1591 677 592 1592 12 528 1593 746 593 1594 10 527 1595 43 553 1596 704 595 1597 761 594 1598 14 529 1599 747 596 1600 12 528 1601 46 555 1602 704 595 1603 44 554 1604 576 530 1605 748 597 1606 14 529 1607 47 556 1608 705 598 1609 46 555 1610 577 531 1611 749 599 1612 576 530 1613 587 557 1614 678 600 1615 47 556 1616 577 531 1617 751 601 1618 750 602 1619 588 558 1620 679 603 1621 587 557 1622 578 532 1623 752 604 1624 751 601 1625 50 559 1626 762 605 1627 588 558 1628 16 533 1629 753 606 1630 752 604 1631 50 559 1632 661 607 1633 660 608 1634 18 535 1635 753 606 1636 579 534 1637 590 561 1638 661 607 1639 589 560 1640 20 536 1641 702 609 1642 18 535 1643 590 561 1644 681 610 1645 680 611 1646 22 537 1647 703 612 1648 20 536 1649 53 563 1650 681 610 1651 52 562 1652 580 538 1653 657 613 1654 22 537 1655 54 564 1656 682 614 1657 53 563 1658 24 539 1659 658 615 1660 580 538 1661 56 565 1662 763 616 1663 54 564 1664 581 540 1665 659 617 1666 24 539 1667 2 514 1668 737 618 1669 0 513 1670 58 566 1671 764 619 1672 56 565 1673 581 540 1674 755 620 1675 754 621 1676 568 515 1677 738 622 1678 2 514 1679 58 566 1680 706 623 1681 765 624 1682 28 542 1683 755 620 1684 26 541 1685 3 516 1686 668 625 1687 568 515 1688 60 567 1689 707 626 1690 706 623 1691 30 543 1692 756 627 1693 28 542 1694 5 517 1695 669 628 1696 3 516 1697 591 568 1698 708 629 1699 707 626 1700 31 544 1701 757 630 1702 30 543 1703 569 518 1704 670 631 1705 5 517 1706 61 569 1707 709 632 1708 708 629 1709 31 544 1710 672 633 1711 671 634 1712 570 519 1713 700 635 1714 569 518 1715 592 570 1716 766 636 1717 709 632 1718 32 545 1719 758 120 1720 672 633 1721 571 520 1722 701 637 1723 570 519 1724 594 572 1725 766 636 1726 593 571 1727 68 0 2118 67 3 2119 66 1 2120 67 3 2121 70 5 2122 69 4 2123 70 5 2124 72 7 2125 71 6 2126 72 7 2127 74 9 2128 73 8 2129 74 9 2130 76 132 2131 75 10 2132 75 10 2133 76 132 2134 78 11 2135 78 11 2136 80 14 2137 79 13 2138 80 14 2139 82 139 2140 81 15 2141 81 15 2142 82 139 2143 84 16 2144 84 16 2145 86 19 2146 85 18 2147 86 19 2148 88 21 2149 87 20 2150 88 21 2151 90 23 2152 89 22 2153 90 23 2154 92 25 2155 91 24 2156 92 25 2157 94 152 2158 93 26 2159 93 26 2160 94 152 2161 96 27 2162 96 27 2163 98 30 2164 97 29 2165 98 30 2166 100 159 2167 99 31 2168 99 31 2169 100 159 2170 102 32 2171 102 32 2172 104 35 2173 103 34 2174 104 35 2175 106 37 2176 105 36 2177 106 37 2178 108 39 2179 107 38 2180 108 39 2181 110 41 2182 109 40 2183 110 41 2184 112 174 2185 111 42 2186 111 42 2187 112 174 2188 114 43 2189 114 43 2190 116 46 2191 115 45 2192 116 46 2193 118 181 2194 117 47 2195 117 47 2196 118 181 2197 120 48 2198 120 48 2199 122 51 2200 121 50 2201 122 51 2202 124 53 2203 123 52 2204 124 53 2205 126 55 2206 125 54 2207 126 55 2208 128 57 2209 127 56 2210 128 57 2211 130 59 2212 129 58 2213 130 59 2214 132 192 2215 131 60 2216 131 60 2217 132 192 2218 134 61 2219 133 62 2220 134 61 2221 136 63 2222 135 64 2223 136 63 2224 138 65 2225 137 66 2226 138 65 2227 140 67 2228 140 67 2229 142 206 2230 141 69 2231 141 69 2232 142 206 2233 144 70 2234 143 71 2235 144 70 2236 146 72 2237 146 72 2238 148 213 2239 147 74 2240 147 74 2241 148 213 2242 150 75 2243 150 75 2244 152 78 2245 151 77 2246 152 78 2247 154 80 2248 153 79 2249 154 80 2250 156 82 2251 155 81 2252 156 82 2253 158 84 2254 157 83 2255 158 84 2256 160 226 2257 159 85 2258 159 85 2259 160 226 2260 162 86 2261 161 87 2262 162 86 2263 164 88 2264 164 88 2265 166 91 2266 165 90 2267 166 91 2268 168 93 2269 167 92 2270 168 93 2271 170 95 2272 169 94 2273 170 95 2274 172 97 2275 171 96 2276 172 97 2277 174 241 2278 173 98 2279 173 98 2280 174 241 2281 176 99 2282 176 99 2283 178 243 2284 177 101 2285 177 101 2286 178 243 2287 180 102 2288 179 103 2289 180 102 2290 182 104 2291 182 104 2292 184 250 2293 183 106 2294 183 106 2295 184 250 2296 186 107 2297 185 108 2298 186 107 2299 188 109 2300 187 110 2301 188 109 2302 190 111 2303 55 113 2304 731 447 2305 732 114 2306 189 112 2307 190 111 2308 192 116 2309 192 116 2310 68 0 2311 65 2 2312 34 118 2313 36 546 2314 759 119 2315 347 121 2316 65 2 2317 66 1 2318 194 123 2319 193 126 2320 67 3 2321 349 124 2322 348 122 2323 66 1 2324 195 125 2325 70 5 2326 67 3 2327 350 127 2328 349 124 2329 69 4 2330 196 128 2331 72 7 2332 70 5 2333 350 127 2334 71 6 2335 73 8 2336 196 128 2337 197 131 2338 74 9 2339 351 129 2340 73 8 2341 75 10 2342 197 131 2343 198 135 2344 76 132 2345 353 133 2346 352 130 2347 75 10 2348 199 134 2349 78 11 2350 76 132 2351 354 136 2352 353 133 2353 77 12 2354 200 137 2355 80 14 2356 78 11 2357 354 136 2358 79 13 2359 81 15 2360 200 137 2361 201 142 2362 82 139 2363 356 140 2364 355 138 2365 81 15 2366 202 141 2367 84 16 2368 82 139 2369 356 140 2370 83 17 2371 85 18 2372 203 144 2373 86 19 2374 84 16 2375 357 143 2376 85 18 2377 87 20 2378 203 144 2379 204 148 2380 88 21 2381 359 146 2382 358 145 2383 87 20 2384 205 147 2385 90 23 2386 88 21 2387 359 146 2388 89 22 2389 91 24 2390 206 150 2391 92 25 2392 90 23 2393 360 149 2394 91 24 2395 93 26 2396 206 150 2397 207 155 2398 94 152 2399 362 153 2400 361 151 2401 93 26 2402 208 154 2403 96 27 2404 94 152 2405 363 156 2406 362 153 2407 95 28 2408 209 157 2409 98 30 2410 96 27 2411 363 156 2412 97 29 2413 99 31 2414 209 157 2415 210 162 2416 100 159 2417 365 160 2418 364 158 2419 99 31 2420 211 161 2421 102 32 2422 100 159 2423 365 160 2424 101 33 2425 103 34 2426 212 164 2427 104 35 2428 102 32 2429 366 163 2430 103 34 2431 105 36 2432 213 166 2433 106 37 2434 104 35 2435 367 165 2436 105 36 2437 107 38 2438 213 166 2439 214 170 2440 108 39 2441 369 168 2442 368 167 2443 107 38 2444 215 169 2445 110 41 2446 108 39 2447 370 171 2448 369 168 2449 109 40 2450 216 172 2451 112 174 2452 110 41 2453 370 171 2454 111 42 2455 113 44 2456 216 172 2457 217 177 2458 114 43 2459 372 175 2460 371 173 2461 113 44 2462 218 176 2463 116 46 2464 114 43 2465 372 175 2466 115 45 2467 117 47 2468 219 179 2469 118 181 2470 116 46 2471 373 178 2472 117 47 2473 119 49 2474 219 179 2475 220 184 2476 120 48 2477 375 182 2478 374 180 2479 119 49 2480 221 183 2481 122 51 2482 120 48 2483 376 185 2484 375 182 2485 121 50 2486 222 186 2487 124 53 2488 122 51 2489 376 185 2490 123 52 2491 125 54 2492 222 186 2493 223 190 2494 126 55 2495 378 188 2496 377 187 2497 125 54 2498 224 189 2499 128 57 2500 126 55 2501 379 121 2502 378 188 2503 127 56 2504 225 123 2505 130 59 2506 128 57 2507 379 121 2508 129 58 2509 131 60 2510 225 123 2511 226 195 2512 132 192 2513 381 193 2514 380 191 2515 131 60 2516 227 194 2517 134 61 2518 132 192 2519 382 196 2520 381 193 2521 133 62 2522 228 197 2523 136 63 2524 134 61 2525 382 196 2526 135 64 2527 137 66 2528 228 197 2529 229 200 2530 138 65 2531 383 198 2532 137 66 2533 139 68 2534 229 200 2535 230 203 2536 140 67 2537 385 201 2538 384 199 2539 139 68 2540 231 202 2541 142 206 2542 140 67 2543 386 204 2544 385 201 2545 141 69 2546 232 205 2547 144 70 2548 142 206 2549 386 204 2550 143 71 2551 145 73 2552 232 205 2553 233 210 2554 146 72 2555 388 208 2556 387 207 2557 145 73 2558 234 209 2559 148 213 2560 146 72 2561 388 208 2562 147 74 2563 149 76 2564 235 212 2565 150 75 2566 148 213 2567 389 211 2568 149 76 2569 151 77 2570 235 212 2571 236 217 2572 152 78 2573 391 215 2574 390 214 2575 151 77 2576 237 216 2577 154 80 2578 152 78 2579 392 218 2580 391 215 2581 153 79 2582 238 219 2583 156 82 2584 154 80 2585 392 218 2586 155 81 2587 157 83 2588 238 219 2589 239 223 2590 158 84 2591 394 221 2592 393 220 2593 157 83 2594 240 222 2595 160 226 2596 158 84 2597 395 224 2598 394 221 2599 159 85 2600 241 225 2601 162 86 2602 160 226 2603 395 224 2604 161 87 2605 163 89 2606 241 225 2607 242 230 2608 164 88 2609 397 228 2610 396 227 2611 163 89 2612 243 229 2613 166 91 2614 164 88 2615 398 231 2616 397 228 2617 165 90 2618 244 232 2619 168 93 2620 166 91 2621 398 231 2622 167 92 2623 169 94 2624 244 232 2625 245 235 2626 170 95 2627 399 233 2628 169 94 2629 171 96 2630 245 235 2631 246 238 2632 172 97 2633 401 236 2634 400 234 2635 171 96 2636 247 237 2637 174 241 2638 172 97 2639 402 239 2640 401 236 2641 173 98 2642 248 240 2643 176 99 2644 174 241 2645 402 239 2646 175 100 2647 177 101 2648 248 240 2649 249 246 2650 178 243 2651 404 244 2652 403 242 2653 177 101 2654 250 245 2655 180 102 2656 178 243 2657 404 244 2658 179 103 2659 181 105 2660 251 248 2661 182 104 2662 180 102 2663 405 247 2664 181 105 2665 183 106 2666 251 248 2667 252 253 2668 184 250 2669 407 251 2670 406 249 2671 183 106 2672 253 252 2673 186 107 2674 184 250 2675 408 254 2676 407 251 2677 185 108 2678 254 255 2679 188 109 2680 186 107 2681 408 254 2682 187 110 2683 189 112 2684 254 255 2685 255 259 2686 190 111 2687 410 257 2688 409 256 2689 189 112 2690 256 258 2691 192 116 2692 190 111 2693 347 121 2694 410 257 2695 191 117 2696 194 123 2697 68 0 2698 192 116 2699 258 260 2700 257 262 2701 193 126 2702 259 261 2703 195 125 2704 193 126 2705 260 263 2706 196 128 2707 195 125 2708 260 263 2709 261 264 2710 197 131 2711 261 264 2712 262 266 2713 198 135 2714 263 265 2715 199 134 2716 198 135 2717 264 267 2718 200 137 2719 199 134 2720 264 267 2721 265 269 2722 201 142 2723 266 268 2724 202 141 2725 201 142 2726 266 268 2727 267 270 2728 203 144 2729 267 270 2730 268 272 2731 204 148 2732 269 271 2733 205 147 2734 204 148 2735 270 273 2736 206 150 2737 205 147 2738 270 273 2739 271 275 2740 207 155 2741 272 274 2742 208 154 2743 207 155 2744 273 276 2745 209 157 2746 208 154 2747 273 276 2748 274 278 2749 210 162 2750 275 277 2751 211 161 2752 210 162 2753 276 279 2754 212 164 2755 211 161 2756 276 279 2757 277 280 2758 213 166 2759 277 280 2760 278 282 2761 214 170 2762 279 281 2763 215 169 2764 214 170 2765 280 283 2766 216 172 2767 215 169 2768 280 283 2769 281 285 2770 217 177 2771 282 284 2772 218 176 2773 217 177 2774 282 284 2775 283 286 2776 219 179 2777 283 286 2778 284 288 2779 220 184 2780 285 287 2781 221 183 2782 220 184 2783 286 289 2784 222 186 2785 221 183 2786 286 289 2787 287 291 2788 223 190 2789 288 290 2790 224 189 2791 223 190 2792 289 292 2793 225 123 2794 224 189 2795 289 292 2796 290 294 2797 226 195 2798 291 293 2799 227 194 2800 226 195 2801 292 295 2802 228 197 2803 227 194 2804 292 295 2805 293 296 2806 229 200 2807 293 296 2808 294 298 2809 230 203 2810 295 297 2811 231 202 2812 230 203 2813 296 299 2814 232 205 2815 231 202 2816 296 299 2817 297 301 2818 233 210 2819 298 300 2820 234 209 2821 233 210 2822 298 300 2823 299 302 2824 235 212 2825 299 302 2826 300 304 2827 236 217 2828 301 303 2829 237 216 2830 236 217 2831 302 305 2832 238 219 2833 237 216 2834 302 305 2835 303 307 2836 239 223 2837 304 306 2838 240 222 2839 239 223 2840 305 308 2841 241 225 2842 240 222 2843 305 308 2844 306 310 2845 242 230 2846 307 309 2847 243 229 2848 242 230 2849 308 311 2850 244 232 2851 243 229 2852 308 311 2853 309 312 2854 245 235 2855 309 312 2856 310 314 2857 246 238 2858 311 313 2859 247 237 2860 246 238 2861 312 315 2862 248 240 2863 247 237 2864 312 315 2865 313 317 2866 249 246 2867 314 316 2868 250 245 2869 249 246 2870 314 316 2871 315 318 2872 251 248 2873 315 318 2874 316 320 2875 252 253 2876 317 319 2877 253 252 2878 252 253 2879 318 321 2880 254 255 2881 253 252 2882 318 321 2883 319 323 2884 255 259 2885 320 322 2886 256 258 2887 255 259 2888 258 260 2889 194 123 2890 256 258 2891 1 324 2892 533 325 2893 257 262 2894 533 325 2895 534 327 2896 259 261 2897 4 326 2898 260 263 2899 259 261 2900 4 326 2901 6 328 2902 261 264 2903 6 328 2904 535 330 2905 262 266 2906 536 329 2907 263 265 2908 262 266 2909 536 329 2910 537 331 2911 264 267 2912 537 331 2913 538 333 2914 265 269 2915 539 332 2916 266 268 2917 265 269 2918 539 332 2919 9 334 2920 267 270 2921 9 334 2922 540 336 2923 268 272 2924 541 335 2925 269 271 2926 268 272 2927 542 337 2928 270 273 2929 269 271 2930 542 337 2931 11 339 2932 271 275 2933 13 338 2934 272 274 2935 271 275 2936 15 340 2937 273 276 2938 272 274 2939 15 340 2940 543 341 2941 274 278 2942 543 341 2943 544 343 2944 275 277 2945 545 342 2946 276 279 2947 275 277 2948 545 342 2949 17 344 2950 277 280 2951 17 344 2952 546 346 2953 278 282 2954 19 345 2955 279 281 2956 278 282 2957 19 345 2958 21 347 2959 280 283 2960 21 347 2961 23 349 2962 281 285 2963 547 348 2964 282 284 2965 281 285 2966 547 348 2967 25 350 2968 283 286 2969 25 350 2970 548 352 2971 284 288 2972 27 351 2973 285 287 2974 284 288 2975 29 353 2976 286 289 2977 285 287 2978 29 353 2979 549 355 2980 287 291 2981 550 354 2982 288 290 2983 287 291 2984 33 356 2985 289 292 2986 288 290 2987 33 356 2988 35 357 2989 290 294 2990 35 357 2991 37 359 2992 291 293 2993 38 358 2994 292 295 2995 291 293 2996 38 358 2997 551 360 2998 293 296 2999 551 360 3000 39 362 3001 294 298 3002 552 361 3003 295 297 3004 294 298 3005 552 361 3006 41 363 3007 296 299 3008 41 363 3009 42 365 3010 297 301 3011 553 364 3012 298 300 3013 297 301 3014 553 364 3015 45 366 3016 299 302 3017 45 366 3018 554 368 3019 300 304 3020 48 367 3021 301 303 3022 300 304 3023 555 369 3024 302 305 3025 301 303 3026 555 369 3027 49 371 3028 303 307 3029 51 370 3030 304 306 3031 303 307 3032 556 372 3033 305 308 3034 304 306 3035 556 372 3036 557 373 3037 306 310 3038 557 373 3039 558 375 3040 307 309 3041 559 374 3042 308 311 3043 307 309 3044 559 374 3045 55 113 3046 309 312 3047 55 113 3048 57 115 3049 310 314 3050 59 376 3051 311 313 3052 310 314 3053 59 376 3054 560 377 3055 312 315 3056 560 377 3057 561 379 3058 313 317 3059 562 378 3060 314 316 3061 313 317 3062 562 378 3063 563 380 3064 315 318 3065 563 380 3066 564 382 3067 316 320 3068 565 381 3069 317 319 3070 316 320 3071 566 383 3072 318 321 3073 317 319 3074 566 383 3075 567 385 3076 319 323 3077 64 384 3078 320 322 3079 319 323 3080 1 324 3081 258 260 3082 320 322 3083 25 350 3084 694 448 3085 695 386 3086 533 325 3087 1 324 3088 710 387 3089 57 115 3090 732 114 3091 733 389 3092 27 351 3093 548 352 3094 695 386 3095 533 325 3096 687 388 3097 686 391 3098 560 377 3099 59 376 3100 733 389 3101 27 351 3102 715 390 3103 716 393 3104 534 327 3105 686 391 3106 688 394 3107 561 379 3108 560 377 3109 697 392 3110 29 353 3111 716 393 3112 717 396 3113 4 326 3114 688 394 3115 711 397 3116 562 378 3117 561 379 3118 696 395 3119 549 355 3120 717 396 3121 718 399 3122 6 328 3123 711 397 3124 641 400 3125 563 380 3126 562 378 3127 734 398 3128 550 354 3129 718 399 3130 719 402 3131 535 330 3132 641 400 3133 640 403 3134 564 382 3135 563 380 3136 699 401 3137 33 356 3138 719 402 3139 720 405 3140 536 329 3141 640 403 3142 642 406 3143 564 382 3144 698 404 3145 735 407 3146 37 359 3147 35 357 3148 720 405 3149 537 331 3150 642 406 3151 690 409 3152 566 383 3153 565 381 3154 735 407 3155 38 358 3156 37 359 3157 721 408 3158 538 333 3159 690 409 3160 689 412 3161 567 385 3162 566 383 3163 656 410 3164 551 360 3165 38 358 3166 722 411 3167 539 332 3168 689 412 3169 644 415 3170 64 384 3171 567 385 3172 655 413 3173 551 360 3174 723 414 3175 648 417 3176 9 334 3177 644 415 3178 643 418 3179 1 324 3180 64 384 3181 736 416 3182 552 361 3183 39 362 3184 648 417 3185 541 335 3186 540 336 3187 643 418 3188 41 363 3189 552 361 3190 647 419 3191 542 337 3192 541 335 3193 663 420 3194 42 365 3195 41 363 3196 724 421 3197 11 339 3198 542 337 3199 662 422 3200 553 364 3201 42 365 3202 725 423 3203 11 339 3204 712 424 3205 713 426 3206 45 366 3207 553 364 3208 726 425 3209 13 338 3210 713 426 3211 665 428 3212 45 366 3213 727 427 3214 728 429 3215 15 340 3216 665 428 3217 664 430 3218 554 368 3219 728 429 3220 650 431 3221 543 341 3222 664 430 3223 714 432 3224 48 367 3225 650 431 3226 649 433 3227 544 343 3228 714 432 3229 646 434 3230 555 369 3231 649 433 3232 729 435 3233 17 344 3234 545 342 3235 646 434 3236 49 371 3237 729 435 3238 652 437 3239 546 346 3240 17 344 3241 645 436 3242 556 372 3243 51 370 3244 652 437 3245 546 346 3246 667 438 3247 666 440 3248 556 372 3249 651 439 3250 653 441 3251 19 345 3252 666 440 3253 692 442 3254 558 375 3255 557 373 3256 653 441 3257 21 347 3258 692 442 3259 691 444 3260 558 375 3261 654 443 3262 730 445 3263 23 349 3264 691 444 3265 693 446 3266 559 374 3267 730 445 3268 731 447 3269 547 348 3270 693 446 3271 694 448 3272 411 449 3273 347 121 3274 348 122 3275 413 451 3276 412 450 3277 348 122 3278 414 452 3279 413 451 3280 349 124 3281 414 452 3282 350 127 3283 351 129 3284 415 453 3285 351 129 3286 352 130 3287 417 455 3288 416 454 3289 352 130 3290 418 456 3291 417 455 3292 353 133 3293 418 456 3294 354 136 3295 355 138 3296 420 458 3297 419 457 3298 355 138 3299 420 458 3300 356 140 3301 357 143 3302 421 459 3303 357 143 3304 358 145 3305 423 461 3306 422 460 3307 358 145 3308 424 462 3309 423 461 3310 359 146 3311 424 462 3312 360 149 3313 361 151 3314 426 464 3315 425 463 3316 361 151 3317 427 465 3318 426 464 3319 362 153 3320 427 465 3321 363 156 3322 364 158 3323 429 467 3324 428 466 3325 364 158 3326 430 468 3327 429 467 3328 365 160 3329 430 468 3330 366 163 3331 367 165 3332 431 469 3333 367 165 3334 368 167 3335 433 471 3336 432 470 3337 368 167 3338 434 472 3339 433 471 3340 369 168 3341 434 472 3342 370 171 3343 371 173 3344 436 474 3345 435 473 3346 371 173 3347 436 474 3348 372 175 3349 373 178 3350 437 475 3351 373 178 3352 374 180 3353 439 477 3354 438 476 3355 374 180 3356 440 478 3357 439 477 3358 375 182 3359 440 478 3360 376 185 3361 377 187 3362 442 480 3363 441 479 3364 377 187 3365 443 481 3366 442 480 3367 378 188 3368 443 481 3369 379 121 3370 380 191 3371 445 483 3372 444 482 3373 380 191 3374 446 484 3375 445 483 3376 381 193 3377 446 484 3378 382 196 3379 383 198 3380 447 485 3381 383 198 3382 384 199 3383 449 487 3384 448 486 3385 384 199 3386 450 488 3387 449 487 3388 385 201 3389 450 488 3390 386 204 3391 387 207 3392 452 490 3393 451 489 3394 387 207 3395 452 490 3396 388 208 3397 389 211 3398 453 491 3399 389 211 3400 390 214 3401 455 493 3402 454 492 3403 390 214 3404 456 494 3405 455 493 3406 391 215 3407 456 494 3408 392 218 3409 393 220 3410 458 496 3411 457 495 3412 393 220 3413 459 497 3414 458 496 3415 394 221 3416 459 497 3417 395 224 3418 396 227 3419 461 499 3420 460 498 3421 396 227 3422 462 500 3423 461 499 3424 397 228 3425 462 500 3426 398 231 3427 399 233 3428 463 501 3429 399 233 3430 400 234 3431 465 503 3432 464 502 3433 400 234 3434 466 504 3435 465 503 3436 401 236 3437 466 504 3438 402 239 3439 403 242 3440 468 506 3441 467 505 3442 403 242 3443 468 506 3444 404 244 3445 405 247 3446 469 507 3447 405 247 3448 406 249 3449 471 509 3450 470 508 3451 406 249 3452 472 510 3453 471 509 3454 407 251 3455 472 510 3456 408 254 3457 409 256 3458 474 512 3459 473 511 3460 409 256 3461 411 449 3462 474 512 3463 410 257 3464 0 513 3465 411 449 3466 412 450 3467 2 514 3468 412 450 3469 413 451 3470 3 516 3471 568 515 3472 413 451 3473 3 516 3474 414 452 3475 415 453 3476 5 517 3477 415 453 3478 416 454 3479 570 519 3480 569 518 3481 416 454 3482 570 519 3483 417 455 3484 418 456 3485 571 520 3486 418 456 3487 419 457 3488 8 522 3489 7 521 3490 419 457 3491 8 522 3492 420 458 3493 421 459 3494 572 523 3495 421 459 3496 422 460 3497 574 525 3498 573 524 3499 422 460 3500 575 526 3501 574 525 3502 423 461 3503 575 526 3504 424 462 3505 425 463 3506 12 528 3507 10 527 3508 425 463 3509 14 529 3510 12 528 3511 426 464 3512 14 529 3513 427 465 3514 428 466 3515 576 530 3516 428 466 3517 429 467 3518 578 532 3519 577 531 3520 429 467 3521 578 532 3522 430 468 3523 431 469 3524 16 533 3525 431 469 3526 432 470 3527 18 535 3528 579 534 3529 432 470 3530 18 535 3531 433 471 3532 434 472 3533 20 536 3534 434 472 3535 435 473 3536 580 538 3537 22 537 3538 435 473 3539 580 538 3540 436 474 3541 437 475 3542 24 539 3543 437 475 3544 438 476 3545 26 541 3546 581 540 3547 438 476 3548 28 542 3549 26 541 3550 439 477 3551 28 542 3552 440 478 3553 441 479 3554 31 544 3555 30 543 3556 441 479 3557 32 545 3558 31 544 3559 442 480 3560 32 545 3561 443 481 3562 444 482 3563 34 118 3564 444 482 3565 445 483 3566 582 547 3567 36 546 3568 445 483 3569 582 547 3570 446 484 3571 447 485 3572 583 548 3573 447 485 3574 448 486 3575 585 550 3576 584 549 3577 448 486 3578 585 550 3579 449 487 3580 450 488 3581 40 551 3582 450 488 3583 451 489 3584 43 553 3585 586 552 3586 451 489 3587 43 553 3588 452 490 3589 453 491 3590 44 554 3591 453 491 3592 454 492 3593 47 556 3594 46 555 3595 454 492 3596 587 557 3597 47 556 3598 455 493 3599 587 557 3600 456 494 3601 457 495 3602 50 559 3603 588 558 3604 457 495 3605 589 560 3606 50 559 3607 458 496 3608 589 560 3609 459 497 3610 460 498 3611 590 561 3612 460 498 3613 461 499 3614 53 563 3615 52 562 3616 461 499 3617 53 563 3618 462 500 3619 463 501 3620 54 564 3621 463 501 3622 464 502 3623 58 566 3624 56 565 3625 464 502 3626 58 566 3627 465 503 3628 466 504 3629 60 567 3630 466 504 3631 467 505 3632 61 569 3633 591 568 3634 467 505 3635 61 569 3636 468 506 3637 469 507 3638 592 570 3639 469 507 3640 470 508 3641 594 572 3642 593 571 3643 470 508 3644 62 573 3645 594 572 3646 471 509 3647 62 573 3648 472 510 3649 473 511 3650 63 575 3651 595 574 3652 473 511 3653 0 513 3654 63 575 3655 474 512 3656 7 521 3657 740 580 3658 739 576 3659 594 572 3660 62 573 3661 684 577 3662 36 546 3663 582 547 3664 673 579 3665 8 522 3666 741 583 3667 740 580 3668 62 573 3669 595 574 3670 685 581 3671 582 547 3672 583 548 3673 674 582 3674 572 523 3675 742 585 3676 741 583 3677 595 574 3678 63 575 3679 767 584 3680 584 549 3681 675 587 3682 674 582 3683 573 524 3684 743 589 3685 742 585 3686 0 513 3687 737 618 3688 767 584 3689 584 549 3690 585 550 3691 760 586 3692 573 524 3693 574 525 3694 744 588 3695 585 550 3696 40 551 3697 676 590 3698 574 525 3699 575 526 3700 745 591 3701 40 551 3702 586 552 3703 677 592 3704 575 526 3705 10 527 3706 746 593 3707 586 552 3708 43 553 3709 761 594 3710 12 528 3711 747 596 3712 746 593 3713 43 553 3714 44 554 3715 704 595 3716 14 529 3717 748 597 3718 747 596 3719 46 555 3720 705 598 3721 704 595 3722 576 530 3723 749 599 3724 748 597 3725 47 556 3726 678 600 3727 705 598 3728 577 531 3729 750 602 3730 749 599 3731 587 557 3732 679 603 3733 678 600 3734 577 531 3735 578 532 3736 751 601 3737 588 558 3738 762 605 3739 679 603 3740 578 532 3741 16 533 3742 752 604 3743 50 559 3744 660 608 3745 762 605 3746 16 533 3747 579 534 3748 753 606 3749 50 559 3750 589 560 3751 661 607 3752 18 535 3753 702 609 3754 753 606 3755 590 561 3756 680 611 3757 661 607 3758 20 536 3759 703 612 3760 702 609 3761 590 561 3762 52 562 3763 681 610 3764 22 537 3765 657 613 3766 703 612 3767 53 563 3768 682 614 3769 681 610 3770 580 538 3771 658 615 3772 657 613 3773 54 564 3774 763 616 3775 682 614 3776 24 539 3777 659 617 3778 658 615 3779 56 565 3780 764 619 3781 763 616 3782 581 540 3783 754 621 3784 659 617 3785 2 514 3786 738 622 3787 737 618 3788 58 566 3789 765 624 3790 764 619 3791 581 540 3792 26 541 3793 755 620 3794 568 515 3795 668 625 3796 738 622 3797 58 566 3798 60 567 3799 706 623 3800 28 542 3801 756 627 3802 755 620 3803 3 516 3804 669 628 3805 668 625 3806 60 567 3807 591 568 3808 707 626 3809 30 543 3810 757 630 3811 756 627 3812 5 517 3813 670 631 3814 669 628 3815 591 568 3816 61 569 3817 708 629 3818 31 544 3819 671 634 3820 757 630 3821 569 518 3822 700 635 3823 670 631 3824 61 569 3825 592 570 3826 709 632 3827 31 544 3828 32 545 3829 672 633 3830 570 519 3831 701 637 3832 700 635 3833 592 570 3834 593 571 3835 766 636 3836 32 545 3837 34 118 3838 758 120 3839 571 520 3840 739 576 3841 701 637 3842 594 572 3843 683 578 3844 766 636 3845</p>
        </triangles>
        <triangles material="White-material" count="380">
          <input semantic="VERTEX" source="#Cylinder_004-mesh-vertices" offset="0"/>
          <input semantic="NORMAL" source="#Cylinder_004-mesh-normals" offset="1"/>
          <input semantic="TEXCOORD" source="#Cylinder_004-mesh-map-0" offset="2" set="0"/>
          <p>608 638 1728 602 639 1729 597 640 1730 635 641 1731 639 642 1732 517 643 1733 323 644 1734 641 400 1735 322 645 1736 324 646 1737 640 403 1738 323 644 1739 326 647 1740 644 415 1741 325 648 1742 329 649 1743 646 434 1744 328 650 1745 335 651 1746 648 417 1747 334 652 1748 338 653 1749 650 431 1750 337 654 1751 340 655 1752 652 437 1753 339 656 1754 341 657 1755 651 439 1756 340 655 1757 342 658 1758 653 441 1759 341 657 1760 346 659 1761 656 410 1762 345 660 1763 480 661 1764 658 615 1765 481 662 1766 481 662 1767 659 617 1768 482 663 1769 488 664 1770 661 607 1771 489 665 1772 494 653 1773 663 420 1774 493 666 1775 496 667 1776 665 428 1777 495 668 1778 498 669 1779 667 438 1780 497 670 1781 509 671 1782 669 628 1783 510 672 1784 510 672 1785 670 631 1786 511 673 1787 517 643 1788 672 633 1789 518 674 1790 519 675 1791 674 582 1792 520 676 1793 520 676 1794 675 587 1795 521 677 1796 522 678 1797 677 592 1798 523 679 1799 524 680 1800 679 603 1801 525 681 1802 526 682 1803 681 610 1804 527 683 1805 527 683 1806 682 614 1807 528 684 1808 530 685 1809 684 577 1810 531 686 1811 531 686 1812 685 581 1813 532 687 1814 597 640 1815 687 388 1816 596 688 1817 598 689 1818 686 391 1819 597 640 1820 600 690 1821 690 409 1822 599 691 1823 604 692 1824 692 442 1825 603 693 1826 605 694 1827 691 444 1828 604 692 1829 606 695 1830 693 446 1831 605 694 1832 607 696 1833 694 448 1834 606 695 1835 614 697 1836 697 392 1837 613 698 1838 616 699 1839 699 401 1840 615 700 1841 619 701 1842 701 637 1843 620 702 1844 626 703 1845 703 612 1846 627 704 1847 631 705 1848 705 598 1849 632 706 1850 635 641 1851 707 626 1852 636 707 1853 636 707 1854 708 629 1855 637 708 1856 637 708 1857 709 632 1858 638 663 1859 596 688 1860 710 387 1861 321 709 1862 492 710 1863 688 394 1864 598 689 1865 322 645 1866 711 397 1867 492 710 1868 599 691 1869 642 406 1870 324 646 1871 325 648 1872 689 412 1873 600 690 1874 493 666 1875 643 418 1876 326 647 1877 327 711 1878 662 422 1879 494 653 1880 601 712 1881 712 424 1882 327 711 1883 495 668 1884 713 426 1885 601 712 1886 602 639 1887 664 430 1888 496 667 1889 328 650 1890 714 432 1891 602 639 1892 497 670 1893 645 436 1894 329 649 1895 603 693 1896 666 440 1897 498 669 1898 499 713 1899 695 386 1900 607 696 1901 330 714 1902 715 390 1903 499 713 1904 500 715 1905 716 393 1906 330 714 1907 331 674 1908 717 396 1909 500 715 1910 501 716 1911 718 399 1912 331 674 1913 332 717 1914 719 402 1915 501 716 1916 608 638 1917 720 405 1918 332 717 1919 333 718 1920 721 408 1921 608 638 1922 609 719 1923 722 411 1924 333 718 1925 334 652 1926 723 414 1927 609 719 1928 502 720 1929 647 419 1930 335 651 1931 336 721 1932 724 421 1933 502 720 1934 610 690 1935 725 423 1936 336 721 1937 503 722 1938 726 425 1939 610 690 1940 611 723 1941 727 427 1942 503 722 1943 337 654 1944 728 429 1945 611 723 1946 504 724 1947 649 433 1948 338 653 1949 339 656 1950 729 435 1951 504 724 1952 505 725 1953 654 443 1954 342 658 1955 612 726 1956 730 445 1957 505 725 1958 506 727 1959 731 447 1960 612 726 1961 343 728 1962 732 114 1963 506 727 1964 613 698 1965 733 389 1966 343 728 1967 344 729 1968 696 395 1969 614 697 1970 615 700 1971 734 398 1972 344 729 1973 507 730 1974 698 404 1975 616 699 1976 345 660 1977 735 407 1978 507 730 1979 617 731 1980 655 413 1981 346 659 1982 321 709 1983 736 416 1984 617 731 1985 508 674 1986 738 622 1987 618 674 1988 618 674 1989 668 625 1990 509 671 1991 511 673 1992 700 635 1993 619 701 1994 620 702 1995 739 576 1996 475 732 1997 475 732 1998 740 580 1999 512 733 2000 512 733 2001 741 583 2002 621 734 2003 621 734 2004 742 585 2005 476 735 2006 476 735 2007 743 589 2008 622 736 2009 622 736 2010 744 588 2011 477 737 2012 477 737 2013 745 591 2014 623 738 2015 623 738 2016 746 593 2017 478 739 2018 478 739 2019 747 596 2020 513 740 2021 513 740 2022 748 597 2023 479 741 2024 479 741 2025 749 599 2026 514 742 2027 514 742 2028 750 602 2029 624 743 2030 624 743 2031 751 601 2032 515 744 2033 515 744 2034 752 604 2035 625 745 2036 625 745 2037 753 606 2038 516 746 2039 516 746 2040 702 609 2041 626 703 2042 627 704 2043 657 613 2044 480 661 2045 482 663 2046 754 621 2047 628 747 2048 628 747 2049 755 620 2050 483 748 2051 483 748 2052 756 627 2053 629 749 2054 629 749 2055 757 630 2056 484 750 2057 484 750 2058 671 634 2059 517 643 2060 518 674 2061 758 120 2062 485 674 2063 485 674 2064 759 119 2065 630 751 2066 630 751 2067 673 579 2068 519 675 2069 521 677 2070 760 586 2071 486 752 2072 486 752 2073 676 590 2074 522 678 2075 523 679 2076 761 594 2077 487 753 2078 487 753 2079 704 595 2080 631 705 2081 632 706 2082 678 600 2083 524 680 2084 525 681 2085 762 605 2086 633 754 2087 633 754 2088 660 608 2089 488 664 2090 489 665 2091 680 611 2092 526 682 2093 528 684 2094 763 616 2095 490 755 2096 490 755 2097 764 619 2098 634 756 2099 634 756 2100 765 624 2101 529 757 2102 529 757 2103 706 623 2104 635 641 2105 638 663 2106 766 636 2107 491 758 2108 491 758 2109 683 578 2110 530 685 2111 532 687 2112 767 584 2113 639 642 2114 639 642 2115 737 618 2116 508 674 2117 597 640 3846 596 688 3847 321 709 3848 321 709 3849 617 731 3850 597 640 3851 617 731 3852 346 659 3853 597 640 3854 346 659 3855 345 660 3856 507 730 3857 507 730 3858 616 699 3859 346 659 3860 616 699 3861 615 700 3862 346 659 3863 615 700 3864 344 729 3865 614 697 3866 614 697 3867 613 698 3868 343 728 3869 343 728 3870 506 727 3871 342 658 3872 506 727 3873 612 726 3874 342 658 3875 612 726 3876 505 725 3877 342 658 3878 342 658 3879 341 657 3880 340 655 3881 340 655 3882 339 656 3883 342 658 3884 339 656 3885 504 724 3886 342 658 3887 504 724 3888 338 653 3889 337 654 3890 337 654 3891 611 723 3892 504 724 3893 611 723 3894 503 722 3895 504 724 3896 503 722 3897 610 690 3898 336 721 3899 336 721 3900 502 720 3901 335 651 3902 335 651 3903 334 652 3904 608 638 3905 334 652 3906 609 719 3907 608 638 3908 609 719 3909 333 718 3910 608 638 3911 608 638 3912 332 717 3913 501 716 3914 501 716 3915 331 674 3916 608 638 3917 331 674 3918 500 715 3919 608 638 3920 500 715 3921 330 714 3922 499 713 3923 499 713 3924 607 696 3925 500 715 3926 607 696 3927 606 695 3928 500 715 3929 606 695 3930 605 694 3931 604 692 3932 604 692 3933 603 693 3934 498 669 3935 498 669 3936 497 670 3937 602 639 3938 497 670 3939 329 649 3940 602 639 3941 329 649 3942 328 650 3943 602 639 3944 602 639 3945 496 667 3946 495 668 3947 495 668 3948 601 712 3949 602 639 3950 601 712 3951 327 711 3952 602 639 3953 327 711 3954 494 653 3955 493 666 3956 493 666 3957 326 647 3958 327 711 3959 326 647 3960 325 648 3961 327 711 3962 325 648 3963 600 690 3964 599 691 3965 599 691 3966 324 646 3967 323 644 3968 323 644 3969 322 645 3970 597 640 3971 322 645 3972 492 710 3973 597 640 3974 492 710 3975 598 689 3976 597 640 3977 615 700 3978 614 697 3979 342 658 3980 614 697 3981 343 728 3982 342 658 3983 503 722 3984 336 721 3985 608 638 3986 336 721 3987 335 651 3988 608 638 3989 606 695 3990 604 692 3991 602 639 3992 604 692 3993 498 669 3994 602 639 3995 325 648 3996 599 691 3997 597 640 3998 599 691 3999 323 644 4000 597 640 4001 597 640 4002 346 659 4003 615 700 4004 342 658 4005 504 724 4006 503 722 4007 608 638 4008 500 715 4009 606 695 4010 602 639 4011 327 711 4012 325 648 4013 597 640 4014 615 700 4015 342 658 4016 342 658 4017 503 722 4018 608 638 4019 608 638 4020 606 695 4021 602 639 4022 602 639 4023 325 648 4024 597 640 4025 597 640 4026 342 658 4027 608 638 4028 639 642 4029 508 674 4030 618 674 4031 618 674 4032 509 671 4033 639 642 4034 509 671 4035 510 672 4036 639 642 4037 510 672 4038 511 673 4039 619 701 4040 619 701 4041 620 702 4042 475 732 4043 475 732 4044 512 733 4045 622 736 4046 512 733 4047 621 734 4048 622 736 4049 621 734 4050 476 735 4051 622 736 4052 622 736 4053 477 737 4054 623 738 4055 623 738 4056 478 739 4057 622 736 4058 478 739 4059 513 740 4060 622 736 4061 513 740 4062 479 741 4063 514 742 4064 514 742 4065 624 743 4066 513 740 4067 624 743 4068 515 744 4069 513 740 4070 515 744 4071 625 745 4072 516 746 4073 516 746 4074 626 703 4075 627 704 4076 627 704 4077 480 661 4078 628 747 4079 480 661 4080 481 662 4081 628 747 4082 481 662 4083 482 663 4084 628 747 4085 628 747 4086 483 748 4087 629 749 4088 629 749 4089 484 750 4090 628 747 4091 484 750 4092 517 643 4093 628 747 4094 517 643 4095 518 674 4096 485 674 4097 485 674 4098 630 751 4099 517 643 4100 630 751 4101 519 675 4102 517 643 4103 519 675 4104 520 676 4105 521 677 4106 521 677 4107 486 752 4108 522 678 4109 522 678 4110 523 679 4111 632 706 4112 523 679 4113 487 753 4114 632 706 4115 487 753 4116 631 705 4117 632 706 4118 632 706 4119 524 680 4120 525 681 4121 525 681 4122 633 754 4123 632 706 4124 633 754 4125 488 664 4126 632 706 4127 488 664 4128 489 665 4129 526 682 4130 526 682 4131 527 683 4132 488 664 4133 527 683 4134 528 684 4135 488 664 4136 528 684 4137 490 755 4138 634 756 4139 634 756 4140 529 757 4141 635 641 4142 635 641 4143 636 707 4144 491 758 4145 636 707 4146 637 708 4147 491 758 4148 637 708 4149 638 663 4150 491 758 4151 491 758 4152 530 685 4153 531 686 4154 531 686 4155 532 687 4156 491 758 4157 532 687 4158 639 642 4159 491 758 4160 510 672 4161 619 701 4162 639 642 4163 619 701 4164 475 732 4165 639 642 4166 515 744 4167 516 746 4168 513 740 4169 516 746 4170 627 704 4171 513 740 4172 519 675 4173 521 677 4174 517 643 4175 521 677 4176 522 678 4177 517 643 4178 528 684 4179 634 756 4180 488 664 4181 634 756 4182 635 641 4183 488 664 4184 475 732 4185 622 736 4186 639 642 4187 622 736 4188 513 740 4189 639 642 4190 627 704 4191 628 747 4192 517 643 4193 522 678 4194 632 706 4195 517 643 4196 632 706 4197 488 664 4198 517 643 4199 635 641 4200 491 758 4201 639 642 4202 513 740 4203 627 704 4204 639 642 4205 627 704 4206 517 643 4207 639 642 4208 488 664 4209 635 641 4210 517 643 4211 323 644 4212 640 403 4213 641 400 4214 324 646 4215 642 406 4216 640 403 4217 326 647 4218 643 418 4219 644 415 4220 329 649 4221 645 436 4222 646 434 4223 335 651 4224 647 419 4225 648 417 4226 338 653 4227 649 433 4228 650 431 4229 340 655 4230 651 439 4231 652 437 4232 341 657 4233 653 441 4234 651 439 4235 342 658 4236 654 443 4237 653 441 4238 346 659 4239 655 413 4240 656 410 4241 480 661 4242 657 613 4243 658 615 4244 481 662 4245 658 615 4246 659 617 4247 488 664 4248 660 608 4249 661 607 4250 494 653 4251 662 422 4252 663 420 4253 496 667 4254 664 430 4255 665 428 4256 498 669 4257 666 440 4258 667 438 4259 509 671 4260 668 625 4261 669 628 4262 510 672 4263 669 628 4264 670 631 4265 517 643 4266 671 634 4267 672 633 4268 519 675 4269 673 579 4270 674 582 4271 520 676 4272 674 582 4273 675 587 4274 522 678 4275 676 590 4276 677 592 4277 524 680 4278 678 600 4279 679 603 4280 526 682 4281 680 611 4282 681 610 4283 527 683 4284 681 610 4285 682 614 4286 530 685 4287 683 578 4288 684 577 4289 531 686 4290 684 577 4291 685 581 4292 597 640 4293 686 391 4294 687 388 4295 598 689 4296 688 394 4297 686 391 4298 600 690 4299 689 412 4300 690 409 4301 604 692 4302 691 444 4303 692 442 4304 605 694 4305 693 446 4306 691 444 4307 606 695 4308 694 448 4309 693 446 4310 607 696 4311 695 386 4312 694 448 4313 614 697 4314 696 395 4315 697 392 4316 616 699 4317 698 404 4318 699 401 4319 619 701 4320 700 635 4321 701 637 4322 626 703 4323 702 609 4324 703 612 4325 631 705 4326 704 595 4327 705 598 4328 635 641 4329 706 623 4330 707 626 4331 636 707 4332 707 626 4333 708 629 4334 637 708 4335 708 629 4336 709 632 4337 596 688 4338 687 388 4339 710 387 4340 492 710 4341 711 397 4342 688 394 4343 322 645 4344 641 400 4345 711 397 4346 599 691 4347 690 409 4348 642 406 4349 325 648 4350 644 415 4351 689 412 4352 493 666 4353 663 420 4354 643 418 4355 327 711 4356 712 424 4357 662 422 4358 601 712 4359 713 426 4360 712 424 4361 495 668 4362 665 428 4363 713 426 4364 602 639 4365 714 432 4366 664 430 4367 328 650 4368 646 434 4369 714 432 4370 497 670 4371 667 438 4372 645 436 4373 603 693 4374 692 442 4375 666 440 4376 499 713 4377 715 390 4378 695 386 4379 330 714 4380 716 393 4381 715 390 4382 500 715 4383 717 396 4384 716 393 4385 331 674 4386 718 399 4387 717 396 4388 501 716 4389 719 402 4390 718 399 4391 332 717 4392 720 405 4393 719 402 4394 608 638 4395 721 408 4396 720 405 4397 333 718 4398 722 411 4399 721 408 4400 609 719 4401 723 414 4402 722 411 4403 334 652 4404 648 417 4405 723 414 4406 502 720 4407 724 421 4408 647 419 4409 336 721 4410 725 423 4411 724 421 4412 610 690 4413 726 425 4414 725 423 4415 503 722 4416 727 427 4417 726 425 4418 611 723 4419 728 429 4420 727 427 4421 337 654 4422 650 431 4423 728 429 4424 504 724 4425 729 435 4426 649 433 4427 339 656 4428 652 437 4429 729 435 4430 505 725 4431 730 445 4432 654 443 4433 612 726 4434 731 447 4435 730 445 4436 506 727 4437 732 114 4438 731 447 4439 343 728 4440 733 389 4441 732 114 4442 613 698 4443 697 392 4444 733 389 4445 344 729 4446 734 398 4447 696 395 4448 615 700 4449 699 401 4450 734 398 4451 507 730 4452 735 407 4453 698 404 4454 345 660 4455 656 410 4456 735 407 4457 617 731 4458 736 416 4459 655 413 4460 321 709 4461 710 387 4462 736 416 4463 508 674 4464 737 618 4465 738 622 4466 618 674 4467 738 622 4468 668 625 4469 511 673 4470 670 631 4471 700 635 4472 620 702 4473 701 637 4474 739 576 4475 475 732 4476 739 576 4477 740 580 4478 512 733 4479 740 580 4480 741 583 4481 621 734 4482 741 583 4483 742 585 4484 476 735 4485 742 585 4486 743 589 4487 622 736 4488 743 589 4489 744 588 4490 477 737 4491 744 588 4492 745 591 4493 623 738 4494 745 591 4495 746 593 4496 478 739 4497 746 593 4498 747 596 4499 513 740 4500 747 596 4501 748 597 4502 479 741 4503 748 597 4504 749 599 4505 514 742 4506 749 599 4507 750 602 4508 624 743 4509 750 602 4510 751 601 4511 515 744 4512 751 601 4513 752 604 4514 625 745 4515 752 604 4516 753 606 4517 516 746 4518 753 606 4519 702 609 4520 627 704 4521 703 612 4522 657 613 4523 482 663 4524 659 617 4525 754 621 4526 628 747 4527 754 621 4528 755 620 4529 483 748 4530 755 620 4531 756 627 4532 629 749 4533 756 627 4534 757 630 4535 484 750 4536 757 630 4537 671 634 4538 518 674 4539 672 633 4540 758 120 4541 485 674 4542 758 120 4543 759 119 4544 630 751 4545 759 119 4546 673 579 4547 521 677 4548 675 587 4549 760 586 4550 486 752 4551 760 586 4552 676 590 4553 523 679 4554 677 592 4555 761 594 4556 487 753 4557 761 594 4558 704 595 4559 632 706 4560 705 598 4561 678 600 4562 525 681 4563 679 603 4564 762 605 4565 633 754 4566 762 605 4567 660 608 4568 489 665 4569 661 607 4570 680 611 4571 528 684 4572 682 614 4573 763 616 4574 490 755 4575 763 616 4576 764 619 4577 634 756 4578 764 619 4579 765 624 4580 529 757 4581 765 624 4582 706 623 4583 638 663 4584 709 632 4585 766 636 4586 491 758 4587 766 636 4588 683 578 4589 532 687 4590 685 581 4591 767 584 4592 639 642 4593 767 584 4594 737 618 4595</p>
        </triangles>
      </mesh>
    </geometry>
  </library_geometries>
  <library_visual_scenes>
    <visual_scene id="Scene" name="Scene">
      <node id="Cylinder" name="Cylinder" type="NODE">
        <matrix sid="transform">1 0 0 0 0 1 0 0 0 0 1 0 0 0 0 1</matrix>
        <instance_geometry url="#Cylinder_004-mesh" name="Cylinder">
          <bind_material>
            <technique_common>
              <instance_material symbol="Black-material" target="#Black-material">
                <bind_vertex_input semantic="UVMap" input_semantic="TEXCOORD" input_set="0"/>
              </instance_material>
              <instance_material symbol="White-material" target="#White-material">
                <bind_vertex_input semantic="UVMap" input_semantic="TEXCOORD" input_set="0"/>
              </instance_material>
            </technique_common>
          </bind_material>
        </instance_geometry>
      </node>
    </visual_scene>
  </library_visual_scenes>
  <scene>
    <instance_visual_scene url="#Scene"/>
  </scene>
</COLLADA>