<?xml version="1.0" encoding="utf-8"?>
<COLLADA xmlns="http://www.collada.org/2005/11/COLLADASchema" version="1.4.1" xmlns:xsi="http://www.w3.org/2001/XMLSchema-instance">
  <asset>
    <contributor>
      <author>Blender User</author>
      <authoring_tool>Blender 4.5.0 commit date:2025-07-14, commit time:17:45, hash:8cb6b388974a</authoring_tool>
    </contributor>
    <created>2025-09-05T14:45:24</created>
    <modified>2025-09-05T14:45:24</modified>
    <unit name="meter" meter="1"/>
    <up_axis>Z_UP</up_axis>
  </asset>
  <library_effects>
    <effect id="White-effect">
      <profile_COMMON>
        <technique sid="common">
          <lambert>
            <emission>
              <color sid="emission">0 0 0 1</color>
            </emission>
            <diffuse>
              <color sid="diffuse">0.8 0.8 0.8 1</color>
            </diffuse>
            <index_of_refraction>
              <float sid="ior">1.5</float>
            </index_of_refraction>
          </lambert>
        </technique>
      </profile_COMMON>
    </effect>
    <effect id="Black-effect">
      <profile_COMMON>
        <technique sid="common">
          <lambert>
            <emission>
              <color sid="emission">0 0 0 1</color>
            </emission>
            <diffuse>
              <color sid="diffuse">0 0 0 1</color>
            </diffuse>
            <index_of_refraction>
              <float sid="ior">1.5</float>
            </index_of_refraction>
          </lambert>
        </technique>
      </profile_COMMON>
    </effect>
  </library_effects>
  <library_images/>
  <library_materials>
    <material id="White-material" name="White">
      <instance_effect url="#White-effect"/>
    </material>
    <material id="Black-material" name="Black">
      <instance_effect url="#Black-effect"/>
    </material>
  </library_materials>
  <library_geometries>
    <geometry id="Cylinder_001-mesh" name="Cylinder.001">
      <mesh>
        <source id="Cylinder_001-mesh-positions">
          <float_array id="Cylinder_001-mesh-positions-array" count="3072">0 -0.154994 -0.02499997 0 -0.1249577 0.02499997 -0.01519197 -0.1542476 -0.02499997 -0.01224792 -0.124356 0.02499997 -0.03023773 -0.1520158 -0.02499997 -0.024378 -0.1225568 0.02499997 -0.04499232 -0.14832 -0.02499997 -0.0362733 -0.1195771 0.02499997 -0.05931353 -0.1431958 -0.02499997 -0.04781919 -0.1154459 0.02499997 -0.07306361 -0.1366925 -0.02499997 -0.05890464 -0.1102029 0.02499997 -0.08610999 -0.1288728 -0.02499997 -0.06942278 -0.1038986 0.02499997 -0.0983271 -0.119812 -0.02499997 -0.07927232 -0.09659367 0.02499997 -0.1095972 -0.1095973 -0.02499997 -0.08835846 -0.08835852 0.02499997 -0.1198119 -0.09832715 -0.02499997 -0.09659361 -0.07927238 0.02499997 -0.1288727 -0.08611005 -0.02499997 -0.1038985 -0.06942284 0.02499997 -0.1366924 -0.07306367 -0.02499997 -0.1102029 -0.0589047 0.02499997 -0.1431957 -0.05931365 -0.02499997 -0.1154459 -0.04781925 0.02499997 -0.14832 -0.04499238 -0.02499997 -0.1195771 -0.03627336 0.02499997 -0.1520158 -0.03023785 -0.02499997 -0.1225567 -0.02437806 0.02499997 -0.1542476 -0.01519209 -0.02499997 -0.124356 -0.01224797 0.02499997 -0.154994 0 -0.02499997 -0.1249577 0 0.02499997 0.154994 0 -0.02499997 0.1249577 0 0.02499997 0.1542476 -0.01519197 -0.02499997 0.124356 -0.01224792 0.02499997 0.1520158 -0.03023773 -0.02499997 0.1225568 -0.024378 0.02499997 0.14832 -0.04499232 -0.02499997 0.1195771 -0.0362733 0.02499997 0.1431958 -0.05931353 -0.02499997 0.1154459 -0.04781919 0.02499997 0.1366925 -0.07306361 -0.02499997 0.1102029 -0.05890464 0.02499997 0.1288728 -0.08610999 -0.02499997 0.1038986 -0.06942278 0.02499997 0.119812 -0.0983271 -0.02499997 0.09659367 -0.07927232 0.02499997 0.1095973 -0.1095972 -0.02499997 0.08835852 -0.08835846 0.02499997 0.09832715 -0.1198119 -0.02499997 0.07927238 -0.09659361 0.02499997 0.08611005 -0.1288727 -0.02499997 0.06942284 -0.1038985 0.02499997 0.07306367 -0.1366924 -0.02499997 0.0589047 -0.1102029 0.02499997 0.05931365 -0.1431957 -0.02499997 0.04781925 -0.1154459 0.02499997 0.04499238 -0.14832 -0.02499997 0.03627336 -0.1195771 0.02499997 0.03023785 -0.1520158 -0.02499997 0.02437806 -0.1225567 0.02499997 0.01519209 -0.1542476 -0.02499997 0.01224797 -0.124356 0.02499997 -0.01568263 -0.1592295 0.02499997 0 -0.16 0.02499997 -0.03121435 -0.1569256 0.02499997 -0.04644548 -0.1531105 0.02499997 -0.06122928 -0.1478207 0.02499997 -0.07542341 -0.1411074 0.02499997 -0.08889114 -0.1330351 0.02499997 -0.1015028 -0.1236817 0.02499997 -0.113137 -0.1131371 0.02499997 -0.1236816 -0.101503 0.02499997 -0.1330351 -0.08889126 0.02499997 -0.1411073 -0.07542347 0.02499997 -0.1478207 -0.06122934 0.02499997 -0.1531104 -0.04644554 0.02499997 -0.1569256 -0.03121447 0.02499997 -0.1592295 -0.01568275 0.02499997 -0.16 0 0.02499997 0.16 0 0.02499997 0.1592295 -0.01568263 0.02499997 0.1569256 -0.03121435 0.02499997 0.1531105 -0.04644548 0.02499997 0.1478207 -0.06122928 0.02499997 0.1411074 -0.07542341 0.02499997 0.1330351 -0.08889114 0.02499997 0.1236817 -0.1015028 0.02499997 0.1131371 -0.113137 0.02499997 0.101503 -0.1236816 0.02499997 0.08889126 -0.1330351 0.02499997 0.07542347 -0.1411073 0.02499997 0.06122934 -0.1478207 0.02499997 0.04644554 -0.1531104 0.02499997 0.03121447 -0.1569256 0.02499997 0.01568275 -0.1592295 0.02499997 -0.01519197 -0.1542476 0.02499997 0 -0.154994 0.02499997 -0.03023773 -0.1520158 0.02499997 -0.04499232 -0.14832 0.02499997 -0.05931353 -0.1431958 0.02499997 -0.07306361 -0.1366925 0.02499997 -0.08610999 -0.1288728 0.02499997 -0.0983271 -0.119812 0.02499997 -0.1095972 -0.1095973 0.02499997 -0.1198119 -0.09832715 0.02499997 -0.1288727 -0.08611005 0.02499997 -0.1366924 -0.07306367 0.02499997 -0.1431957 -0.05931365 0.02499997 -0.14832 -0.04499238 0.02499997 -0.1520158 -0.03023785 0.02499997 -0.1542476 -0.01519209 0.02499997 -0.154994 0 0.02499997 0.154994 0 0.02499997 0.1542476 -0.01519197 0.02499997 0.1520158 -0.03023773 0.02499997 0.14832 -0.04499232 0.02499997 0.1431958 -0.05931353 0.02499997 0.1366925 -0.07306361 0.02499997 0.1288728 -0.08610999 0.02499997 0.119812 -0.0983271 0.02499997 0.1095973 -0.1095972 0.02499997 0.09832715 -0.1198119 0.02499997 0.08611005 -0.1288727 0.02499997 0.07306367 -0.1366924 0.02499997 0.05931365 -0.1431957 0.02499997 0.04499238 -0.14832 0.02499997 0.03023785 -0.1520158 0.02499997 0.01519209 -0.1542476 0.02499997 -0.01519197 -0.1542476 0.01999998 0 -0.154994 0.01999998 -0.03023773 -0.1520158 0.01999998 -0.04499232 -0.14832 0.01999998 -0.05931353 -0.1431958 0.01999998 -0.07306361 -0.1366925 0.01999998 -0.08610999 -0.1288728 0.01999998 -0.0983271 -0.119812 0.01999998 -0.1095972 -0.1095973 0.01999998 -0.1198119 -0.09832715 0.01999998 -0.1288727 -0.08611005 0.01999998 -0.1366924 -0.07306367 0.01999998 -0.1431957 -0.05931365 0.01999998 -0.14832 -0.04499238 0.01999998 -0.1520158 -0.03023785 0.01999998 -0.1542476 -0.01519209 0.01999998 -0.154994 0 0.01999998 0.154994 0 0.01999998 0.1542476 -0.01519197 0.01999998 0.1520158 -0.03023773 0.01999998 0.14832 -0.04499232 0.01999998 0.1431958 -0.05931353 0.01999998 0.1366925 -0.07306361 0.01999998 0.1288728 -0.08610999 0.01999998 0.119812 -0.0983271 0.01999998 0.1095973 -0.1095972 0.01999998 0.09832715 -0.1198119 0.01999998 0.08611005 -0.1288727 0.01999998 0.07306367 -0.1366924 0.01999998 0.05931365 -0.1431957 0.01999998 0.04499238 -0.14832 0.01999998 0.03023785 -0.1520158 0.01999998 0.01519209 -0.1542476 0.01999998 -0.0147013 -0.1492657 0.01999998 -0.02926111 -0.1471059 0.01999998 -0.0435391 -0.1435295 0.01999998 -0.05739784 -0.1385708 0.01999998 -0.07070374 -0.1322776 0.01999998 -0.08332878 -0.1247105 0.01999998 -0.0951513 -0.1159422 0.01999998 -0.1060574 -0.1060575 0.01999998 -0.1159422 -0.09515136 0.01999998 -0.1247104 -0.08332884 0.01999998 -0.1322775 -0.07070386 0.01999998 -0.1385707 -0.0573979 0.01999998 -0.1435295 -0.04353922 0.01999998 -0.1471059 -0.02926123 0.01999998 -0.1492657 -0.01470142 0.01999998 -0.1499879 0 0.01999998 0.1499879 0 0.01999998 0.1492657 -0.0147013 0.01999998 0.1471059 -0.02926111 0.01999998 0.1435295 -0.0435391 0.01999998 0.1385708 -0.05739784 0.01999998 0.1322776 -0.07070374 0.01999998 0.1247105 -0.08332878 0.01999998 0.1159422 -0.0951513 0.01999998 0.1060575 -0.1060574 0.01999998 0.09515136 -0.1159422 0.01999998 0.08332884 -0.1247104 0.01999998 0.07070386 -0.1322775 0.01999998 0.0573979 -0.1385707 0.01999998 0.04353922 -0.1435295 0.01999998 0.02926123 -0.1471059 0.01999998 0.01470142 -0.1492657 0.01999998 -0.0147013 -0.1492657 0.02499997 0 -0.1499879 0.02499997 -0.02926111 -0.1471059 0.02499997 -0.0435391 -0.1435295 0.02499997 -0.05739784 -0.1385708 0.02499997 -0.07070374 -0.1322776 0.02499997 -0.08332878 -0.1247105 0.02499997 -0.0951513 -0.1159422 0.02499997 -0.1060574 -0.1060575 0.02499997 -0.1159422 -0.09515136 0.02499997 -0.1247104 -0.08332884 0.02499997 -0.1322775 -0.07070386 0.02499997 -0.1385707 -0.0573979 0.02499997 -0.1435295 -0.04353922 0.02499997 -0.1471059 -0.02926123 0.02499997 -0.1492657 -0.01470142 0.02499997 -0.1499879 0 0.02499997 0.1499879 0 0.02499997 0.1492657 -0.0147013 0.02499997 0.1471059 -0.02926111 0.02499997 0.1435295 -0.0435391 0.02499997 0.1385708 -0.05739784 0.02499997 0.1322776 -0.07070374 0.02499997 0.1247105 -0.08332878 0.02499997 0.1159422 -0.0951513 0.02499997 0.1060575 -0.1060574 0.02499997 0.09515136 -0.1159422 0.02499997 0.08332884 -0.1247104 0.02499997 0.07070386 -0.1322775 0.02499997 0.0573979 -0.1385707 0.02499997 0.04353922 -0.1435295 0.02499997 0.02926123 -0.1471059 0.02499997 0.01470142 -0.1492657 0.02499997 -0.01273858 -0.129338 0.02499997 0 -0.1299638 0.02499997 -0.02535462 -0.1274666 0.02499997 -0.03772646 -0.1243676 0.02499997 -0.04973489 -0.1200709 0.02499997 -0.06126445 -0.1146178 0.02499997 -0.07220399 -0.108061 0.02499997 -0.08244812 -0.1004634 0.02499997 -0.09189826 -0.09189832 0.02499997 -0.1004633 -0.08244818 0.02499997 -0.1080609 -0.07220405 0.02499997 -0.1146178 -0.06126457 0.02499997 -0.1200709 -0.049735 0.02499997 -0.1243676 -0.03772652 0.02499997 -0.1274666 -0.02535468 0.02499997 -0.129338 -0.0127387 0.02499997 -0.1299638 0 0.02499997 0.1299638 0 0.02499997 0.129338 -0.01273858 0.02499997 0.1274666 -0.02535462 0.02499997 0.1243676 -0.03772646 0.02499997 0.1200709 -0.04973489 0.02499997 0.1146178 -0.06126445 0.02499997 0.108061 -0.07220399 0.02499997 0.1004634 -0.08244812 0.02499997 0.09189832 -0.09189826 0.02499997 0.08244818 -0.1004633 0.02499997 0.07220405 -0.1080609 0.02499997 0.06126457 -0.1146178 0.02499997 0.049735 -0.1200709 0.02499997 0.03772652 -0.1243676 0.02499997 0.02535468 -0.1274666 0.02499997 0.0127387 -0.129338 0.02499997 -0.007595956 -0.1546208 -0.02499997 -0.007841289 -0.1596148 0.02499997 -0.007595956 -0.1546208 0.02499997 -0.007350623 -0.1496268 0.02499997 -0.007595956 -0.1546208 0.01999998 -0.007350623 -0.1496268 0.01999998 -0.006369292 -0.1296509 0.02499997 -0.0061239 -0.1246569 0.02499997 0.007596075 -0.1546208 -0.02499997 0.007841408 -0.1596148 0.02499997 0.007596075 -0.1546208 0.02499997 0.007350683 -0.1496268 0.02499997 0.007596075 -0.1546208 0.01999998 0.006369352 -0.1296509 0.02499997 0.006124019 -0.1246569 0.02499997 0.129338 -0.01273858 0.01999998 0.1299638 0 0.01999998 0.1274666 -0.02535462 0.01999998 0.1243676 -0.03772646 0.01999998 0.1200709 -0.04973489 0.01999998 0.1146178 -0.06126445 0.01999998 0.108061 -0.07220399 0.01999998 0.1004634 -0.08244812 0.01999998 0.09189832 -0.09189826 0.01999998 0.08244818 -0.1004633 0.01999998 0.07220405 -0.1080609 0.01999998 0.06126457 -0.1146178 0.01999998 0.049735 -0.1200709 0.01999998 0.03772652 -0.1243676 0.01999998 0.02535468 -0.1274666 0.01999998 0.0127387 -0.129338 0.01999998 0.006369352 -0.1296509 0.01999998 0 -0.1499879 0.01999998 0 -0.1299638 0.01999998 0.124356 -0.01224792 0.01999998 0.1249577 0 0.01999998 0.1225568 -0.024378 0.01999998 0.1195771 -0.0362733 0.01999998 0.1154459 -0.04781919 0.01999998 0.1102029 -0.05890464 0.01999998 0.1038986 -0.06942278 0.01999998 0.09659367 -0.07927232 0.01999998 0.08835852 -0.08835846 0.01999998 0.07927238 -0.09659361 0.01999998 0.06942284 -0.1038985 0.01999998 0.0589047 -0.1102029 0.01999998 0.04781925 -0.1154459 0.01999998 0.03627336 -0.1195771 0.01999998 0.02437806 -0.1225567 0.01999998 0.01224797 -0.124356 0.01999998 0.006124019 -0.1246569 0.01999998 0 -0.1249577 0.01999998 0.007350683 -0.1496268 0.01999998 -0.007841289 -0.1596148 -0.02499997 -0.01568263 -0.1592295 -0.02499997 -0.03121435 -0.1569256 -0.02499997 -0.04644548 -0.1531105 -0.02499997 -0.06122928 -0.1478207 -0.02499997 -0.07542341 -0.1411074 -0.02499997 -0.08889114 -0.1330351 -0.02499997 -0.1015028 -0.1236817 -0.02499997 -0.113137 -0.1131371 -0.02499997 -0.1236816 -0.101503 -0.02499997 -0.1330351 -0.08889126 -0.02499997 -0.1411073 -0.07542347 -0.02499997 -0.1478207 -0.06122934 -0.02499997 -0.1531104 -0.04644554 -0.02499997 -0.1569256 -0.03121447 -0.02499997 -0.1592295 -0.01568275 -0.02499997 -0.16 0 -0.02499997 0.16 0 -0.02499997 0.1592295 -0.01568263 -0.02499997 0.1569256 -0.03121435 -0.02499997 0.1531105 -0.04644548 -0.02499997 0.1478207 -0.06122928 -0.02499997 0.1411074 -0.07542341 -0.02499997 0.1330351 -0.08889114 -0.02499997 0.1236817 -0.1015028 -0.02499997 0.1131371 -0.113137 -0.02499997 0.101503 -0.1236816 -0.02499997 0.08889126 -0.1330351 -0.02499997 0.07542347 -0.1411073 -0.02499997 0.06122934 -0.1478207 -0.02499997 0.04644554 -0.1531104 -0.02499997 0.03121447 -0.1569256 -0.02499997 0.01568275 -0.1592295 -0.02499997 0.007841408 -0.1596148 -0.02499997 0 -0.16 -0.02499997 -0.007350623 -0.1496268 -0.02999997 -0.0147013 -0.1492657 -0.02999997 -0.0435391 -0.1435295 -0.02999997 -0.05739784 -0.1385708 -0.02999997 -0.07070374 -0.1322776 -0.02999997 -0.08332878 -0.1247105 -0.02999997 -0.0951513 -0.1159422 -0.02999997 -0.1060574 -0.1060575 -0.02999997 -0.1159422 -0.09515136 -0.02999997 -0.1322775 -0.07070386 -0.02999997 -0.1385707 -0.0573979 -0.02999997 -0.1435295 -0.04353922 -0.02999997 -0.1471059 -0.02926123 -0.02999997 -0.1492657 -0.01470142 -0.02999997 -0.1499879 0 -0.02999997 -0.1471059 0.02926111 -0.02999997 -0.1435295 0.0435391 -0.02999997 -0.1385708 0.05739784 -0.02999997 -0.1322776 0.07070374 -0.02999997 -0.1159422 0.0951513 -0.02999997 -0.09515136 0.1159422 -0.02999997 -0.07070386 0.1322775 -0.02999997 -0.0573979 0.1385707 -0.02999997 -0.04353922 0.1435295 -0.02999997 -0.02926123 0.1471059 -0.02999997 0 0.1499879 -0.02999997 0.05739784 0.1385708 -0.02999997 0.08332878 0.1247105 -0.02999997 0.1159422 0.09515136 -0.02999997 0.1471059 0.02926123 -0.02999997 0.1499879 0 -0.02999997 0.1435295 -0.0435391 -0.02999997 0.01470142 -0.1492657 -0.02999997 0.007350742 -0.1496268 -0.02999997 0 -0.1199517 0.02999997 -0.01175725 -0.1193742 0.02999997 -0.1057879 -0.05654489 0.02999997 -0.110821 -0.04590356 0.02999997 -0.1147866 -0.03482019 0.02999997 -0.1199517 0 0.02999997 -0.1176469 0.02340137 0.02999997 -0.110821 0.04590344 0.02999997 -0.105788 0.05654484 0.02999997 -0.09973621 0.06664156 0.02999997 -0.09272396 0.07609653 0.02999997 -0.08481872 0.08481866 0.02999997 -0.07609659 0.0927239 0.02999997 -0.06664168 0.09973621 0.02999997 -0.05654489 0.1057879 0.02999997 -0.04590356 0.110821 0.02999997 -0.02340143 0.1176469 0.02999997 -0.01175731 0.1193741 0.02999997 0 0.1199517 0.02999997 0.04590344 0.110821 0.02999997 0.08481866 0.08481872 0.02999997 0.1057879 0.05654489 0.02999997 0.1193741 0.01175731 0.02999997 0.1199517 0 0.02999997 0.110821 -0.04590344 0.02999997 0.005878686 -0.119663 0.02999997 -0.007350623 -0.1496268 0.02999997 0 -0.1499879 0.02999997 -0.02926111 -0.1471059 0.02999997 -0.0147013 -0.1492657 0.02999997 -0.0435391 -0.1435295 0.02999997 -0.05739784 -0.1385708 0.02999997 -0.07070374 -0.1322776 0.02999997 -0.08332878 -0.1247105 0.02999997 -0.0951513 -0.1159422 0.02999997 -0.1060574 -0.1060575 0.02999997 -0.1159422 -0.09515136 0.02999997 -0.1247104 -0.08332884 0.02999997 -0.1322775 -0.07070386 0.02999997 -0.1385707 -0.0573979 0.02999997 -0.1435295 -0.04353922 0.02999997 -0.1471059 -0.02926123 0.02999997 -0.1492657 -0.01470142 0.02999997 -0.1499879 0 0.02999997 -0.006369292 -0.1296509 0.02999997 0 -0.1299638 0.02999997 -0.02535462 -0.1274666 0.02999997 -0.01273858 -0.129338 0.02999997 -0.03772646 -0.1243676 0.02999997 -0.04973489 -0.1200709 0.02999997 -0.06126445 -0.1146178 0.02999997 -0.07220399 -0.108061 0.02999997 -0.08244812 -0.1004634 0.02999997 -0.09189826 -0.09189832 0.02999997 -0.1004633 -0.08244818 0.02999997 -0.1080609 -0.07220405 0.02999997 -0.1146178 -0.06126457 0.02999997 -0.1200709 -0.049735 0.02999997 -0.1243676 -0.03772652 0.02999997 -0.1274666 -0.02535468 0.02999997 -0.129338 -0.0127387 0.02999997 -0.1299638 0 0.02999997 0 0.154994 -0.02499997 0 0.1249577 0.02499997 -0.01519197 0.1542476 -0.02499997 -0.01224792 0.124356 0.02499997 -0.03023773 0.1520158 -0.02499997 -0.024378 0.1225568 0.02499997 -0.04499232 0.14832 -0.02499997 -0.0362733 0.1195771 0.02499997 -0.05931353 0.1431958 -0.02499997 -0.04781919 0.1154459 0.02499997 -0.07306361 0.1366925 -0.02499997 -0.05890464 0.1102029 0.02499997 -0.08610999 0.1288728 -0.02499997 -0.06942278 0.1038986 0.02499997 -0.0983271 0.119812 -0.02499997 -0.07927232 0.09659367 0.02499997 -0.1095972 0.1095973 -0.02499997 -0.08835846 0.08835852 0.02499997 -0.1198119 0.09832715 -0.02499997 -0.09659361 0.07927238 0.02499997 -0.1288727 0.08611005 -0.02499997 -0.1038985 0.06942284 0.02499997 -0.1366924 0.07306367 -0.02499997 -0.1102029 0.0589047 0.02499997 -0.1431957 0.05931365 -0.02499997 -0.1154459 0.04781925 0.02499997 -0.14832 0.04499238 -0.02499997 -0.1195771 0.03627336 0.02499997 -0.1520158 0.03023785 -0.02499997 -0.1225567 0.02437806 0.02499997 -0.1542476 0.01519209 -0.02499997 -0.124356 0.01224797 0.02499997 0.1542476 0.01519197 -0.02499997 0.124356 0.01224792 0.02499997 0.1520158 0.03023773 -0.02499997 0.1225568 0.024378 0.02499997 0.14832 0.04499232 -0.02499997 0.1195771 0.0362733 0.02499997 0.1431958 0.05931353 -0.02499997 0.1154459 0.04781919 0.02499997 0.1366925 0.07306361 -0.02499997 0.1102029 0.05890464 0.02499997 0.1288728 0.08610999 -0.02499997 0.1038986 0.06942278 0.02499997 0.119812 0.0983271 -0.02499997 0.09659367 0.07927232 0.02499997 0.1095973 0.1095972 -0.02499997 0.08835852 0.08835846 0.02499997 0.09832715 0.1198119 -0.02499997 0.07927238 0.09659361 0.02499997 0.08611005 0.1288727 -0.02499997 0.06942284 0.1038985 0.02499997 0.07306367 0.1366924 -0.02499997 0.0589047 0.1102029 0.02499997 0.05931365 0.1431957 -0.02499997 0.04781925 0.1154459 0.02499997 0.04499238 0.14832 -0.02499997 0.03627336 0.1195771 0.02499997 0.03023785 0.1520158 -0.02499997 0.02437806 0.1225567 0.02499997 0.01519209 0.1542476 -0.02499997 0.01224797 0.124356 0.02499997 -0.01568263 0.1592295 0.02499997 0 0.16 0.02499997 -0.03121435 0.1569256 0.02499997 -0.04644548 0.1531105 0.02499997 -0.06122928 0.1478207 0.02499997 -0.07542341 0.1411074 0.02499997 -0.08889114 0.1330351 0.02499997 -0.1015028 0.1236817 0.02499997 -0.113137 0.1131371 0.02499997 -0.1236816 0.101503 0.02499997 -0.1330351 0.08889126 0.02499997 -0.1411073 0.07542347 0.02499997 -0.1478207 0.06122934 0.02499997 -0.1531104 0.04644554 0.02499997 -0.1569256 0.03121447 0.02499997 -0.1592295 0.01568275 0.02499997 0.1592295 0.01568263 0.02499997 0.1569256 0.03121435 0.02499997 0.1531105 0.04644548 0.02499997 0.1478207 0.06122928 0.02499997 0.1411074 0.07542341 0.02499997 0.1330351 0.08889114 0.02499997 0.1236817 0.1015028 0.02499997 0.1131371 0.113137 0.02499997 0.101503 0.1236816 0.02499997 0.08889126 0.1330351 0.02499997 0.07542347 0.1411073 0.02499997 0.06122934 0.1478207 0.02499997 0.04644554 0.1531104 0.02499997 0.03121447 0.1569256 0.02499997 0.01568275 0.1592295 0.02499997 -0.01519197 0.1542476 0.02499997 0 0.154994 0.02499997 -0.03023773 0.1520158 0.02499997 -0.04499232 0.14832 0.02499997 -0.05931353 0.1431958 0.02499997 -0.07306361 0.1366925 0.02499997 -0.08610999 0.1288728 0.02499997 -0.0983271 0.119812 0.02499997 -0.1095972 0.1095973 0.02499997 -0.1198119 0.09832715 0.02499997 -0.1288727 0.08611005 0.02499997 -0.1366924 0.07306367 0.02499997 -0.1431957 0.05931365 0.02499997 -0.14832 0.04499238 0.02499997 -0.1520158 0.03023785 0.02499997 -0.1542476 0.01519209 0.02499997 0.1542476 0.01519197 0.02499997 0.1520158 0.03023773 0.02499997 0.14832 0.04499232 0.02499997 0.1431958 0.05931353 0.02499997 0.1366925 0.07306361 0.02499997 0.1288728 0.08610999 0.02499997 0.119812 0.0983271 0.02499997 0.1095973 0.1095972 0.02499997 0.09832715 0.1198119 0.02499997 0.08611005 0.1288727 0.02499997 0.07306367 0.1366924 0.02499997 0.05931365 0.1431957 0.02499997 0.04499238 0.14832 0.02499997 0.03023785 0.1520158 0.02499997 0.01519209 0.1542476 0.02499997 -0.01519197 0.1542476 0.01999998 0 0.154994 0.01999998 -0.03023773 0.1520158 0.01999998 -0.04499232 0.14832 0.01999998 -0.05931353 0.1431958 0.01999998 -0.07306361 0.1366925 0.01999998 -0.08610999 0.1288728 0.01999998 -0.0983271 0.119812 0.01999998 -0.1095972 0.1095973 0.01999998 -0.1198119 0.09832715 0.01999998 -0.1288727 0.08611005 0.01999998 -0.1366924 0.07306367 0.01999998 -0.1431957 0.05931365 0.01999998 -0.14832 0.04499238 0.01999998 -0.1520158 0.03023785 0.01999998 -0.1542476 0.01519209 0.01999998 0.1542476 0.01519197 0.01999998 0.1520158 0.03023773 0.01999998 0.14832 0.04499232 0.01999998 0.1431958 0.05931353 0.01999998 0.1366925 0.07306361 0.01999998 0.1288728 0.08610999 0.01999998 0.119812 0.0983271 0.01999998 0.1095973 0.1095972 0.01999998 0.09832715 0.1198119 0.01999998 0.08611005 0.1288727 0.01999998 0.07306367 0.1366924 0.01999998 0.05931365 0.1431957 0.01999998 0.04499238 0.14832 0.01999998 0.03023785 0.1520158 0.01999998 0.01519209 0.1542476 0.01999998 -0.0147013 0.1492657 0.01999998 -0.02926111 0.1471059 0.01999998 -0.0435391 0.1435295 0.01999998 -0.05739784 0.1385708 0.01999998 -0.07070374 0.1322776 0.01999998 -0.08332878 0.1247105 0.01999998 -0.0951513 0.1159422 0.01999998 -0.1060574 0.1060575 0.01999998 -0.1159422 0.09515136 0.01999998 -0.1247104 0.08332884 0.01999998 -0.1322775 0.07070386 0.01999998 -0.1385707 0.0573979 0.01999998 -0.1435295 0.04353922 0.01999998 -0.1471059 0.02926123 0.01999998 -0.1492657 0.01470142 0.01999998 0.1492657 0.0147013 0.01999998 0.1471059 0.02926111 0.01999998 0.1435295 0.0435391 0.01999998 0.1385708 0.05739784 0.01999998 0.1322776 0.07070374 0.01999998 0.1247105 0.08332878 0.01999998 0.1159422 0.0951513 0.01999998 0.1060575 0.1060574 0.01999998 0.09515136 0.1159422 0.01999998 0.08332884 0.1247104 0.01999998 0.07070386 0.1322775 0.01999998 0.0573979 0.1385707 0.01999998 0.04353922 0.1435295 0.01999998 0.02926123 0.1471059 0.01999998 0.01470142 0.1492657 0.01999998 -0.0147013 0.1492657 0.02499997 0 0.1499879 0.02499997 -0.02926111 0.1471059 0.02499997 -0.0435391 0.1435295 0.02499997 -0.05739784 0.1385708 0.02499997 -0.07070374 0.1322776 0.02499997 -0.08332878 0.1247105 0.02499997 -0.0951513 0.1159422 0.02499997 -0.1060574 0.1060575 0.02499997 -0.1159422 0.09515136 0.02499997 -0.1247104 0.08332884 0.02499997 -0.1322775 0.07070386 0.02499997 -0.1385707 0.0573979 0.02499997 -0.1435295 0.04353922 0.02499997 -0.1471059 0.02926123 0.02499997 -0.1492657 0.01470142 0.02499997 0.1492657 0.0147013 0.02499997 0.1471059 0.02926111 0.02499997 0.1435295 0.0435391 0.02499997 0.1385708 0.05739784 0.02499997 0.1322776 0.07070374 0.02499997 0.1247105 0.08332878 0.02499997 0.1159422 0.0951513 0.02499997 0.1060575 0.1060574 0.02499997 0.09515136 0.1159422 0.02499997 0.08332884 0.1247104 0.02499997 0.07070386 0.1322775 0.02499997 0.0573979 0.1385707 0.02499997 0.04353922 0.1435295 0.02499997 0.02926123 0.1471059 0.02499997 0.01470142 0.1492657 0.02499997 -0.01273858 0.129338 0.02499997 0 0.1299638 0.02499997 -0.02535462 0.1274666 0.02499997 -0.03772646 0.1243676 0.02499997 -0.04973489 0.1200709 0.02499997 -0.06126445 0.1146178 0.02499997 -0.07220399 0.108061 0.02499997 -0.08244812 0.1004634 0.02499997 -0.09189826 0.09189832 0.02499997 -0.1004633 0.08244818 0.02499997 -0.1080609 0.07220405 0.02499997 -0.1146178 0.06126457 0.02499997 -0.1200709 0.049735 0.02499997 -0.1243676 0.03772652 0.02499997 -0.1274666 0.02535468 0.02499997 -0.129338 0.0127387 0.02499997 0.129338 0.01273858 0.02499997 0.1274666 0.02535462 0.02499997 0.1243676 0.03772646 0.02499997 0.1200709 0.04973489 0.02499997 0.1146178 0.06126445 0.02499997 0.108061 0.07220399 0.02499997 0.1004634 0.08244812 0.02499997 0.09189832 0.09189826 0.02499997 0.08244818 0.1004633 0.02499997 0.07220405 0.1080609 0.02499997 0.06126457 0.1146178 0.02499997 0.049735 0.1200709 0.02499997 0.03772652 0.1243676 0.02499997 0.02535468 0.1274666 0.02499997 0.0127387 0.129338 0.02499997 -0.007595956 0.1546208 -0.02499997 -0.007841289 0.1596148 0.02499997 -0.007595956 0.1546208 0.02499997 -0.007350623 0.1496268 0.02499997 -0.007595956 0.1546208 0.01999998 -0.007350623 0.1496268 0.01999998 -0.006369292 0.1296509 0.02499997 -0.0061239 0.1246569 0.02499997 0.007596075 0.1546208 -0.02499997 0.007841408 0.1596148 0.02499997 0.007596075 0.1546208 0.02499997 0.007350683 0.1496268 0.02499997 0.007596075 0.1546208 0.01999998 0.006369352 0.1296509 0.02499997 0.006124019 0.1246569 0.02499997 0.129338 0.01273858 0.01999998 0.1274666 0.02535462 0.01999998 0.1243676 0.03772646 0.01999998 0.1200709 0.04973489 0.01999998 0.1146178 0.06126445 0.01999998 0.108061 0.07220399 0.01999998 0.1004634 0.08244812 0.01999998 0.09189832 0.09189826 0.01999998 0.08244818 0.1004633 0.01999998 0.07220405 0.1080609 0.01999998 0.06126457 0.1146178 0.01999998 0.049735 0.1200709 0.01999998 0.03772652 0.1243676 0.01999998 0.02535468 0.1274666 0.01999998 0.0127387 0.129338 0.01999998 0.006369352 0.1296509 0.01999998 0 0.1499879 0.01999998 0 0.1299638 0.01999998 0.124356 0.01224792 0.01999998 0.1225568 0.024378 0.01999998 0.1195771 0.0362733 0.01999998 0.1154459 0.04781919 0.01999998 0.1102029 0.05890464 0.01999998 0.1038986 0.06942278 0.01999998 0.09659367 0.07927232 0.01999998 0.08835852 0.08835846 0.01999998 0.07927238 0.09659361 0.01999998 0.06942284 0.1038985 0.01999998 0.0589047 0.1102029 0.01999998 0.04781925 0.1154459 0.01999998 0.03627336 0.1195771 0.01999998 0.02437806 0.1225567 0.01999998 0.01224797 0.124356 0.01999998 0.006124019 0.1246569 0.01999998 0 0.1249577 0.01999998 0.007350683 0.1496268 0.01999998 -0.007841289 0.1596148 -0.02499997 -0.01568263 0.1592295 -0.02499997 -0.03121435 0.1569256 -0.02499997 -0.04644548 0.1531105 -0.02499997 -0.06122928 0.1478207 -0.02499997 -0.07542341 0.1411074 -0.02499997 -0.08889114 0.1330351 -0.02499997 -0.1015028 0.1236817 -0.02499997 -0.113137 0.1131371 -0.02499997 -0.1236816 0.101503 -0.02499997 -0.1330351 0.08889126 -0.02499997 -0.1411073 0.07542347 -0.02499997 -0.1478207 0.06122934 -0.02499997 -0.1531104 0.04644554 -0.02499997 -0.1569256 0.03121447 -0.02499997 -0.1592295 0.01568275 -0.02499997 0.1592295 0.01568263 -0.02499997 0.1569256 0.03121435 -0.02499997 0.1531105 0.04644548 -0.02499997 0.1478207 0.06122928 -0.02499997 0.1411074 0.07542341 -0.02499997 0.1330351 0.08889114 -0.02499997 0.1236817 0.1015028 -0.02499997 0.1131371 0.113137 -0.02499997 0.101503 0.1236816 -0.02499997 0.08889126 0.1330351 -0.02499997 0.07542347 0.1411073 -0.02499997 0.06122934 0.1478207 -0.02499997 0.04644554 0.1531104 -0.02499997 0.03121447 0.1569256 -0.02499997 0.01568275 0.1592295 -0.02499997 0.007841408 0.1596148 -0.02499997 0 0.16 -0.02499997 -0.007350623 0.1496268 -0.02999997 -0.0147013 0.1492657 -0.02999997 -0.08332878 0.1247105 -0.02999997 -0.1060574 0.1060575 -0.02999997 -0.1247104 0.08332884 -0.02999997 -0.1492657 0.01470142 -0.02999997 -0.1247105 -0.08332878 -0.02999997 -0.02926123 -0.1471059 -0.02999997 0 -0.1499879 -0.02999997 0.02926111 -0.1471059 -0.02999997 0.0435391 -0.1435295 -0.02999997 0.05739784 -0.1385708 -0.02999997 0.07070374 -0.1322776 -0.02999997 0.08332878 -0.1247105 -0.02999997 0.0951513 -0.1159422 -0.02999997 0.1060574 -0.1060575 -0.02999997 0.1159422 -0.09515136 -0.02999997 0.1247104 -0.08332884 -0.02999997 0.1322775 -0.07070386 -0.02999997 0.1385707 -0.0573979 -0.02999997 0.1471059 -0.02926123 -0.02999997 0.1492657 -0.01470142 -0.02999997 0.1492657 0.0147013 -0.02999997 0.1435295 0.0435391 -0.02999997 0.1385708 0.05739784 -0.02999997 0.1322776 0.07070374 -0.02999997 0.1247105 0.08332878 -0.02999997 0.1060575 0.1060574 -0.02999997 0.09515136 0.1159422 -0.02999997 0.07070386 0.1322775 -0.02999997 0.04353922 0.1435295 -0.02999997 0.02926123 0.1471059 -0.02999997 0.01470142 0.1492657 -0.02999997 0.007350742 0.1496268 -0.02999997 0.005878627 0.119663 0.02999997 -0.03482007 0.1147867 0.02999997 -0.1147866 0.03482019 0.02999997 -0.1193741 0.01175731 0.02999997 -0.1193742 -0.01175725 0.02999997 -0.1176469 -0.02340137 0.02999997 -0.09973621 -0.06664156 0.02999997 -0.09272396 -0.07609653 0.02999997 -0.08481872 -0.08481866 0.02999997 -0.07609659 -0.0927239 0.02999997 -0.06664168 -0.09973621 0.02999997 -0.05654489 -0.1057879 0.02999997 -0.04590356 -0.110821 0.02999997 -0.03482019 -0.1147866 0.02999997 -0.02340143 -0.1176469 0.02999997 0.01175725 -0.1193742 0.02999997 0.02340137 -0.1176469 0.02999997 0.03482013 -0.1147867 0.02999997 0.04590344 -0.110821 0.02999997 0.05654484 -0.105788 0.02999997 0.06664156 -0.09973621 0.02999997 0.07609653 -0.09272396 0.02999997 0.08481866 -0.08481872 0.02999997 0.0927239 -0.07609659 0.02999997 0.09973621 -0.06664168 0.02999997 0.1057879 -0.05654489 0.02999997 0.1147866 -0.03482019 0.02999997 0.1176469 -0.02340143 0.02999997 0.1193741 -0.01175731 0.02999997 0.1176469 0.02340137 0.02999997 0.1147867 0.03482013 0.02999997 0.110821 0.04590344 0.02999997 0.09973621 0.06664156 0.02999997 0.09272396 0.07609653 0.02999997 0.07609659 0.0927239 0.02999997 0.06664168 0.09973621 0.02999997 0.05654489 0.1057879 0.02999997 0.03482019 0.1147866 0.02999997 0.02340143 0.1176469 0.02999997 0.01175731 0.1193741 0.02999997 -0.007350623 0.1496268 0.02999997 0 0.1499879 0.02999997 -0.02926111 0.1471059 0.02999997 -0.0147013 0.1492657 0.02999997 -0.0435391 0.1435295 0.02999997 -0.05739784 0.1385708 0.02999997 -0.07070374 0.1322776 0.02999997 -0.08332878 0.1247105 0.02999997 -0.0951513 0.1159422 0.02999997 -0.1060574 0.1060575 0.02999997 -0.1159422 0.09515136 0.02999997 -0.1247104 0.08332884 0.02999997 -0.1322775 0.07070386 0.02999997 -0.1385707 0.0573979 0.02999997 -0.1435295 0.04353922 0.02999997 -0.1471059 0.02926123 0.02999997 -0.1492657 0.01470142 0.02999997 -0.006369292 0.1296509 0.02999997 0 0.1299638 0.02999997 -0.02535462 0.1274666 0.02999997 -0.01273858 0.129338 0.02999997 -0.03772646 0.1243676 0.02999997 -0.04973489 0.1200709 0.02999997 -0.06126445 0.1146178 0.02999997 -0.07220399 0.108061 0.02999997 -0.08244812 0.1004634 0.02999997 -0.09189826 0.09189832 0.02999997 -0.1004633 0.08244818 0.02999997 -0.1080609 0.07220405 0.02999997 -0.1146178 0.06126457 0.02999997 -0.1200709 0.049735 0.02999997 -0.1243676 0.03772652 0.02999997 -0.1274666 0.02535468 0.02999997 -0.129338 0.0127387 0.02999997 -0.005878567 -0.119663 0.02999997 -0.005878686 0.119663 0.02999997 -0.1154459 -0.04781925 0.02999997 -0.1102029 -0.0589047 0.02999997 -0.1195771 -0.03627336 0.02999997 -0.1102029 0.05890464 0.02999997 -0.1154459 0.04781919 0.02999997 -0.1038986 0.06942278 0.02999997 -0.09659367 0.07927232 0.02999997 -0.08835852 0.08835846 0.02999997 -0.07927238 0.09659361 0.02999997 -0.06942284 0.1038985 0.02999997 -0.0589047 0.1102029 0.02999997 -0.04781925 0.1154459 0.02999997 -0.01224797 0.124356 0.02999997 -0.02437806 0.1225567 0.02999997 -0.006124019 0.1246569 0.02999997 0.1249577 0 0.02999997 0.124356 0.01224797 0.02999997 0 -0.1249577 0.02999997 0.006124019 -0.1246569 0.02999997 -0.1249577 0 0.02999997 -0.124356 0.01224797 0.02999997 -0.124356 -0.01224792 0.02999997 -0.1225568 -0.024378 0.02999997 -0.09659367 -0.07927232 0.02999997 -0.1038986 -0.06942278 0.02999997 -0.08835852 -0.08835846 0.02999997 -0.07927238 -0.09659361 0.02999997 -0.06942284 -0.1038985 0.02999997 -0.0589047 -0.1102029 0.02999997 -0.04781925 -0.1154459 0.02999997 -0.03627336 -0.1195771 0.02999997 -0.02437806 -0.1225567 0.02999997 0.024378 -0.1225568 0.02999997 0.01224792 -0.124356 0.02999997 0.0362733 -0.1195771 0.02999997 0.04781919 -0.1154459 0.02999997 0.05890464 -0.1102029 0.02999997 0.06942278 -0.1038986 0.02999997 0.07927232 -0.09659367 0.02999997 0.08835846 -0.08835852 0.02999997 0.09659361 -0.07927238 0.02999997 0.1038985 -0.06942284 0.02999997 0.1102029 -0.0589047 0.02999997 0.1225567 -0.02437806 0.02999997 0.1195771 -0.03627336 0.02999997 0.124356 -0.01224797 0.02999997 0.1195771 0.0362733 0.02999997 0.1225568 0.024378 0.02999997 0.1154459 0.04781919 0.02999997 0.09659367 0.07927232 0.02999997 0.1038986 0.06942278 0.02999997 0.06942284 0.1038985 0.02999997 0.07927238 0.09659361 0.02999997 0.0589047 0.1102029 0.02999997 0.02437806 0.1225567 0.02999997 0.03627336 0.1195771 0.02999997 0.01224797 0.124356 0.02999997 0.00612396 0.1246569 0.02999997 -0.01224792 -0.124356 0.02999997 -0.1225568 0.024378 0.02999997 -0.1195771 0.03627336 0.02999997 -0.0362733 0.1195771 0.02999997 0 0.1249577 0.02999997 0.04781919 0.1154459 0.02999997 0.08835846 0.08835852 0.02999997 0.1102029 0.0589047 0.02999997 0.1154459 -0.04781919 0.02999997 -0.0061239 -0.1246569 0.02999997 -0.007595956 -0.1546208 -0.02999997 -0.01519197 -0.1542476 -0.02999997 -0.04499232 -0.14832 -0.02999997 -0.05931353 -0.1431958 -0.02999997 -0.07306361 -0.1366925 -0.02999997 -0.08610999 -0.1288728 -0.02999997 -0.0983271 -0.119812 -0.02999997 -0.1095972 -0.1095973 -0.02999997 -0.1198119 -0.09832715 -0.02999997 -0.1366924 -0.07306367 -0.02999997 -0.1431957 -0.05931365 -0.02999997 -0.14832 -0.04499238 -0.02999997 -0.1520158 -0.03023785 -0.02999997 -0.1542476 -0.01519209 -0.02999997 -0.154994 0 -0.02999997 -0.1520158 0.03023773 -0.02999997 -0.14832 0.04499232 -0.02999997 -0.1431958 0.05931353 -0.02999997 -0.1366925 0.07306361 -0.02999997 -0.07306367 0.1366924 -0.02999997 -0.05931365 0.1431957 -0.02999997 -0.04499238 0.14832 -0.02999997 -0.03023785 0.1520158 -0.02999997 0.01519209 -0.1542476 -0.02999997 0.007596075 -0.1546208 -0.02999997 -0.007595956 0.1546208 -0.02999997 -0.01519197 0.1542476 -0.02999997 -0.1542476 0.01519209 -0.02999997 0.03023773 -0.1520158 -0.02999997 0.04499232 -0.14832 -0.02999997 0.05931353 -0.1431958 -0.02999997 0.07306361 -0.1366925 -0.02999997 0.08610999 -0.1288728 -0.02999997 0.0983271 -0.119812 -0.02999997 0.1095972 -0.1095973 -0.02999997 0.1198119 -0.09832715 -0.02999997 0.1288727 -0.08611005 -0.02999997 0.1366924 -0.07306367 -0.02999997 0.1431957 -0.05931365 -0.02999997 0.1520158 -0.03023785 -0.02999997 0.1542476 -0.01519209 -0.02999997 0.154994 0 -0.02999997 0.1542476 0.01519197 -0.02999997 0.14832 0.04499232 -0.02999997 0.1431958 0.05931353 -0.02999997 0.1366925 0.07306361 -0.02999997 0.1288728 0.08610999 -0.02999997 0.1095973 0.1095972 -0.02999997 0.09832715 0.1198119 -0.02999997 0.04499238 0.14832 -0.02999997 0.03023785 0.1520158 -0.02999997 0.01519209 0.1542476 -0.02999997 0.007596075 0.1546208 -0.02999997 -0.03023785 -0.1520158 -0.02999997 -0.1288728 -0.08610999 -0.02999997 -0.1288727 0.08611005 -0.02999997 -0.119812 0.0983271 -0.02999997 -0.1095972 0.1095973 -0.02999997 -0.09832715 0.1198119 -0.02999997 -0.08610999 0.1288728 -0.02999997 0.05931353 0.1431958 -0.02999997 0.07306367 0.1366924 -0.02999997 0.08610999 0.1288728 -0.02999997 0.1198119 0.09832715 -0.02999997 0.1520158 0.03023785 -0.02999997 0.14832 -0.04499232 -0.02999997 0 -0.154994 -0.02999997 0 0.154994 -0.02999997</float_array>
          <technique_common>
            <accessor source="#Cylinder_001-mesh-positions-array" count="1024" stride="3">
              <param name="X" type="float"/>
              <param name="Y" type="float"/>
              <param name="Z" type="float"/>
            </accessor>
          </technique_common>
        </source>
        <source id="Cylinder_001-mesh-normals">
          <float_array id="Cylinder_001-mesh-normals-array" count="4059">-0.04906803 -0.9987955 0 -0.09801709 -0.9951847 0 -0.09801566 -0.995185 0 -0.1950907 -0.9807853 0 -0.1950882 -0.9807858 0 -0.2902859 -0.95694 0 -0.2902835 -0.9569408 0 -0.3826845 -0.9238791 0 -0.3826823 -0.9238801 0 -0.471397 -0.8819211 0 -0.4713949 -0.8819224 0 -0.5555711 -0.831469 0 -0.5555689 -0.8314705 0 -0.6343945 -0.7730095 0 -0.6343921 -0.7730115 0 -0.7071077 -0.7071059 0 -0.7071054 -0.7071082 0 -0.7730112 -0.6343924 0 -0.7730091 -0.634395 0 -0.8314704 -0.555569 0 -0.8314689 -0.5555715 0 -0.8819218 -0.4713957 0 -0.8819208 -0.4713979 0 -0.9238796 -0.3826834 0 -0.9238789 -0.3826853 0 -0.9569407 -0.2902836 0 -0.9569402 -0.2902855 0 -0.9807855 -0.1950893 0 -0.9807851 -0.1950917 0 -0.9951849 -0.09801626 0 -0.9951845 -0.09801971 0 -1 0 0 1 0 0 0.9951847 -0.0980187 0 0.995185 -0.09801524 0 0.9807853 -0.1950905 0 0.9807857 -0.1950885 0 0.9569402 -0.290285 0 0.9569407 -0.290284 0 0.9238793 -0.3826842 0 0.9238798 -0.3826828 0 0.8819212 -0.4713969 0 0.8819223 -0.4713951 0 0.8314689 -0.5555712 0 0.8314706 -0.5555689 0 0.7730096 -0.6343944 0 0.7730116 -0.6343921 0 0.7071062 -0.7071075 0 0.7071079 -0.7071056 0 0.6343926 -0.7730111 0 0.6343948 -0.7730093 0 0.5555691 -0.8314704 0 0.5555713 -0.8314689 0 0.4713956 -0.8819219 0 0.4713981 -0.8819205 0 0.3826831 -0.9238798 0 0.3826855 -0.9238787 0 0.2902836 -0.9569408 0 0.290286 -0.9569401 0 0.1950891 -0.9807856 0 0.1950916 -0.9807851 0 0.09801661 -0.9951848 0 0.06819033 0.6923583 0.7183245 0 0 1 0.03469622 0.7062571 0.7071048 0.1357259 0.6823481 0.7183172 0 0 1 0.2019554 0.6657613 0.7183147 0 0 1 0 0 1 0 0 1 0.3279569 0.6135672 0.7183173 0.266237 0.6427553 0.71832 0.3865181 0.578467 0.7183174 0 0 1 0.4413569 0.537796 0.7183173 1.51997e-7 0 1 0.4919445 0.4919463 0.7183171 0 0 1 0.5377945 0.4413588 0.7183172 2.18729e-7 0 1 0.5784657 0.3865199 0.7183175 0.6135666 0.3279587 0.7183169 0 0 1 0.6427566 0.2662408 0.7183173 0 0 1 0.6657608 0.2019571 0.7183146 -1.51785e-7 0 1 1.51579e-7 0 1 0 0 1 0.6923682 0.06819403 0.7183146 0.6823451 0.1357274 0.7183197 -3.70711e-7 0 1 -0.6957093 0 0.7183235 0 0 1 -0.6823483 0.1357259 0.718317 -0.6923629 0.06819093 0.71832 -0.6657614 0.2019558 0.7183145 -4.08725e-7 0 1 2.27794e-7 0 1 -3.7071e-7 0 1 -0.6135672 0.327957 0.7183173 -0.6427552 0.2662369 0.7183201 -0.578467 0.3865181 0.7183174 0 0 1 -0.5377961 0.4413566 0.7183173 0 0 1 -0.491946 0.4919447 0.7183171 1.51997e-7 0 1 -0.4413586 0.5377946 0.7183172 -0.3865196 0.5784659 0.7183174 0 0 1 -0.327959 0.6135663 0.718317 -1.85363e-7 0 1 -0.2662404 0.6427569 0.7183173 0 0 1 -0.2019572 0.6657609 0.7183146 0 0 1 0 0 1 0 0 1 -0.06819313 0.6923723 0.7183108 -0.1357277 0.6823449 0.7183198 0.734661 2.3916e-7 0.6784344 0.589994 0.5617272 0.5799739 0.718251 2.34036e-7 0.6957842 -1 0 0 -0.6923687 -0.06819385 0.7183141 -0.9951847 -0.09801787 0 -0.6823449 -0.1357281 0.7183198 -0.9807853 -0.1950905 0 -0.6657611 -0.2019575 0.7183142 -0.9569404 -0.2902846 0 -0.6427569 -0.2662405 0.7183172 -0.9238792 -0.3826843 0 -0.6135637 -0.3279576 0.71832 -0.8819214 -0.4713966 0 0.09801673 -0.9951848 0 0.1357278 -0.6823449 0.7183198 0.1950892 -0.9807855 0 -0.5784685 -0.3865217 0.7183141 -0.8314695 -0.5555704 0 0.2019571 -0.6657613 0.7183142 0.290283 -0.9569409 0 -0.5377946 -0.4413589 0.7183171 -0.7730097 -0.6343942 0 0.2662405 -0.6427569 0.7183172 0.3826834 -0.9238796 0 -0.4919448 -0.4919463 0.7183169 -0.7071067 -0.7071069 0 0.3279578 -0.6135635 0.7183199 0.4713959 -0.8819218 0 -0.4413552 -0.5377935 0.7183201 -0.6343938 -0.7730102 0 0.3865214 -0.5784687 0.7183141 0.5555691 -0.8314704 0 -0.386518 -0.5784671 0.7183173 -0.5555698 -0.83147 0 0.4413589 -0.5377945 0.7183171 0.6343933 -0.7730104 0 -0.327957 -0.6135676 0.7183169 -0.471396 -0.8819218 0 0.4919461 -0.4919451 0.7183169 0.7071058 -0.7071079 0 -0.2662383 -0.642758 0.718317 -0.3826838 -0.9238794 0 0.5377937 -0.4413549 0.7183201 0.7730097 -0.6343944 0 -0.2019553 -0.6657619 0.7183142 -0.2902842 -0.9569405 0 0.5784671 -0.3865182 0.7183173 0.831469 -0.5555713 0 -0.1357253 -0.6823452 0.7183201 -0.1950895 -0.9807855 0 0.6135676 -0.3279568 0.718317 0.8819212 -0.4713968 0 -0.06819057 -0.6923605 0.7183225 -0.09801614 -0.9951849 0 0.6427581 -0.266238 0.718317 0.923879 -0.3826849 0 -0.03469604 -0.7062581 0.7071037 -0.04906743 -0.9987956 0 0.6657618 -0.2019554 0.7183142 0.9569401 -0.2902859 0 0.6823452 -0.1357255 0.71832 0.9807852 -0.1950908 0 0.6923659 -0.06819081 0.7183171 0.9951847 -0.09801793 0 0.6957098 0 0.7183231 0.03469586 0.7062512 0.7071108 0.1400423 0.7040388 0.6962167 0.07035762 0.7143574 0.6962351 0.2746977 0.6631762 0.6962317 0.2083679 0.6868946 0.6962462 0.338377 0.6330583 0.6962315 0.3987985 0.5968431 0.6962313 0.4553887 0.5548906 0.6962167 0.5075741 0.5075729 0.6962316 0.5548806 0.4553782 0.6962316 0.6330717 0.3383823 0.6962167 0.5968321 0.3987896 0.696246 0.6631768 0.2746971 0.6962314 0.7040389 0.1400409 0.6962169 0.6868953 0.2083664 0.696246 0.7178228 0 0.6962259 0.7143467 0.07035702 0.6962462 -0.7143608 0.07035911 0.6962315 -0.7178121 0 0.696237 -0.7040389 0.140042 0.6962167 -0.6631764 0.2746974 0.6962317 -0.6868945 0.2083685 0.6962462 -0.6330585 0.3383769 0.6962313 -0.596843 0.3987987 0.6962313 -0.554891 0.4553882 0.6962166 -0.5075728 0.5075742 0.6962316 -0.4553785 0.5548804 0.6962315 -0.3383826 0.6330714 0.6962168 -0.3987892 0.5968322 0.6962462 -0.2746967 0.6631768 0.6962314 -0.1400411 0.7040387 0.6962169 -0.2083663 0.6868951 0.6962462 0.06819307 -0.6923725 0.7183107 0.285543 -0.2999204 0.9102268 -0.7062482 -0.03468793 0.7071141 -0.2863471 -0.3159478 0.9045343 -0.0703566 0.7143467 0.6962462 -0.6049843 0.5483254 0.5773503 0.6957221 0 0.7183111 0.7178202 0 0.6962286 0.9951846 0.09801894 0 0.7143471 0.07035702 0.6962458 -0.1950907 -0.9807852 0 0.9807851 0.1950917 0 0.7040362 0.1400409 0.6962195 0.95694 0.2902858 0 0.6869074 0.2083703 0.6962328 0.6895301 -0.7242571 0 -0.04906743 -0.9987956 0 0.9238786 0.3826857 0 0.6631638 0.2746913 0.696246 0.9097475 0.2980085 0.2890512 0.689526 -0.724261 0 0.8819209 0.4713975 0 0.6330691 0.338381 0.6962197 0.8314688 0.5555716 0 0.5968323 0.3987896 0.6962457 0.7730089 0.6343954 0 0.5548895 0.4553859 0.6962195 0.707106 0.7071076 0 0.5075733 0.5075719 0.6962328 0.6343923 0.7730114 0 0.4553785 0.554879 0.6962326 0.5555685 0.8314708 0 0.3987903 0.5968315 0.6962461 0.4713953 0.881922 0 0.3383828 0.6330685 0.6962194 0.3826827 0.9238799 0 0.2746974 0.6631752 0.6962327 0.2902832 0.9569408 0 0.208368 0.6868947 0.696246 0 0 1 0 0 1 0 0 1 0 0 1 0 0 1 0 0 1 0 0 1 0 0 1 0 0 1 0 0 1 0 0 1 0 0 1 0 0 1 0 0 1 0 0 1 0 0 1 0 0 1 0 0 1 -2.28193e-7 0 1 0 0 1 0 0 1 0 0 1 0 0 1 0 0 1 -2.28193e-7 0 1 -0.8819219 0.4713956 0 -0.5968315 0.3987905 0.696246 -0.8314708 0.5555685 0 -0.06819146 -0.692365 0.7183179 0.03469532 0.7062467 0.7071152 -0.03469604 -0.7062636 0.7070983 0.1400419 0.7040362 0.6962194 0.07035809 0.7143622 0.6962301 -0.2019572 -0.6657627 0.7183129 -0.1357274 -0.682347 0.718318 -0.2662403 -0.6427584 0.7183159 -0.3865226 -0.578472 0.7183109 -0.3279575 -0.6135641 0.7183196 -0.4413596 -0.5377962 0.7183154 -0.4919469 -0.4919463 0.7183155 -0.5784703 -0.3865204 0.7183135 -0.5377931 -0.4413561 0.7183198 -0.6427619 -0.2662423 0.718312 -0.6135566 -0.3279529 0.7183281 -0.6657683 -0.2019587 0.7183073 -0.6923716 -0.06819236 0.7183116 -0.6823455 -0.1357262 0.7183197 0.3826835 -0.9238795 0 0.3279575 -0.6135644 0.7183194 0.4713957 -0.8819218 1.46819e-7 -0.7409385 0.671573 0 -0.6715525 -0.740957 0 -0.9238799 0.3826828 0 -0.6330684 0.3383831 0.6962194 0.3865224 -0.5784702 0.7183124 0.5555692 -0.8314704 1.42244e-6 -0.956941 0.2902827 0 -0.6631752 0.2746976 0.6962327 0.4413572 -0.5377925 0.7183196 0.6343938 -0.7730102 -1.31406e-7 0.707104 2.30404e-7 0.7071096 0.3142706 -0.8976569 0.3089436 0.03469663 -0.7062628 0.707099 0.04906767 -0.9987955 -4.3427e-7 0.4919471 -0.4919457 0.7183157 0.7071062 -0.7071074 -3.309e-7 -0.9807857 0.1950883 0 -0.6868949 0.2083677 0.6962459 -0.09801751 0.9951847 0 -0.3159345 0.2863574 0.9045358 -0.9951849 0.09801614 0 -0.7040361 0.140042 0.6962194 0.5377972 -0.4413577 0.7183158 0.7730095 -0.6343944 -7.03475e-7 -0.1950919 0.980785 0 -0.07035714 0.7143469 0.696246 -1 0 0 -0.7143467 0.07035773 0.6962462 0.1950884 0.9807857 0 -0.04906803 -0.9987955 0 -0.04906803 -0.9987955 0 0.5784714 -0.386521 0.7183122 0.8314695 -0.5555704 -1.72028e-6 2.58177e-7 0 1 0 0 1 0.3142793 -0.8976554 -0.3089391 -0.2567636 -0.9182396 -0.3015104 -0.7062709 -0.03469729 0.7070909 0 0 1 0.09801805 -0.9951847 0 0.04906803 -0.9987955 0 0.6923709 -0.06819176 0.7183122 -0.7178381 0 0.6962102 0.6957046 0 0.7183281 0.6657639 -0.2019554 0.7183123 0.6823458 -0.1357254 0.7183195 0.6427591 -0.2662392 0.7183157 0.6135649 -0.3279559 0.7183196 -0.5548788 0.4553786 0.6962326 -0.5075722 0.5075732 0.6962328 -0.4553858 0.5548895 0.6962195 -0.3383814 0.6330689 0.6962197 -0.3987896 0.5968322 0.6962458 0.2662425 -0.6427618 0.7183121 -0.20837 0.6869077 0.6962326 -0.2746913 0.6631639 0.696246 0.2019566 -0.6657594 0.7183161 -0.1400408 0.7040361 0.6962196 0.06819242 -0.6923732 0.71831 0.1357278 -0.6823453 0.7183195 0.5900102 -0.5617058 0.5799781 0.2902837 -0.9569407 -4.76331e-7 -0.7730113 0.6343922 0 0.1950891 -0.9807856 2.51801e-7 -0.707108 0.7071057 0 0.9951847 -0.09801864 5.53396e-7 0.09801673 -0.9951848 -4.06926e-7 -0.6343952 0.773009 0 0.9807853 -0.1950907 0 -0.5555714 0.8314688 0 0.9569405 -0.2902846 4.30004e-7 -0.4713978 0.8819208 0 0.9238788 -0.3826854 0 -0.3826855 0.9238788 0 0.8819211 -0.4713972 0 -0.2902857 0.9569401 0 0 0 -1 0 0 -1 0 0 -1 0 0 -1 0 0 -1 0 0 -1 0 0 -1 0 0 -1 0 0 -1 1.52004e-7 0 -1 1.91342e-7 0 -1 -1.54391e-7 0 -1 0 0 -1 0 0 -1 2.18729e-7 0 -1 0 0 -1 0 0 -1 0 0 -1 0 0 -1 -2.77777e-7 0 -1 -1.51785e-7 0 -1 0 0 -1 0 0 -1 1.51579e-7 0 -1 3.82683e-7 0 -1 -2.34448e-7 0 -1 -3.70711e-7 0 -1 0 0 -1 0 0 -1 0 0 -1 0 0 -1 -3.4464e-7 0 -1 -4.08725e-7 0 -1 -2.52925e-7 0 -1 -3.7071e-7 0 -1 2.27794e-7 0 -1 3.82684e-7 0 -1 0 0 -1 0 0 -1 1.72867e-7 0 -1 1.51997e-7 0 -1 0 0 -1 0 0 -1 -1.49558e-7 0 -1 -1.85355e-7 0 -1 0 0 -1 0 0 -1 0 0 -1 0 0 -1 0 0 -1 0 0 -1 0 0 -1 0 0 -1 0 0 -1 -0.7062539 -0.03469663 -0.7071079 0 0 -1 0 0 -1 0 0 -1 -0.9951845 -0.09801948 0 -0.9951847 -0.09801709 0 0.9951847 -0.09801739 1.88114e-6 1 0 0 0.9807851 -0.1950915 -1.47306e-6 0.9951848 -0.09801667 1.38126e-6 0.9569401 -0.2902855 0 0.9807853 -0.1950904 -1.95437e-6 0.9238792 -0.3826844 1.35442e-6 0.956941 -0.2902826 0 0.8819211 -0.4713971 -1.1508e-6 0.9238798 -0.382683 9.10006e-7 -0.09801667 -0.9951848 0 -0.04906803 -0.9987955 0 -0.04906791 -0.9987955 1.66237e-6 0.8314697 -0.5555702 2.62006e-7 0.8819217 -0.471396 -1.79928e-6 -0.1950905 -0.9807853 -8.96507e-6 -0.09801578 -0.9951849 -1.23933e-6 0.7730098 -0.6343941 1.62997e-6 0.8314703 -0.5555694 -2.0184e-7 -0.2902854 -0.9569401 -8.23658e-7 -0.1950893 -0.9807855 -9.38079e-6 0.7071065 -0.7071072 9.44164e-7 0.7730104 -0.6343933 5.66585e-7 -0.3826845 -0.9238792 0 -0.290283 -0.9569408 0 0.6343932 -0.7730105 1.39555e-6 0.7071073 -0.7071064 -1.35934e-7 -0.4713971 -0.8819211 0 -0.3826822 -0.9238801 0 0.5555698 -0.83147 4.81065e-7 0.6343942 -0.7730097 5.21186e-7 -0.555571 -0.8314692 0 -0.4713949 -0.8819223 0 0.4713962 -0.8819217 1.80353e-6 0.5555707 -0.8314693 -3.413e-7 -0.634395 -0.7730092 0 -0.5555689 -0.8314706 0 0.382683 -0.9238798 3.27173e-6 0.4713971 -0.8819211 1.50788e-6 -0.7071075 -0.7071061 0 -0.6343929 -0.7730108 0 0.2902839 -0.9569406 -6.07393e-6 0.3826841 -0.9238794 2.30544e-6 -0.7730108 -0.6343929 0 0.1950898 -0.9807855 6.76197e-6 0.2902852 -0.9569402 -5.62188e-6 -0.8314701 -0.5555695 2.90333e-7 -0.7730091 -0.634395 -1.54917e-7 0.09801626 -0.9951849 1.03536e-6 0.1950908 -0.9807852 7.15111e-6 -0.8819221 -0.4713952 1.8229e-7 -0.8314694 -0.5555705 0 0.04906761 -0.9987956 0 -0.9238795 -0.3826838 0 -0.8819209 -0.4713975 0 -1.35937e-6 -1 2.83079e-6 -0.9238785 -0.382686 0 0.09801715 -0.9951847 0 -0.9807857 -0.1950888 0 -0.9569401 -0.2902857 0 -0.9807851 -0.1950911 0 0 0 1 0 0 1 0 0 1 -0.9569404 -0.2902848 0 -0.9807853 -0.1950904 1.40061e-7 -0.9951847 -0.09801816 -1.11588e-6 -0.6957133 7.4876e-7 0.7183196 -1 -1.16826e-6 0 1.68464e-6 -1 0 1 0 5.36238e-7 0.9951848 -0.09801679 1.39202e-6 0.9807856 -0.1950891 2.68467e-7 0.9569407 -0.2902836 1.19683e-6 0.9238796 -0.3826833 0 0.8819219 -0.4713957 0 -0.04906708 -0.9987955 -1.89864e-6 0.8314705 -0.5555689 -3.16659e-6 -0.09801447 -0.9951851 -1.29645e-6 -0.1950892 -0.9807856 -3.37789e-6 0.7730103 -0.6343937 -6.31112e-7 -0.2902839 -0.9569406 2.57513e-6 0.7071072 -0.7071064 0 -0.3826835 -0.9238796 1.64147e-7 0.634395 -0.7730091 7.65871e-7 -0.4713965 -0.8819214 -5.49232e-7 0.5555699 -0.8314698 3.12628e-6 -0.5555692 -0.8314703 -3.54058e-6 0.4713976 -0.8819209 0 -0.6343938 -0.7730102 -6.5314e-7 0.3826846 -0.9238791 1.64147e-7 -0.7071062 -0.7071074 0 0.2902851 -0.9569403 -2.89787e-7 -0.7730094 -0.6343946 1.50411e-6 0.1950904 -0.9807853 1.85651e-6 -0.8314699 -0.5555699 3.02501e-6 0.09801572 -0.995185 7.27617e-7 -0.8819213 -0.4713967 0 0.04906702 -0.9987955 0 -0.9238796 -0.3826832 0 0 0 1 0 0 1 0 0 1 0 0 1 0 0 1 -1.30341e-7 0 1 0 0 1 0 0 1 0 0 1 0 0 1 0 0 1 0 0 1 0 0 1 0 0 1 0 0 1 0 0 1 -1.97728e-7 0 1 0 0 1 0 0 1 0 0 1 0 0 1 0 0 1 0 0 1 0 0 1 0 0 1 0 0 1 0 0 1 -0.2902854 -0.9569401 0 -0.382685 -0.9238789 0 -0.4713971 -0.8819212 0 -0.5555709 -0.8314692 0 -0.6343947 -0.7730094 0 -0.7071077 -0.7071059 0 -0.7730106 -0.6343932 0 -0.8314704 -0.5555693 0 -0.881922 -0.4713954 0 -0.09801661 -0.9951848 0 -0.9238798 -0.3826829 0 -0.9569408 -0.2902833 0 -0.9807856 -0.1950891 0 0.04906713 0.9987955 0 0.7242335 0.6895548 0 -0.9951849 -0.09801644 0 0.09801608 0.9951848 0 -0.09801709 0.9951847 0 -0.04906803 0.9987955 0 -0.1950907 0.9807853 0 -0.09801566 0.995185 0 -0.2902859 0.95694 0 -0.1950882 0.9807858 0 -0.3826845 0.9238791 0 -0.2902836 0.9569408 0 -0.471397 0.8819211 0 -0.3826823 0.9238801 0 -0.5555711 0.831469 0 -0.4713949 0.8819224 0 -0.6343945 0.7730095 0 -0.5555689 0.8314705 0 -0.7071077 0.7071059 0 -0.6343921 0.7730116 0 -0.7730112 0.6343924 0 -0.7071054 0.7071082 0 -0.8314704 0.555569 0 -0.7730091 0.6343949 0 -0.8819218 0.4713957 0 -0.8314689 0.5555715 0 -0.9238796 0.3826834 0 -0.8819208 0.4713979 0 -0.9569407 0.2902836 0 -0.9238789 0.3826853 0 -0.9807855 0.1950892 0 -0.9569402 0.2902855 0 -0.9951849 0.09801632 0 -0.9807851 0.1950917 0 -0.9951846 0.09801971 0 0.9951847 0.0980187 0 0.9807853 0.1950905 0 0.995185 0.0980153 0 0.9569402 0.290285 0 0.9807857 0.1950885 0 0.9238793 0.3826842 0 0.9569407 0.290284 0 0.8819212 0.4713969 0 0.9238798 0.3826828 0 0.8314689 0.5555712 0 0.8819223 0.4713951 0 0.7730096 0.6343944 0 0.8314706 0.5555689 0 0.7071062 0.7071075 0 0.7730116 0.6343921 0 0.6343926 0.7730111 0 0.7071079 0.7071056 0 0.5555691 0.8314704 0 0.6343948 0.7730093 0 0.4713956 0.8819219 0 0.5555713 0.8314689 0 0.382683 0.9238798 0 0.4713981 0.8819205 0 0.2902836 0.9569408 0 0.3826855 0.9238787 0 0.1950891 0.9807856 0 0.290286 0.9569401 0 0.09801661 0.9951848 0 0.1950916 0.9807851 0 0 0 1 0.06819033 -0.6923583 0.7183245 0.03469628 -0.7062571 0.7071048 0 0 1 0.1357259 -0.6823481 0.7183172 0 0 1 0.2019554 -0.6657614 0.7183147 0.266237 -0.6427553 0.71832 0.3279569 -0.6135672 0.7183172 0.3865181 -0.578467 0.7183174 0.4413567 -0.537796 0.7183173 -2.6589e-7 0 1 0.4919443 -0.4919464 0.7183172 0 0 1 0.5377945 -0.4413588 0.7183172 0 0 1 0.5784657 -0.3865199 0.7183174 0 0 1 0.6135666 -0.3279587 0.7183169 0 0 1 0.6427565 -0.2662408 0.7183174 -3.58571e-7 0 1 0.6657608 -0.2019571 0.7183147 2.0387e-7 0 1 0.6823452 -0.1357274 0.7183197 0.6923683 -0.06819403 0.7183146 0 0 1 -0.6923629 -0.06819093 0.71832 -0.6823483 -0.1357259 0.718317 -2.86279e-7 0 1 -0.6657612 -0.2019559 0.7183147 1.42265e-7 0 1 -0.6427552 -0.2662368 0.7183201 -0.6135672 -0.3279569 0.7183172 0 0 1 -0.5784668 -0.3865181 0.7183175 0 0 1 -0.537796 -0.4413566 0.7183173 3.03995e-7 0 1 -0.491946 -0.4919447 0.7183171 -0.4413586 -0.5377946 0.7183172 0 0 1 -0.3865196 -0.5784659 0.7183174 -1.85363e-7 0 1 -0.3279591 -0.6135663 0.718317 0 0 1 -0.2662405 -0.6427569 0.7183173 0 0 1 -0.2019572 -0.6657609 0.7183146 0 0 1 -0.1357277 -0.6823449 0.7183198 -0.06819307 -0.6923722 0.7183109 0.7182509 -2.34036e-7 0.6957842 0.589994 -0.5617272 0.5799739 0.734661 -2.24239e-7 0.6784344 -0.6923687 0.06819385 0.7183142 -0.9951847 0.09801787 0 -0.6823449 0.1357281 0.7183198 -0.9807853 0.1950905 0 -0.665761 0.2019575 0.7183143 -0.9569404 0.2902846 0 -0.6427569 0.2662405 0.7183172 -0.9238792 0.3826843 0 -0.6135637 0.3279575 0.7183199 -0.8819214 0.4713966 0 0.1357278 0.6823449 0.7183198 0.09801673 0.9951848 0 0.1950892 0.9807855 0 -0.5784685 0.3865218 0.7183142 -0.8314696 0.5555704 0 0.2019571 0.6657614 0.7183141 0.290283 0.9569409 0 -0.5377947 0.4413588 0.718317 -0.7730098 0.6343942 0 0.2662404 0.6427569 0.7183172 0.3826833 0.9238796 0 -0.4919448 0.4919463 0.7183169 -0.7071067 0.7071069 0 0.3279578 0.6135635 0.7183199 0.4713959 0.8819217 0 -0.4413552 0.5377935 0.7183201 -0.6343938 0.7730102 0 0.3865215 0.5784689 0.7183141 0.555569 0.8314706 0 -0.386518 0.5784671 0.7183173 -0.5555698 0.83147 0 0.4413589 0.5377946 0.7183171 0.6343933 0.7730105 0 -0.3279571 0.6135676 0.7183169 -0.4713959 0.8819217 0 0.4919461 0.491945 0.7183169 0.7071057 0.7071079 0 -0.2662383 0.642758 0.718317 -0.3826837 0.9238794 0 0.5377936 0.4413549 0.7183202 0.7730097 0.6343944 0 -0.2019554 0.665762 0.7183141 -0.2902842 0.9569405 0 0.578467 0.3865181 0.7183173 0.831469 0.5555713 0 -0.1357253 0.6823452 0.7183201 -0.1950895 0.9807855 0 0.6135676 0.3279568 0.718317 0.8819212 0.4713968 0 -0.06819057 0.6923605 0.7183225 -0.09801614 0.9951849 0 0.6427581 0.266238 0.7183171 0.923879 0.3826849 0 -0.03469598 0.7062581 0.7071038 -0.04906743 0.9987956 0 0.665762 0.2019554 0.7183141 0.9569401 0.2902859 0 0.6823452 0.1357255 0.7183201 0.9807852 0.1950908 0 0.6923659 0.06819081 0.7183171 0.9951847 0.09801793 0 0.03469586 -0.7062511 0.7071108 0.1400423 -0.7040387 0.6962167 0.2746977 -0.6631763 0.6962316 0.338377 -0.6330583 0.6962315 0.3987985 -0.5968431 0.6962313 0.4553887 -0.5548906 0.6962167 0.5075741 -0.5075729 0.6962316 0.5548804 -0.4553782 0.6962316 0.6330716 -0.3383823 0.6962168 0.6631768 -0.2746971 0.6962314 0.7040389 -0.1400408 0.6962168 -0.6957222 0 0.7183111 -0.7143608 -0.07035911 0.6962315 -0.7040389 -0.140042 0.6962167 -0.6631763 -0.2746974 0.6962317 -0.6330585 -0.3383769 0.6962313 -0.5968431 -0.3987988 0.6962313 -0.5548911 -0.4553882 0.6962167 -0.5075728 -0.507574 0.6962316 -0.4553784 -0.5548804 0.6962315 -0.3383826 -0.6330714 0.6962168 -0.2746967 -0.6631769 0.6962314 -0.1400411 -0.7040387 0.6962169 0.06819301 0.6923725 0.7183107 -0.7062482 0.03468799 0.7071141 0.2855431 0.2999204 0.9102268 -0.2863471 0.3159478 0.9045343 -0.6868944 -0.2083685 0.6962462 0.2083679 -0.6868946 0.6962462 -0.3987892 -0.5968321 0.6962461 -0.2083663 -0.6868951 0.6962462 0.5968322 -0.3987895 0.6962459 -0.0703566 -0.7143467 0.6962462 -0.6049843 -0.5483254 0.5773503 0.6868953 -0.2083664 0.6962459 0.7143467 -0.07035702 0.6962462 0.9951846 -0.09801894 0 0.714347 -0.07035702 0.6962459 -0.1950908 0.9807852 0 0.9807851 -0.1950917 0 0.7040362 -0.1400409 0.6962195 0.95694 -0.2902858 0 0.6869074 -0.2083703 0.6962328 -0.04906743 0.9987956 0 0.6895301 0.7242571 0 0.9238786 -0.3826857 0 0.6631638 -0.2746913 0.696246 0.689526 0.7242611 0 0.9097475 -0.2980085 0.2890513 0.881921 -0.4713975 0 0.6330691 -0.338381 0.6962197 0.8314688 -0.5555716 0 0.5968323 -0.3987896 0.6962457 0.7730089 -0.6343954 0 0.5548895 -0.4553858 0.6962194 0.7071059 -0.7071076 0 0.5075733 -0.5075719 0.6962328 0.6343923 -0.7730114 0 0.4553785 -0.554879 0.6962326 0.5555685 -0.8314708 0 0.3987903 -0.5968315 0.6962461 0.4713953 -0.881922 0 0.3383829 -0.6330685 0.6962194 0.3826828 -0.9238799 0 0.2746974 -0.6631752 0.6962327 0.2902832 -0.9569408 0 0.208368 -0.6868948 0.696246 0 0 1 0 0 1 0 0 1 0 0 1 0 0 1 0 0 1 0 0 1 0 0 1 0 0 1 -1.71145e-7 0 1 0 0 1 0 0 1 0 0 1 0 0 1 -1.28359e-7 0 1 0 0 1 -0.5968313 -0.3987905 0.6962461 -0.881922 -0.4713956 0 -0.8314708 -0.5555685 0 0.03469514 -0.7062467 0.7071152 -0.0681917 0.6923731 0.7183102 -0.03469598 0.7062637 0.7070982 0.1400419 -0.7040362 0.6962193 -0.1357272 0.6823466 0.7183184 -0.2019576 0.6657634 0.7183121 -0.2662402 0.642758 0.7183163 -0.3279575 0.6135641 0.7183196 -0.3865225 0.578472 0.7183108 -0.4413596 0.5377963 0.7183154 -0.4919469 0.4919463 0.7183155 -0.5377931 0.4413561 0.7183198 -0.5784702 0.3865204 0.7183134 -0.613565 0.3279567 0.7183192 -0.6427625 0.2662413 0.718312 -0.6657602 0.2019551 0.7183158 -0.6823454 0.1357262 0.7183197 -0.6923622 0.06819218 0.7183206 0.3279575 0.6135644 0.7183194 0.3826836 0.9238795 8.2513e-7 0.4713958 0.8819219 0 -0.7409385 -0.6715729 0 -0.6715525 0.740957 0 -0.6330683 -0.3383831 0.6962194 -0.9238798 -0.3826828 0 0.3865224 0.5784702 0.7183124 0.5555704 0.8314696 0 -0.6631752 -0.2746976 0.6962327 -0.956941 -0.2902827 0 0.4413572 0.5377925 0.7183196 0.634394 0.7730099 0 0.707104 -2.30404e-7 0.7071096 0.03469669 0.7062628 0.707099 0.3142718 0.8976567 0.3089432 0.04906791 0.9987955 2.26675e-7 0.4919471 0.4919457 0.7183158 0.7071063 0.7071073 -2.27689e-7 -0.6868948 -0.2083677 0.696246 -0.9807857 -0.1950883 0 -0.3159345 -0.2863574 0.9045357 -0.09801751 -0.9951847 0 -0.7040361 -0.140042 0.6962194 -0.9951849 -0.09801614 0 0.5377972 0.4413577 0.7183158 0.7730101 0.6343938 0 -0.07035708 -0.7143469 0.696246 -0.1950919 -0.980785 0 -0.7143466 -0.07035773 0.6962462 0.1950884 -0.9807857 0 0.07035762 -0.7143574 0.6962351 -0.04906803 0.9987955 0 -0.04906803 0.9987955 0 0.5784715 0.3865211 0.7183122 0.8314694 0.5555706 0 0.3142791 0.897655 -0.3089404 -0.2567637 0.9182397 -0.3015103 -0.7062709 0.03469729 0.7070909 0.04906803 0.9987955 0 0.09801805 0.9951847 0 0.692371 0.06819176 0.7183122 0.6823458 0.1357254 0.7183195 0.6657639 0.2019554 0.7183123 0.6427591 0.2662392 0.7183157 0.6135649 0.3279559 0.7183196 -0.5548788 -0.4553786 0.6962326 -0.5075722 -0.5075732 0.6962328 -0.4553858 -0.5548895 0.6962195 -0.3383814 -0.6330689 0.6962197 0.2662425 0.6427618 0.718312 -0.20837 -0.6869077 0.6962326 0.2019566 0.6657595 0.7183161 -0.1400408 -0.7040361 0.6962196 0.1357278 0.6823453 0.7183195 0.06819248 0.6923732 0.71831 0.5900102 0.5617058 0.5799781 0.290284 0.9569405 0 -0.7730113 -0.6343922 0 0.1950903 0.9807853 0 -0.707108 -0.7071056 0 0.9951847 0.09801864 5.53396e-7 0.09801715 0.9951848 0 -0.6343952 -0.773009 0 0.9807853 0.1950905 0 -0.3987896 -0.5968322 0.6962458 -0.5555714 -0.8314689 0 0.9569407 0.2902833 0 -0.4713978 -0.8819208 0 0.923879 0.382685 0 -0.2746913 -0.6631639 0.696246 -0.3826855 -0.9238788 0 0.8819211 0.4713972 0 -0.2902857 -0.9569401 0 0 0 -1 0 0 -1 0 0 -1 0 0 -1 0 0 -1 1.52004e-7 0 -1 0 0 -1 0 0 -1 0 0 -1 0 0 -1 -2.77777e-7 0 -1 0 0 -1 -1.51785e-7 0 -1 1.51685e-7 0 -1 3.34848e-7 0 -1 -2.90532e-7 0 -1 0 0 -1 0 0 -1 -3.4464e-7 0 -1 0 0 -1 -4.08725e-7 0 -1 3.41903e-7 0 -1 4.78355e-7 0 -1 0 0 -1 0 0 -1 0 0 -1 -1.49558e-7 0 -1 0 0 -1 0 0 -1 0 0 -1 0 0 -1 0 0 -1 -0.706254 0.03469663 -0.7071079 -0.9951847 0.09801846 0 -0.9951848 0.09801644 3.00154e-7 0.9951847 0.09801816 0 0.9951848 0.09801608 -2.97326e-7 0.9807851 0.1950911 -1.74809e-6 0.9807854 0.1950899 -1.92924e-6 0.9569402 0.2902854 0 0.9569411 0.2902826 0 0.9238792 0.3826846 0 0.9238801 0.3826821 0 0.8819211 0.4713971 0 -0.04906803 0.9987955 0 -0.09801667 0.9951848 0 -0.04906791 0.9987955 1.13356e-6 0.8819223 0.471395 0 0.831469 0.5555713 0 -0.09801578 0.995185 -1.03535e-6 -0.1950905 0.9807853 -7.15109e-6 0.8314704 0.5555691 0 0.7730099 0.634394 1.11261e-6 -0.1950894 0.9807855 -6.76193e-6 -0.290285 0.9569403 5.62188e-6 0.7730107 0.634393 6.96288e-7 0.7071059 0.7071077 3.09838e-7 -0.2902838 0.9569406 6.07393e-6 -0.3826839 0.9238795 -2.30544e-6 0.7071077 0.7071059 0 0.634393 0.7730107 0 -0.3826829 0.9238798 -3.27173e-6 -0.4713972 0.8819211 -1.50788e-6 0.634395 0.7730091 0 0.5555697 0.83147 1.56403e-6 -0.4713963 0.8819216 -1.50166e-6 -0.555571 0.8314692 0 0.5555707 0.8314694 1.26212e-6 0.4713955 0.881922 3.09838e-7 -0.5555689 0.8314706 0 -0.6343942 0.7730097 3.91698e-7 0.4713976 0.8819208 2.66809e-7 0.3826833 0.9238796 4.11813e-6 -0.6343932 0.7730106 4.90967e-7 -0.7071076 0.707106 0 0.3826846 0.9238792 3.76522e-6 0.2902836 0.9569407 6.19673e-7 -0.7071058 0.7071078 2.03407e-7 -0.7730103 0.6343935 1.56902e-6 0.2902861 0.9569399 0 -0.7730094 0.6343946 1.61752e-6 -0.8314702 0.5555694 1.54918e-7 0.09801661 0.9951848 0 -0.8314689 0.5555714 1.83238e-7 -0.8819218 0.471396 2.25572e-6 0.04906761 0.9987956 -5.28799e-7 -0.8819212 0.4713971 1.91709e-6 -0.9238798 0.3826832 -9.10008e-7 -1.35818e-6 1 5.00422e-7 -0.9238792 0.3826843 -1.43747e-6 -0.9569408 0.2902832 -2.13632e-7 0.09801763 0.9951848 0 -0.9569405 0.2902846 -1.38955e-7 -0.9807853 0.1950906 1.9931e-6 -0.9807851 0.1950916 1.77321e-6 -0.9238791 0.3826845 3.0804e-7 -0.9569403 0.2902852 0 -0.9807853 0.1950903 2.13266e-7 0.04906773 0.9987955 1.08285e-6 0.9951848 0.09801667 1.30418e-6 0.9569404 0.2902845 0 0.9238793 0.3826842 0 -1.76062e-6 1 9.78396e-7 0.8819218 0.4713958 3.04201e-7 -0.09801697 0.9951848 1.11791e-6 0.7730104 0.6343933 0 -0.1950891 0.9807856 -1.94543e-6 -0.2902831 0.9569409 4.68509e-7 0.7071076 0.7071061 -3.43135e-7 -0.04906725 0.9987955 2.66985e-7 -0.3826836 0.9238795 2.06513e-6 0.5555694 0.8314702 0 -0.4713965 0.8819214 -5.49232e-7 0.4713964 0.8819215 4.68515e-7 -0.5555692 0.8314704 -3.54058e-6 -0.6343938 0.7730102 -6.5314e-7 0.3826851 0.923879 2.06512e-6 -0.7071062 0.7071074 0 0.1950891 0.9807856 0 -0.7730094 0.6343946 1.50411e-6 0.09801536 0.9951849 0 -0.8314699 0.5555698 3.02501e-6 -0.8819211 0.471397 -4.12022e-7 0 0 1 -1.30986e-7 0 1 -1.42621e-7 0 1 0 0 1 0 0 1 0 0 1 0 0 1 0 0 1 0 0 1 0 0 1 0 0 1 -1.62479e-7 0 1 0 0 1 0 0 1 0 0 1 1.4262e-7 0 1 0 0 1 -0.2902855 0.9569401 0 -0.382685 0.9238789 0 -0.4713971 0.8819212 0 -0.5555709 0.8314692 0 -0.6343947 0.7730094 0 -0.7071077 0.7071059 0 -0.7730106 0.6343932 0 -0.8314704 0.5555693 0 -0.881922 0.4713954 0 -0.09801661 0.9951848 0 -0.9238798 0.3826829 0 -0.9569408 0.2902833 0 -0.9807856 0.1950891 0 0.04906713 -0.9987955 0 0.07035797 -0.7143623 0.6962302 0.7242335 -0.6895548 0 -0.9951849 0.09801644 0 0.09801608 -0.9951848 0 0 0 1 -1.87514e-6 0 1 1.68775e-7 0 1 0 0 1 1.8318e-7 0 1 -1.23109e-7 0 1 2.20338e-6 0 1 0 0 1 0 0 1 -1.83181e-7 0 1 0 0 1 0 0 1 0 0 1 0 0 1 0 0 1 2.37335e-7 0 1 0 0 1 -1.37061e-7 0 1 -1.27482e-7 0 1 0 0 1 0 0 1 0 0 1 -1.94622e-7 0 1 1.95596e-6 0 1 2.0758e-7 0 1 -1.59602e-7 0 1 0 0 1 -1.87988e-6 0 1 0 0 1 0 0 1 -2.11546e-7 0 1 -4.74671e-7 0 1 0 0 1 0 0 1 2.39673e-7 0 1 0 0 1 0 0 1 0 0 1 -2.87085e-7 0 1 0 0 1 0 0 1 0 0 1 -2.37335e-7 0 1 -1.28661e-7 0 1 0 0 1 1.98553e-7 0 1 1.27481e-7 0 1 1.54644e-7 0 1 2.37335e-7 0 1 2.44665e-7 0 1 1.27482e-7 0 1 3.19211e-7 0 1 0 0 1 2.37335e-7 0 1 0 0 1 0 0 1 1.8318e-7 0 1 1.27482e-7 0 1 -1.60195e-7 0 1 -2.74761e-7 0 1 -2.16207e-7 0 1 -4.74669e-7 0 1 0 0 1 1.2748e-7 0 1 0 0 1 1.22985e-7 0 1 0 0 1 0 0 1 0 0 1 -1.22981e-7 0 1 -2.22221e-6 0 1 0 0 1 -4.74671e-7 0 1 1.97573e-7 0 1 2.54996e-7 0 1 0 0 1 0 0 1 0 0 1 0 0 1 0 0 1 -2.37335e-7 0 1 0 0 1 1.59605e-7 0 1 2.19448e-7 0 1 0 0 1 -2.54538e-7 0 1 3.17207e-7 0 1 1.78e-7 0 1 0 0 1 0 0 1 0 0 1 1.78001e-7 0 1 4.74671e-7 0 1 0 0 1 4.74668e-7 0 1 2.08361e-6 0 1 0 0 1 0 0 1 0 0 1 0 0 1 0 0 1 0 0 1 0 0 1 1.83179e-7 0 1 1.27481e-7 0 1 -2.07591e-6 0 1 0 0 1 0 0 1 0 0 1 0 0 1 1.59603e-7 0 1 -1.78e-7 0 1 0 0 1 0 0 -1 0 0 -1 0 0 -1 -2.8929e-7 0 -1 0 0 -1 0 0 -1 0 0 -1 0 0 -1 1.55825e-7 0 -1 0 0 -1 -1.55831e-7 0 -1 0 0 -1 0 0 -1 0 0 -1 5.02739e-7 0 -1 -1.16204e-6 0 -1 3.82684e-7 0 -1 2.30577e-7 0 -1 1.68075e-7 0 -1 -1.19993e-7 0 -1 -3.82684e-7 0 -1 0 0 -1 0 0 -1 -1.16965e-6 0 -1 0 0 -1 0 0 -1 0 0 -1 0 0 -1 0 0 -1 1.81309e-7 0 -1 0 0 -1 0 0 -1 0 0 -1 1.55831e-7 0 -1 2.65642e-7 0 -1 0 0 -1 0 0 -1 0 0 -1 0 0 -1 1.16459e-6 0 -1 -3.82683e-7 0 -1 1.63865e-7 0 -1 -1.55832e-7 0 -1 0 0 -1 0 0 -1 0 0 -1 0 0 -1 0 0 -1 0 0 -1 -1.55825e-7 0 -1 0 0 -1 1.55832e-7 0 -1 0 0 -1 0 0 -1 2.30576e-7 0 -1 0 0 -1 -1.12385e-6 0 -1 1.44107e-6 0 -1 -2.30577e-7 0 -1 -1.46665e-7 0 -1 0 0 -1 3.82684e-7 0 -1 -1.47407e-6 0 -1 0 0 -1 0 0 -1 -3.82684e-7 0 -1 0 0 -1 0 0 -1 0 0 -1 0 0 -1 0 0 -1 0 0 -1 2.99934e-7 0 -1 -1.55831e-7 0 -1 0 0 -1 0 0 -1 -4.31116e-7 0 -1 0 0 -1 0 0 -1 0 0 -1 0 0 -1 0 0 -1 0 0 -1 0 0 -1 0 0 -1 0 0 -1 0 0 -1 -1.55831e-7 0 -1 0 0 -1 2.42631e-7 0 -1 0 0 -1 -2.25369e-7 0 -1 -1.91343e-7 0 -1 0 0 -1 -3.0972e-7 0 -1 0 0 -1 0 0 -1 0 0 -1 1.91343e-7 0 -1 -3.07155e-7 0 -1 1.98872e-7 0 -1 4.60614e-7 0 -1 3.11665e-7 0 -1 1.9692e-7 0 -1 -3.82685e-7 0 -1 1.32008e-6 0 -1 -4.21656e-7 0 -1 0 0 -1 0 0 -1 0 0 -1 0 0 -1 0 0 -1 0.7182343 2.3403e-7 -0.6958015 0.04906803 -0.9987955 0 0 0 1 -1.85356e-7 0 1 -3.01202e-7 0 1 -1.85355e-7 0 1 0 0 1 0.7182343 -2.3403e-7 -0.6958014 0 0 1 0 0 1 1.60654e-7 0 1 0.04906803 0.9987955 0 0 0 -1 1.85355e-7 0 -1 -4.40219e-7 0 -1 -1.85355e-7 0 -1 0 0 -1 -1.85355e-7 0 -1 0 0 -1 -0.9951847 0.09801793 0 0.9807854 0.1950899 0 0.8314697 0.5555701 0 0.6343947 0.7730093 0 0.2902845 0.9569404 0 0 0 1 1.48296e-7 0 1 -1.35938e-7 0 1</float_array>
          <technique_common>
            <accessor source="#Cylinder_001-mesh-normals-array" count="1353" stride="3">
              <param name="X" type="float"/>
              <param name="Y" type="float"/>
              <param name="Z" type="float"/>
            </accessor>
          </technique_common>
        </source>
        <source id="Cylinder_001-mesh-map-0">
          <float_array id="Cylinder_001-mesh-map-0-array" count="12264">0.9921875 1 0.984375 0.5 0.9921875 0.5 0.984375 1 0.96875 0.5 0.984375 0.5 0.96875 1 0.953125 0.5 0.96875 0.5 0.953125 1 0.9375 0.5 0.953125 0.5 0.9375 1 0.921875 0.5 0.9375 0.5 0.921875 1 0.90625 0.5 0.921875 0.5 0.90625 1 0.890625 0.5 0.90625 0.5 0.890625 1 0.875 0.5 0.890625 0.5 0.875 1 0.859375 0.5 0.875 0.5 0.859375 1 0.84375 0.5 0.859375 0.5 0.84375 1 0.828125 0.5 0.84375 0.5 0.828125 1 0.8125 0.5 0.828125 0.5 0.8125 1 0.796875 0.5 0.8125 0.5 0.796875 1 0.78125 0.5 0.796875 0.5 0.78125 1 0.765625 0.5 0.78125 0.5 0.765625 1 0.75 0.5 0.765625 0.5 0.25 1 0.234375 0.5 0.25 0.5 0.234375 1 0.21875 0.5 0.234375 0.5 0.21875 1 0.203125 0.5 0.21875 0.5 0.203125 1 0.1875 0.5 0.203125 0.5 0.1875 1 0.171875 0.5 0.1875 0.5 0.171875 1 0.15625 0.5 0.171875 0.5 0.15625 1 0.140625 0.5 0.15625 0.5 0.140625 1 0.125 0.5 0.140625 0.5 0.125 1 0.109375 0.5 0.125 0.5 0.109375 1 0.09375 0.5 0.109375 0.5 0.09375 1 0.078125 0.5 0.09375 0.5 0.078125 1 0.0625 0.5 0.078125 0.5 0.0625 1 0.046875 0.5 0.0625 0.5 0.046875 1 0.03125 0.5 0.046875 0.5 0.03125 1 0.015625 0.5 0.03125 0.5 0.2727881 0.4813713 0.261762 0.4894222 0.261394 0.4819312 0.2953568 0.4780237 0.2735241 0.4888443 0.2727881 0.4813713 0.3174886 0.47248 0.2968217 0.4853885 0.2953568 0.4780237 0.3174886 0.47248 0.341844 0.4717311 0.3196683 0.4796657 0.3595955 0.4550387 0.341844 0.4717311 0.3389704 0.4647936 0.3791651 0.4433092 0.3631352 0.4616611 0.3595955 0.4550387 0.3974906 0.4297179 0.3833369 0.4495527 0.3791651 0.4433092 0.4143959 0.4143959 0.4022544 0.4355225 0.3974906 0.4297179 0.429718 0.3974907 0.4197056 0.4197056 0.4143959 0.4143959 0.4433091 0.3791651 0.4355225 0.4022544 0.429718 0.3974907 0.4550387 0.3595955 0.4495527 0.3833369 0.4433091 0.3791651 0.4647936 0.3389704 0.4616611 0.3631352 0.4550387 0.3595955 0.4724801 0.3174886 0.4717311 0.341844 0.4647936 0.3389704 0.4724801 0.3174886 0.4853885 0.2968217 0.4796657 0.3196683 0.4813715 0.2727881 0.4853885 0.2968217 0.4780237 0.2953568 0.4813715 0.2727881 0.49 0.25 0.4888443 0.2735241 0.01750904 0.25 0.01115566 0.2735241 0.00999999 0.25 0.02197629 0.2953568 0.01115566 0.2735241 0.01862853 0.2727881 0.02752 0.3174886 0.01461154 0.2968217 0.02197629 0.2953568 0.02752 0.3174886 0.02826893 0.341844 0.0203343 0.3196683 0.04496127 0.3595953 0.02826893 0.341844 0.03520637 0.3389704 0.05669081 0.3791651 0.03833889 0.3631352 0.04496127 0.3595953 0.07028204 0.3974906 0.05044728 0.3833369 0.05669081 0.3791651 0.08560401 0.4143958 0.0644775 0.4022544 0.07028204 0.3974906 0.1025093 0.4297178 0.08029437 0.4197056 0.08560401 0.4143958 0.1208349 0.4433091 0.09774559 0.4355225 0.1025093 0.4297178 0.1404045 0.4550387 0.1166631 0.4495527 0.1208349 0.4433091 0.1610295 0.4647936 0.1368647 0.4616611 0.1404045 0.4550387 0.1825114 0.4724799 0.1581559 0.4717311 0.1610295 0.4647936 0.1825114 0.4724799 0.2031783 0.4853885 0.1803317 0.4796657 0.2272118 0.4813713 0.2031783 0.4853885 0.2046432 0.4780236 0.2499999 0.482491 0.2499999 0.482491 0.25 0.49 0.4749819 0.25 0.4738985 0.2720521 0.4738985 0.2720521 0.4738985 0.2720521 0.470659 0.2938918 0.470659 0.2938918 0.470659 0.2938918 0.4652943 0.3153088 0.4652943 0.3153088 0.4652943 0.3153088 0.4578562 0.3360968 0.4578562 0.3360968 0.4578562 0.3360968 0.4484164 0.3560558 0.4484164 0.3560558 0.2279478 0.4738984 0.2061081 0.470659 0.2061081 0.470659 0.4484164 0.3560558 0.4370657 0.3749933 0.4370657 0.3749933 0.2061081 0.470659 0.184691 0.4652941 0.184691 0.4652941 0.4370657 0.3749933 0.4239134 0.392727 0.4239134 0.392727 0.184691 0.4652941 0.1639031 0.4578561 0.1639031 0.4578561 0.4239134 0.392727 0.4090862 0.4090862 0.4090862 0.4090862 0.1639031 0.4578561 0.1439442 0.4484162 0.1439442 0.4484162 0.4090862 0.4090862 0.392727 0.4239134 0.392727 0.4239134 0.1439442 0.4484162 0.1250067 0.4370657 0.1250067 0.4370657 0.392727 0.4239134 0.3749933 0.4370657 0.3749933 0.4370657 0.1250067 0.4370657 0.1072729 0.4239134 0.1072729 0.4239134 0.3749933 0.4370657 0.3560557 0.4484164 0.3560557 0.4484164 0.1072729 0.4239134 0.09091377 0.4090862 0.09091377 0.4090862 0.3560557 0.4484164 0.3360968 0.4578562 0.3360968 0.4578562 0.09091377 0.4090862 0.07608658 0.392727 0.07608658 0.392727 0.3360968 0.4578562 0.3153088 0.4652943 0.3153088 0.4652943 0.07608658 0.392727 0.06293433 0.3749932 0.06293433 0.3749932 0.3153088 0.4652943 0.2938918 0.4706589 0.2938918 0.4706589 0.06293433 0.3749932 0.05158364 0.3560557 0.05158364 0.3560557 0.2938918 0.4706589 0.272052 0.4738984 0.272052 0.4738984 0.05158364 0.3560557 0.04214382 0.3360968 0.04214382 0.3360968 0.272052 0.4738984 0.261026 0.4744401 0.261026 0.4744401 0.04214382 0.3360968 0.03470569 0.3153088 0.03470569 0.3153088 0.03470569 0.3153088 0.02934104 0.2938917 0.02934104 0.2938917 0.02934104 0.2938917 0.02610141 0.2720521 0.02610141 0.2720521 0.02610141 0.2720521 0.02501803 0.25 0.02501803 0.25 0.272052 0.4738984 0.261394 0.4819311 0.261026 0.4744401 0.272052 0.4738984 0.2953568 0.4780237 0.2727881 0.4813713 0.3153088 0.4652943 0.2953568 0.4780237 0.2938918 0.4706589 0.3153088 0.4652943 0.3389704 0.4647936 0.3174886 0.47248 0.3360968 0.4578562 0.3595955 0.4550387 0.3389704 0.4647936 0.3560557 0.4484164 0.3791651 0.4433092 0.3595955 0.4550387 0.3749933 0.4370657 0.3974906 0.4297179 0.3791651 0.4433092 0.4090862 0.4090862 0.3974906 0.4297179 0.392727 0.4239134 0.4239134 0.392727 0.4143959 0.4143959 0.4090862 0.4090862 0.4370657 0.3749933 0.429718 0.3974907 0.4239134 0.392727 0.4370657 0.3749933 0.4550387 0.3595955 0.4433091 0.3791651 0.4578562 0.3360968 0.4550387 0.3595955 0.4484164 0.3560558 0.4652943 0.3153088 0.4647936 0.3389704 0.4578562 0.3360968 0.4652943 0.3153088 0.4780237 0.2953568 0.4724801 0.3174886 0.4738985 0.2720521 0.4780237 0.2953568 0.470659 0.2938918 0.4738985 0.2720521 0.482491 0.25 0.4813715 0.2727881 0.02501803 0.25 0.01862853 0.2727881 0.01750904 0.25 0.02610141 0.2720521 0.02197629 0.2953568 0.01862853 0.2727881 0.03470569 0.3153088 0.02197629 0.2953568 0.02934104 0.2938917 0.03470569 0.3153088 0.03520637 0.3389704 0.02752 0.3174886 0.04214382 0.3360968 0.04496127 0.3595953 0.03520637 0.3389704 0.05158364 0.3560557 0.05669081 0.3791651 0.04496127 0.3595953 0.06293433 0.3749932 0.07028204 0.3974906 0.05669081 0.3791651 0.09091377 0.4090862 0.07028204 0.3974906 0.07608658 0.392727 0.1072729 0.4239134 0.08560401 0.4143958 0.09091377 0.4090862 0.1250067 0.4370657 0.1025093 0.4297178 0.1072729 0.4239134 0.1250067 0.4370657 0.1404045 0.4550387 0.1208349 0.4433091 0.1639031 0.4578561 0.1404045 0.4550387 0.1439442 0.4484162 0.184691 0.4652941 0.1610295 0.4647936 0.1639031 0.4578561 0.184691 0.4652941 0.2046432 0.4780236 0.1825114 0.4724799 0.2279478 0.4738984 0.2046432 0.4780236 0.2061081 0.470659 0.2499999 0.4749818 0.2386059 0.4819312 0.2389739 0.4744401 0.01750904 0.25 0.01862853 0.2727881 0.01862853 0.2727881 0.01862853 0.2727881 0.02197629 0.2953568 0.02197629 0.2953568 0.02197629 0.2953568 0.02752 0.3174886 0.02752 0.3174886 0.02752 0.3174886 0.03520637 0.3389704 0.03520637 0.3389704 0.2499999 0.482491 0.261394 0.4819311 0.261394 0.4819312 0.03520637 0.3389704 0.04496127 0.3595953 0.04496127 0.3595953 0.2727881 0.4813713 0.2953568 0.4780237 0.2953568 0.4780237 0.04496127 0.3595953 0.05669081 0.3791651 0.05669081 0.3791651 0.2953568 0.4780237 0.3174886 0.47248 0.3174886 0.47248 0.05669081 0.3791651 0.07028204 0.3974906 0.07028204 0.3974906 0.3174886 0.47248 0.3389704 0.4647936 0.3389704 0.4647936 0.07028204 0.3974906 0.08560401 0.4143958 0.08560401 0.4143958 0.3389704 0.4647936 0.3595955 0.4550387 0.3595955 0.4550387 0.08560401 0.4143958 0.1025093 0.4297178 0.1025093 0.4297178 0.3595955 0.4550387 0.3791651 0.4433092 0.3791651 0.4433092 0.1025093 0.4297178 0.1208349 0.4433091 0.1208349 0.4433091 0.3791651 0.4433092 0.3974906 0.4297179 0.3974906 0.4297179 0.1208349 0.4433091 0.1404045 0.4550387 0.1404045 0.4550387 0.3974906 0.4297179 0.4143959 0.4143959 0.4143959 0.4143959 0.1404045 0.4550387 0.1610295 0.4647936 0.1610295 0.4647936 0.4143959 0.4143959 0.429718 0.3974907 0.429718 0.3974907 0.1610295 0.4647936 0.1825114 0.4724799 0.1825114 0.4724799 0.429718 0.3974907 0.4433091 0.3791651 0.4433091 0.3791651 0.1825114 0.4724799 0.2046432 0.4780236 0.2046432 0.4780236 0.4433091 0.3791651 0.4550387 0.3595955 0.4550387 0.3595955 0.2046432 0.4780236 0.2272118 0.4813713 0.2272118 0.4813713 0.4550387 0.3595955 0.4647936 0.3389704 0.4647936 0.3389704 0.2272118 0.4813713 0.2386059 0.4819312 0.2386059 0.4819312 0.4647936 0.3389704 0.4724801 0.3174886 0.4724801 0.3174886 0.4724801 0.3174886 0.4780237 0.2953568 0.4780237 0.2953568 0.4780237 0.2953568 0.4813715 0.2727881 0.4813715 0.2727881 0.4813715 0.2727881 0.482491 0.25 0.482491 0.25 0.4449458 0.25 0.444007 0.269108 0.444007 0.269108 0.272052 0.4738984 0.2938918 0.4706589 0.2938918 0.4706589 0.444007 0.269108 0.4411998 0.2880319 0.4411998 0.2880319 0.4411998 0.2880319 0.4365515 0.3065898 0.4365515 0.3065898 0.2499999 0.4749818 0.261026 0.4744401 0.261026 0.4744401 0.4365515 0.3065898 0.4301064 0.3246025 0.4301064 0.3246025 0.25 0.4449457 0.2499999 0.4749818 0.2499999 0.4749818 0.4301064 0.3246025 0.4219268 0.3418968 0.4219268 0.3418968 0.4219268 0.3418968 0.4120914 0.3583061 0.4120914 0.3583061 0.4120914 0.3583061 0.400695 0.3736723 0.400695 0.3736723 0.400695 0.3736723 0.3878475 0.3878474 0.3878475 0.3878474 0.3878475 0.3878474 0.3736723 0.4006951 0.3736723 0.4006951 0.3736723 0.4006951 0.3583061 0.4120914 0.3583061 0.4120914 0.3583061 0.4120914 0.3418967 0.4219267 0.3418967 0.4219267 0.3418967 0.4219267 0.3246025 0.4301064 0.3246025 0.4301064 0.3246025 0.4301064 0.3065898 0.4365514 0.3065898 0.4365514 0.05599296 0.269108 0.02501803 0.25 0.05505424 0.25 0.05599296 0.269108 0.02934104 0.2938917 0.02610141 0.2720521 0.06344854 0.3065899 0.02934104 0.2938917 0.0588001 0.288032 0.06344854 0.3065899 0.04214382 0.3360968 0.03470569 0.3153088 0.06989359 0.3246024 0.05158364 0.3560557 0.04214382 0.3360968 0.0879085 0.358306 0.05158364 0.3560557 0.07807326 0.3418967 0.0879085 0.358306 0.07608658 0.392727 0.06293433 0.3749932 0.09930485 0.3736722 0.09091377 0.4090862 0.07608658 0.392727 0.1121525 0.3878474 0.1072729 0.4239134 0.09091377 0.4090862 0.1416939 0.4120915 0.1072729 0.4239134 0.1263277 0.4006951 0.1416939 0.4120915 0.1439442 0.4484162 0.1250067 0.4370657 0.1753975 0.4301064 0.1439442 0.4484162 0.1581031 0.4219265 0.1934102 0.4365515 0.1639031 0.4578561 0.1753975 0.4301064 0.1934102 0.4365515 0.2061081 0.470659 0.184691 0.4652941 0.230892 0.444007 0.2061081 0.470659 0.2119679 0.4411999 0.07807326 0.3418967 0.0879085 0.358306 0.0879085 0.358306 0.2683719 0.4365341 0.259554 0.4444764 0.259186 0.4369854 0.2683719 0.4365341 0.288032 0.4411998 0.2691079 0.4440072 0.30441 0.4293657 0.288032 0.4411998 0.286567 0.433835 0.30441 0.4293657 0.3246025 0.4301064 0.3065898 0.4365514 0.3217289 0.423169 0.3418967 0.4219267 0.3246025 0.4301064 0.3541343 0.4058479 0.3418967 0.4219267 0.338357 0.4153044 0.3541343 0.4058479 0.3736723 0.4006951 0.3583061 0.4120914 0.3689086 0.3948906 0.3878475 0.3878474 0.3736723 0.4006951 0.3825378 0.3825377 0.400695 0.3736723 0.3878475 0.3878474 0.4058479 0.3541343 0.400695 0.3736723 0.3948905 0.3689086 0.4058479 0.3541343 0.4219268 0.3418968 0.4120914 0.3583061 0.4231689 0.3217289 0.4219268 0.3418968 0.4153044 0.338357 0.4231689 0.3217289 0.4365515 0.3065898 0.4301064 0.3246025 0.4293658 0.30441 0.4411998 0.2880319 0.4365515 0.3065898 0.4365341 0.2683719 0.4411998 0.2880319 0.4338351 0.286567 0.4365341 0.2683719 0.4449458 0.25 0.444007 0.269108 0.1782711 0.4231689 0.1616429 0.4153043 0.1616429 0.4153043 0.240446 0.4444764 0.2389739 0.4744401 0.2389739 0.4744401 0.06989359 0.3246024 0.07807326 0.3418967 0.07807326 0.3418967 0.1616429 0.4153043 0.1458657 0.4058479 0.1458657 0.4058479 0.06344854 0.3065899 0.06989359 0.3246024 0.06989359 0.3246024 0.1458657 0.4058479 0.1310914 0.3948906 0.1310914 0.3948906 0.2499999 0.4749818 0.25 0.4449457 0.25 0.4449457 0.25 0.4374366 0.240814 0.4369854 0.240814 0.4369854 0.1310914 0.3948906 0.1174622 0.3825378 0.1174622 0.3825378 0.0588001 0.288032 0.06344854 0.3065899 0.06344854 0.3065899 0.230892 0.444007 0.240446 0.4444764 0.240446 0.4444764 0.05599296 0.269108 0.0588001 0.288032 0.0588001 0.288032 0.1174622 0.3825378 0.1051094 0.3689085 0.1051094 0.3689085 0.2119679 0.4411999 0.230892 0.444007 0.230892 0.444007 0.05505424 0.25 0.05599296 0.269108 0.05599296 0.269108 0.25 0.4374366 0.259554 0.4444764 0.25 0.4449457 0.3065898 0.4365514 0.288032 0.4411998 0.288032 0.4411998 0.261394 0.4819312 0.2727881 0.4813713 0.2727881 0.4813713 0.2499999 0.4749818 0.261394 0.4819311 0.2499999 0.482491 0.261026 0.4744401 0.2499999 0.4749818 0.2499999 0.4749818 0.2499999 0.482491 0.261762 0.4894222 0.25 0.49 1 1 0.9921875 0.5 1 0.5 0.1051094 0.3689085 0.09415209 0.3541342 0.09415209 0.3541342 0.230892 0.444007 0.2389739 0.4744401 0.2279478 0.4738984 0.2386059 0.4819312 0.7499999 0.4824909 0.7386062 0.4819313 0.2279478 0.4738984 0.2386059 0.4819312 0.2272118 0.4813713 0.2389739 0.4744401 0.2279478 0.4738984 0.2279478 0.4738984 0.2272118 0.4813713 0.2382379 0.4894222 0.2264758 0.4888443 0.015625 1 0.0078125 0.5 0.015625 0.5 0.25 0.4449457 0.2389739 0.4744401 0.240446 0.4444764 0.06346583 0.268372 0.05505424 0.25 0.0625633 0.25 0.06346583 0.268372 0.0588001 0.288032 0.05599296 0.269108 0.07063424 0.3044101 0.0588001 0.288032 0.06616485 0.286567 0.07063424 0.3044101 0.06989359 0.3246024 0.06344854 0.3065899 0.0768311 0.3217288 0.07807326 0.3418967 0.06989359 0.3246024 0.09415209 0.3541342 0.07807326 0.3418967 0.08469563 0.3383569 0.09415209 0.3541342 0.09930485 0.3736722 0.0879085 0.358306 0.1051094 0.3689085 0.1121525 0.3878474 0.09930485 0.3736722 0.1174622 0.3825378 0.1263277 0.4006951 0.1121525 0.3878474 0.1458657 0.4058479 0.1263277 0.4006951 0.1310914 0.3948906 0.1458657 0.4058479 0.1581031 0.4219265 0.1416939 0.4120915 0.1782711 0.4231689 0.1581031 0.4219265 0.1616429 0.4153043 0.1782711 0.4231689 0.1934102 0.4365515 0.1753975 0.4301064 0.19559 0.4293658 0.2119679 0.4411999 0.1934102 0.4365515 0.231628 0.4365341 0.2119679 0.4411999 0.2134329 0.433835 0.25 0.4374366 0.240446 0.4444764 0.240814 0.4369854 0.231628 0.4365341 0.240446 0.4444764 0.230892 0.444007 0.19559 0.4293658 0.1782711 0.4231689 0.1782711 0.4231689 0.0879085 0.358306 0.09930485 0.3736722 0.09930485 0.3736722 0.2134329 0.433835 0.19559 0.4293658 0.19559 0.4293658 0.09930485 0.3736722 0.1121525 0.3878474 0.1121525 0.3878474 0.06346583 0.268372 0.0625633 0.25 0.0625633 0.25 0.231628 0.4365341 0.2134329 0.433835 0.2134329 0.433835 0.1121525 0.3878474 0.1263277 0.4006951 0.1263277 0.4006951 0.06616485 0.286567 0.06346583 0.268372 0.06346583 0.268372 0.240814 0.4369854 0.231628 0.4365341 0.231628 0.4365341 0.1263277 0.4006951 0.1416939 0.4120915 0.1416939 0.4120915 0.07063424 0.3044101 0.06616485 0.286567 0.06616485 0.286567 0.25 0.4449457 0.25 0.4374366 0.25 0.4374366 0.1416939 0.4120915 0.1581031 0.4219265 0.1581031 0.4219265 0.0768311 0.3217288 0.07063424 0.3044101 0.07063424 0.3044101 0.1581031 0.4219265 0.1753975 0.4301064 0.1753975 0.4301064 0.08469563 0.3383569 0.0768311 0.3217288 0.0768311 0.3217288 0.1753975 0.4301064 0.1934102 0.4365515 0.1934102 0.4365515 0.09415209 0.3541342 0.08469563 0.3383569 0.08469563 0.3383569 0.1934102 0.4365515 0.2119679 0.4411999 0.2119679 0.4411999 0.772788 0.4813713 0.761762 0.4894222 0.7735241 0.4888443 0.7953566 0.4780236 0.7735241 0.4888443 0.7968217 0.4853885 0.8174884 0.4724799 0.7968217 0.4853885 0.8196683 0.4796657 0.8174884 0.4724799 0.841844 0.4717311 0.8389704 0.4647936 0.8595954 0.4550387 0.841844 0.4717311 0.8631352 0.4616611 0.8595954 0.4550387 0.8833369 0.4495527 0.879165 0.4433091 0.8974907 0.4297178 0.8833369 0.4495527 0.9022544 0.4355225 0.914396 0.4143958 0.9022544 0.4355225 0.9197056 0.4197056 0.9297181 0.3974906 0.9197056 0.4197056 0.9355225 0.4022544 0.9433093 0.3791651 0.9355225 0.4022544 0.9495527 0.3833369 0.9433093 0.3791651 0.9616611 0.3631352 0.9550384 0.3595954 0.9647936 0.3389704 0.9616611 0.3631352 0.9717311 0.341844 0.9724801 0.3174886 0.9717311 0.341844 0.9796657 0.3196683 0.9724801 0.3174886 0.9853885 0.2968217 0.9780235 0.2953568 0.9813713 0.2727881 0.9853885 0.2968217 0.9888443 0.2735241 0.9813713 0.2727881 0.99 0.25 0.9824908 0.2499999 0.5175091 0.25 0.5111557 0.2735241 0.5186285 0.2727881 0.5219763 0.2953567 0.5111557 0.2735241 0.5146116 0.2968217 0.52752 0.3174886 0.5146116 0.2968217 0.5203343 0.3196683 0.52752 0.3174886 0.5282689 0.341844 0.5352063 0.3389704 0.5449613 0.3595955 0.5282689 0.341844 0.5383389 0.3631352 0.5449613 0.3595955 0.5504473 0.3833369 0.5566908 0.3791651 0.5702822 0.3974907 0.5504473 0.3833369 0.5644775 0.4022544 0.5856042 0.4143959 0.5644775 0.4022544 0.5802944 0.4197056 0.6025093 0.4297179 0.5802944 0.4197056 0.5977456 0.4355225 0.620835 0.4433091 0.5977456 0.4355225 0.6166632 0.4495527 0.620835 0.4433091 0.6368648 0.4616611 0.6404046 0.4550387 0.6610296 0.4647936 0.6368648 0.4616611 0.658156 0.4717311 0.6825115 0.47248 0.658156 0.4717311 0.6803317 0.4796657 0.6825115 0.47248 0.7031784 0.4853885 0.7046433 0.4780237 0.727212 0.4813715 0.7031784 0.4853885 0.7264759 0.4888443 0.0078125 1 0.2386059 0.4819312 0.2386059 0.4819312 0.7499999 0.4824909 0.761762 0.4894222 0.7613942 0.4819313 0.727212 0.4813715 0.738238 0.4894222 0.7386062 0.4819313 0.738974 0.02555972 0.525018 0.25 0.7389742 0.4744404 0.9824908 0.2499999 0.9813713 0.2727881 0.9813713 0.2727881 0.5186285 0.2727881 0.5175091 0.25 0.5175091 0.25 0.5219763 0.2953567 0.5186285 0.2727881 0.5186285 0.2727881 0.52752 0.3174886 0.5219763 0.2953567 0.5219763 0.2953567 0.5352063 0.3389704 0.52752 0.3174886 0.52752 0.3174886 0.5449613 0.3595955 0.5352063 0.3389704 0.5352063 0.3389704 0.772788 0.4813713 0.7613942 0.4819313 0.7613942 0.4819313 0.5566908 0.3791651 0.5449613 0.3595955 0.5449613 0.3595955 0.7953566 0.4780236 0.772788 0.4813713 0.772788 0.4813713 0.5702822 0.3974907 0.5566908 0.3791651 0.5566908 0.3791651 0.8174884 0.4724799 0.7953566 0.4780236 0.7953566 0.4780236 0.5856042 0.4143959 0.5702822 0.3974907 0.5702822 0.3974907 0.8389704 0.4647936 0.8174884 0.4724799 0.8174884 0.4724799 0.6025093 0.4297179 0.5856042 0.4143959 0.5856042 0.4143959 0.8595954 0.4550387 0.8389704 0.4647936 0.8389704 0.4647936 0.620835 0.4433091 0.6025093 0.4297179 0.6025093 0.4297179 0.879165 0.4433091 0.8595954 0.4550387 0.8595954 0.4550387 0.6404046 0.4550387 0.620835 0.4433091 0.620835 0.4433091 0.8974907 0.4297178 0.879165 0.4433091 0.879165 0.4433091 0.6610296 0.4647936 0.6404046 0.4550387 0.6404046 0.4550387 0.914396 0.4143958 0.8974907 0.4297178 0.8974907 0.4297178 0.6825115 0.47248 0.6610296 0.4647936 0.6610296 0.4647936 0.9297181 0.3974906 0.914396 0.4143958 0.914396 0.4143958 0.7046433 0.4780237 0.6825115 0.47248 0.6825115 0.47248 0.9433093 0.3791651 0.9297181 0.3974906 0.9297181 0.3974906 0.727212 0.4813715 0.7046433 0.4780237 0.7046433 0.4780237 0.9550384 0.3595954 0.9433093 0.3791651 0.9433093 0.3791651 0.7499999 0.4824909 0.7386062 0.4819313 0.7386062 0.4819313 0.9647936 0.3389704 0.9550384 0.3595954 0.9550384 0.3595954 0.7613942 0.4819313 0.7499999 0.4824909 0.7499999 0.4824909 0.9724801 0.3174886 0.9647936 0.3389704 0.9647936 0.3389704 0.7386062 0.4819313 0.727212 0.4813715 0.727212 0.4813715 0.9780235 0.2953568 0.9724801 0.3174886 0.9724801 0.3174886 0.9813713 0.2727881 0.9780235 0.2953568 0.9780235 0.2953568 0.3996044 0.3499625 0.3772281 0.3772281 0.258818 0.4294945 0.4231689 0.3217289 0.4293658 0.30441 0.4293658 0.30441 0.4338351 0.286567 0.4293658 0.30441 0.4338351 0.286567 0.4365341 0.2683719 0.4338351 0.286567 0.4365341 0.2683719 0.4374367 0.25 0.4365341 0.2683719 0.4374367 0.25 0.240814 0.4369854 0.25 0.4374366 0.25 0.4374366 0.06346583 0.268372 0.0625633 0.25 0.06346583 0.268372 0.06616485 0.286567 0.06346583 0.268372 0.06616485 0.286567 0.07063424 0.3044101 0.06616485 0.286567 0.07063424 0.3044101 0.0768311 0.3217288 0.07063424 0.3044101 0.0768311 0.3217288 0.08469563 0.3383569 0.0768311 0.3217288 0.08469563 0.3383569 0.25 0.4374366 0.259186 0.4369854 0.259186 0.4369854 0.09415209 0.3541342 0.08469563 0.3383569 0.09415209 0.3541342 0.286567 0.433835 0.2683719 0.4365341 0.286567 0.433835 0.1051094 0.3689085 0.09415209 0.3541342 0.1051094 0.3689085 0.30441 0.4293657 0.286567 0.433835 0.30441 0.4293657 0.1174622 0.3825378 0.1051094 0.3689085 0.1174622 0.3825378 0.3217289 0.423169 0.30441 0.4293657 0.3217289 0.423169 0.1310914 0.3948906 0.1174622 0.3825378 0.1310914 0.3948906 0.259186 0.4369854 0.2683719 0.4365341 0.2683719 0.4365341 0.338357 0.4153044 0.3217289 0.423169 0.338357 0.4153044 0.1458657 0.4058479 0.1310914 0.3948906 0.1458657 0.4058479 0.3541343 0.4058479 0.338357 0.4153044 0.3541343 0.4058479 0.1616429 0.4153043 0.1458657 0.4058479 0.1616429 0.4153043 0.3689086 0.3948906 0.3541343 0.4058479 0.3689086 0.3948906 0.1782711 0.4231689 0.1616429 0.4153043 0.1782711 0.4231689 0.3825378 0.3825377 0.3689086 0.3948906 0.3825378 0.3825377 0.19559 0.4293658 0.1782711 0.4231689 0.19559 0.4293658 0.3948905 0.3689086 0.3825378 0.3825377 0.3948905 0.3689086 0.2134329 0.433835 0.19559 0.4293658 0.2134329 0.433835 0.4058479 0.3541343 0.3948905 0.3689086 0.4058479 0.3541343 0.231628 0.4365341 0.2134329 0.433835 0.231628 0.4365341 0.4153044 0.338357 0.4058479 0.3541343 0.4153044 0.338357 0.240814 0.4369854 0.231628 0.4365341 0.240814 0.4369854 0.4153044 0.338357 0.4231689 0.3217289 0.4231689 0.3217289 0.2691079 0.4440072 0.261026 0.4744401 0.259554 0.4444764 0.2691079 0.4440072 0.2938918 0.4706589 0.272052 0.4738984 0.3065898 0.4365514 0.2938918 0.4706589 0.288032 0.4411998 0.3065898 0.4365514 0.3360968 0.4578562 0.3153088 0.4652943 0.3246025 0.4301064 0.3560557 0.4484164 0.3360968 0.4578562 0.3583061 0.4120914 0.3560557 0.4484164 0.3418967 0.4219267 0.3583061 0.4120914 0.392727 0.4239134 0.3749933 0.4370657 0.3736723 0.4006951 0.4090862 0.4090862 0.392727 0.4239134 0.3878475 0.3878474 0.4239134 0.392727 0.4090862 0.4090862 0.4120914 0.3583061 0.4239134 0.392727 0.400695 0.3736723 0.4120914 0.3583061 0.4484164 0.3560558 0.4370657 0.3749933 0.4301064 0.3246025 0.4484164 0.3560558 0.4219268 0.3418968 0.4365515 0.3065898 0.4578562 0.3360968 0.4301064 0.3246025 0.4365515 0.3065898 0.470659 0.2938918 0.4652943 0.3153088 0.444007 0.269108 0.470659 0.2938918 0.4411998 0.2880319 0.444007 0.269108 0.4749819 0.25 0.4738985 0.2720521 0.25 0.4449457 0.261026 0.4744401 0.2499999 0.4749818 0.2938918 0.4706589 0.3153088 0.4652943 0.3153088 0.4652943 0.3153088 0.4652943 0.3360968 0.4578562 0.3360968 0.4578562 0.3360968 0.4578562 0.3560557 0.4484164 0.3560557 0.4484164 0.3560557 0.4484164 0.3749933 0.4370657 0.3749933 0.4370657 0.3749933 0.4370657 0.392727 0.4239134 0.392727 0.4239134 0.392727 0.4239134 0.4090862 0.4090862 0.4090862 0.4090862 0.4090862 0.4090862 0.4239134 0.392727 0.4239134 0.392727 0.4239134 0.392727 0.4370657 0.3749933 0.4370657 0.3749933 0.4370657 0.3749933 0.4484164 0.3560558 0.4484164 0.3560558 0.261026 0.4744401 0.272052 0.4738984 0.272052 0.4738984 0.4484164 0.3560558 0.4578562 0.3360968 0.4578562 0.3360968 0.4578562 0.3360968 0.4652943 0.3153088 0.4652943 0.3153088 0.4652943 0.3153088 0.470659 0.2938918 0.470659 0.2938918 0.2691079 0.4440072 0.259554 0.4444764 0.259554 0.4444764 0.259554 0.4444764 0.25 0.4449457 0.25 0.4449457 0.470659 0.2938918 0.4738985 0.2720521 0.4738985 0.2720521 0.288032 0.4411998 0.2691079 0.4440072 0.2691079 0.4440072 0.4738985 0.2720521 0.4749819 0.25 0.4749819 0.25 0.984375 0.5 0.9921875 1 0.9921875 0.5 0.96875 0.5 0.984375 1 0.984375 0.5 0.953125 0.5 0.96875 1 0.96875 0.5 0.9375 0.5 0.953125 1 0.953125 0.5 0.921875 0.5 0.9375 1 0.9375 0.5 0.90625 0.5 0.921875 1 0.921875 0.5 0.890625 0.5 0.90625 1 0.90625 0.5 0.875 0.5 0.890625 1 0.890625 0.5 0.859375 0.5 0.875 1 0.875 0.5 0.84375 0.5 0.859375 1 0.859375 0.5 0.828125 0.5 0.84375 1 0.84375 0.5 0.8125 0.5 0.828125 1 0.828125 0.5 0.796875 0.5 0.8125 1 0.8125 0.5 0.78125 0.5 0.796875 1 0.796875 0.5 0.765625 0.5 0.78125 1 0.78125 0.5 0.75 0.5 0.765625 1 0.765625 0.5 0.234375 0.5 0.25 1 0.25 0.5 0.21875 0.5 0.234375 1 0.234375 0.5 0.203125 0.5 0.21875 1 0.21875 0.5 0.1875 0.5 0.203125 1 0.203125 0.5 0.171875 0.5 0.1875 1 0.1875 0.5 0.15625 0.5 0.171875 1 0.171875 0.5 0.140625 0.5 0.15625 1 0.15625 0.5 0.125 0.5 0.140625 1 0.140625 0.5 0.109375 0.5 0.125 1 0.125 0.5 0.09375 0.5 0.109375 1 0.109375 0.5 0.078125 0.5 0.09375 1 0.09375 0.5 0.0625 0.5 0.078125 1 0.078125 0.5 0.046875 0.5 0.0625 1 0.0625 0.5 0.03125 0.5 0.046875 1 0.046875 0.5 0.015625 0.5 0.03125 1 0.03125 0.5 0.261762 0.4894222 0.2727881 0.4813713 0.261394 0.4819312 0.2735241 0.4888443 0.2953568 0.4780237 0.2727881 0.4813713 0.2968217 0.4853885 0.3174886 0.47248 0.2953568 0.4780237 0.3174886 0.47248 0.341844 0.4717311 0.3389704 0.4647936 0.341844 0.4717311 0.3595955 0.4550387 0.3389704 0.4647936 0.3631352 0.4616611 0.3791651 0.4433092 0.3595955 0.4550387 0.3833369 0.4495527 0.3974906 0.4297179 0.3791651 0.4433092 0.4022544 0.4355225 0.4143959 0.4143959 0.3974906 0.4297179 0.4197056 0.4197056 0.429718 0.3974907 0.4143959 0.4143959 0.4355225 0.4022544 0.4433091 0.3791651 0.429718 0.3974907 0.4495527 0.3833369 0.4550387 0.3595955 0.4433091 0.3791651 0.4616611 0.3631352 0.4647936 0.3389704 0.4550387 0.3595955 0.4717311 0.341844 0.4724801 0.3174886 0.4647936 0.3389704 0.4724801 0.3174886 0.4853885 0.2968217 0.4780237 0.2953568 0.4853885 0.2968217 0.4813715 0.2727881 0.4780237 0.2953568 0.4813715 0.2727881 0.49 0.25 0.482491 0.25 0.01750904 0.25 0.01115566 0.2735241 0.01862853 0.2727881 0.01115566 0.2735241 0.02197629 0.2953568 0.01862853 0.2727881 0.01461154 0.2968217 0.02752 0.3174886 0.02197629 0.2953568 0.02752 0.3174886 0.02826893 0.341844 0.03520637 0.3389704 0.02826893 0.341844 0.04496127 0.3595953 0.03520637 0.3389704 0.03833889 0.3631352 0.05669081 0.3791651 0.04496127 0.3595953 0.05044728 0.3833369 0.07028204 0.3974906 0.05669081 0.3791651 0.0644775 0.4022544 0.08560401 0.4143958 0.07028204 0.3974906 0.08029437 0.4197056 0.1025093 0.4297178 0.08560401 0.4143958 0.09774559 0.4355225 0.1208349 0.4433091 0.1025093 0.4297178 0.1166631 0.4495527 0.1404045 0.4550387 0.1208349 0.4433091 0.1368647 0.4616611 0.1610295 0.4647936 0.1404045 0.4550387 0.1581559 0.4717311 0.1825114 0.4724799 0.1610295 0.4647936 0.1825114 0.4724799 0.2031783 0.4853885 0.2046432 0.4780236 0.2031783 0.4853885 0.2272118 0.4813713 0.2046432 0.4780236 0.25 0.49 0.2499999 0.482491 0.2499999 0.482491 0.4738985 0.2720521 0.4749819 0.25 0.4738985 0.2720521 0.470659 0.2938918 0.4738985 0.2720521 0.470659 0.2938918 0.4652943 0.3153088 0.470659 0.2938918 0.4652943 0.3153088 0.4578562 0.3360968 0.4652943 0.3153088 0.4578562 0.3360968 0.4484164 0.3560558 0.4578562 0.3360968 0.4484164 0.3560558 0.2061081 0.470659 0.2279478 0.4738984 0.2061081 0.470659 0.4370657 0.3749933 0.4484164 0.3560558 0.4370657 0.3749933 0.184691 0.4652941 0.2061081 0.470659 0.184691 0.4652941 0.4239134 0.392727 0.4370657 0.3749933 0.4239134 0.392727 0.1639031 0.4578561 0.184691 0.4652941 0.1639031 0.4578561 0.4090862 0.4090862 0.4239134 0.392727 0.4090862 0.4090862 0.1439442 0.4484162 0.1639031 0.4578561 0.1439442 0.4484162 0.392727 0.4239134 0.4090862 0.4090862 0.392727 0.4239134 0.1250067 0.4370657 0.1439442 0.4484162 0.1250067 0.4370657 0.3749933 0.4370657 0.392727 0.4239134 0.3749933 0.4370657 0.1072729 0.4239134 0.1250067 0.4370657 0.1072729 0.4239134 0.3560557 0.4484164 0.3749933 0.4370657 0.3560557 0.4484164 0.09091377 0.4090862 0.1072729 0.4239134 0.09091377 0.4090862 0.3360968 0.4578562 0.3560557 0.4484164 0.3360968 0.4578562 0.07608658 0.392727 0.09091377 0.4090862 0.07608658 0.392727 0.3153088 0.4652943 0.3360968 0.4578562 0.3153088 0.4652943 0.06293433 0.3749932 0.07608658 0.392727 0.06293433 0.3749932 0.2938918 0.4706589 0.3153088 0.4652943 0.2938918 0.4706589 0.05158364 0.3560557 0.06293433 0.3749932 0.05158364 0.3560557 0.272052 0.4738984 0.2938918 0.4706589 0.272052 0.4738984 0.04214382 0.3360968 0.05158364 0.3560557 0.04214382 0.3360968 0.261026 0.4744401 0.272052 0.4738984 0.261026 0.4744401 0.03470569 0.3153088 0.04214382 0.3360968 0.03470569 0.3153088 0.02934104 0.2938917 0.03470569 0.3153088 0.02934104 0.2938917 0.02610141 0.2720521 0.02934104 0.2938917 0.02610141 0.2720521 0.02501803 0.25 0.02610141 0.2720521 0.02501803 0.25 0.261394 0.4819311 0.272052 0.4738984 0.261026 0.4744401 0.272052 0.4738984 0.2953568 0.4780237 0.2938918 0.4706589 0.2953568 0.4780237 0.3153088 0.4652943 0.2938918 0.4706589 0.3153088 0.4652943 0.3389704 0.4647936 0.3360968 0.4578562 0.3360968 0.4578562 0.3595955 0.4550387 0.3560557 0.4484164 0.3560557 0.4484164 0.3791651 0.4433092 0.3749933 0.4370657 0.3749933 0.4370657 0.3974906 0.4297179 0.392727 0.4239134 0.3974906 0.4297179 0.4090862 0.4090862 0.392727 0.4239134 0.4143959 0.4143959 0.4239134 0.392727 0.4090862 0.4090862 0.429718 0.3974907 0.4370657 0.3749933 0.4239134 0.392727 0.4370657 0.3749933 0.4550387 0.3595955 0.4484164 0.3560558 0.4550387 0.3595955 0.4578562 0.3360968 0.4484164 0.3560558 0.4647936 0.3389704 0.4652943 0.3153088 0.4578562 0.3360968 0.4652943 0.3153088 0.4780237 0.2953568 0.470659 0.2938918 0.4780237 0.2953568 0.4738985 0.2720521 0.470659 0.2938918 0.4738985 0.2720521 0.482491 0.25 0.4749819 0.25 0.02501803 0.25 0.01862853 0.2727881 0.02610141 0.2720521 0.02610141 0.2720521 0.02197629 0.2953568 0.02934104 0.2938917 0.02197629 0.2953568 0.03470569 0.3153088 0.02934104 0.2938917 0.03470569 0.3153088 0.03520637 0.3389704 0.04214382 0.3360968 0.04214382 0.3360968 0.04496127 0.3595953 0.05158364 0.3560557 0.05158364 0.3560557 0.05669081 0.3791651 0.06293433 0.3749932 0.06293433 0.3749932 0.07028204 0.3974906 0.07608658 0.392727 0.07028204 0.3974906 0.09091377 0.4090862 0.07608658 0.392727 0.08560401 0.4143958 0.1072729 0.4239134 0.09091377 0.4090862 0.1025093 0.4297178 0.1250067 0.4370657 0.1072729 0.4239134 0.1250067 0.4370657 0.1404045 0.4550387 0.1439442 0.4484162 0.1404045 0.4550387 0.1639031 0.4578561 0.1439442 0.4484162 0.1610295 0.4647936 0.184691 0.4652941 0.1639031 0.4578561 0.184691 0.4652941 0.2046432 0.4780236 0.2061081 0.470659 0.2046432 0.4780236 0.2279478 0.4738984 0.2061081 0.470659 0.2386059 0.4819312 0.2499999 0.4749818 0.2389739 0.4744401 0.01862853 0.2727881 0.01750904 0.25 0.01862853 0.2727881 0.02197629 0.2953568 0.01862853 0.2727881 0.02197629 0.2953568 0.02752 0.3174886 0.02197629 0.2953568 0.02752 0.3174886 0.03520637 0.3389704 0.02752 0.3174886 0.03520637 0.3389704 0.261394 0.4819311 0.2499999 0.482491 0.261394 0.4819312 0.04496127 0.3595953 0.03520637 0.3389704 0.04496127 0.3595953 0.2953568 0.4780237 0.2727881 0.4813713 0.2953568 0.4780237 0.05669081 0.3791651 0.04496127 0.3595953 0.05669081 0.3791651 0.3174886 0.47248 0.2953568 0.4780237 0.3174886 0.47248 0.07028204 0.3974906 0.05669081 0.3791651 0.07028204 0.3974906 0.3389704 0.4647936 0.3174886 0.47248 0.3389704 0.4647936 0.08560401 0.4143958 0.07028204 0.3974906 0.08560401 0.4143958 0.3595955 0.4550387 0.3389704 0.4647936 0.3595955 0.4550387 0.1025093 0.4297178 0.08560401 0.4143958 0.1025093 0.4297178 0.3791651 0.4433092 0.3595955 0.4550387 0.3791651 0.4433092 0.1208349 0.4433091 0.1025093 0.4297178 0.1208349 0.4433091 0.3974906 0.4297179 0.3791651 0.4433092 0.3974906 0.4297179 0.1404045 0.4550387 0.1208349 0.4433091 0.1404045 0.4550387 0.4143959 0.4143959 0.3974906 0.4297179 0.4143959 0.4143959 0.1610295 0.4647936 0.1404045 0.4550387 0.1610295 0.4647936 0.429718 0.3974907 0.4143959 0.4143959 0.429718 0.3974907 0.1825114 0.4724799 0.1610295 0.4647936 0.1825114 0.4724799 0.4433091 0.3791651 0.429718 0.3974907 0.4433091 0.3791651 0.2046432 0.4780236 0.1825114 0.4724799 0.2046432 0.4780236 0.4550387 0.3595955 0.4433091 0.3791651 0.4550387 0.3595955 0.2272118 0.4813713 0.2046432 0.4780236 0.2272118 0.4813713 0.4647936 0.3389704 0.4550387 0.3595955 0.4647936 0.3389704 0.2386059 0.4819312 0.2272118 0.4813713 0.2386059 0.4819312 0.4724801 0.3174886 0.4647936 0.3389704 0.4724801 0.3174886 0.4780237 0.2953568 0.4724801 0.3174886 0.4780237 0.2953568 0.4813715 0.2727881 0.4780237 0.2953568 0.4813715 0.2727881 0.482491 0.25 0.4813715 0.2727881 0.482491 0.25 0.444007 0.269108 0.4449458 0.25 0.444007 0.269108 0.2938918 0.4706589 0.272052 0.4738984 0.2938918 0.4706589 0.4411998 0.2880319 0.444007 0.269108 0.4411998 0.2880319 0.4365515 0.3065898 0.4411998 0.2880319 0.4365515 0.3065898 0.261026 0.4744401 0.2499999 0.4749818 0.261026 0.4744401 0.4301064 0.3246025 0.4365515 0.3065898 0.4301064 0.3246025 0.2499999 0.4749818 0.25 0.4449457 0.2499999 0.4749818 0.4219268 0.3418968 0.4301064 0.3246025 0.4219268 0.3418968 0.4120914 0.3583061 0.4219268 0.3418968 0.4120914 0.3583061 0.400695 0.3736723 0.4120914 0.3583061 0.400695 0.3736723 0.3878475 0.3878474 0.400695 0.3736723 0.3878475 0.3878474 0.3736723 0.4006951 0.3878475 0.3878474 0.3736723 0.4006951 0.3583061 0.4120914 0.3736723 0.4006951 0.3583061 0.4120914 0.3418967 0.4219267 0.3583061 0.4120914 0.3418967 0.4219267 0.3246025 0.4301064 0.3418967 0.4219267 0.3246025 0.4301064 0.3065898 0.4365514 0.3246025 0.4301064 0.3065898 0.4365514 0.02501803 0.25 0.05599296 0.269108 0.05505424 0.25 0.05599296 0.269108 0.02934104 0.2938917 0.0588001 0.288032 0.02934104 0.2938917 0.06344854 0.3065899 0.0588001 0.288032 0.06344854 0.3065899 0.04214382 0.3360968 0.06989359 0.3246024 0.06989359 0.3246024 0.05158364 0.3560557 0.07807326 0.3418967 0.05158364 0.3560557 0.0879085 0.358306 0.07807326 0.3418967 0.0879085 0.358306 0.07608658 0.392727 0.09930485 0.3736722 0.09930485 0.3736722 0.09091377 0.4090862 0.1121525 0.3878474 0.1121525 0.3878474 0.1072729 0.4239134 0.1263277 0.4006951 0.1072729 0.4239134 0.1416939 0.4120915 0.1263277 0.4006951 0.1416939 0.4120915 0.1439442 0.4484162 0.1581031 0.4219265 0.1439442 0.4484162 0.1753975 0.4301064 0.1581031 0.4219265 0.1639031 0.4578561 0.1934102 0.4365515 0.1753975 0.4301064 0.1934102 0.4365515 0.2061081 0.470659 0.2119679 0.4411999 0.2061081 0.470659 0.230892 0.444007 0.2119679 0.4411999 0.0879085 0.358306 0.07807326 0.3418967 0.0879085 0.358306 0.259554 0.4444764 0.2683719 0.4365341 0.259186 0.4369854 0.2683719 0.4365341 0.288032 0.4411998 0.286567 0.433835 0.288032 0.4411998 0.30441 0.4293657 0.286567 0.433835 0.30441 0.4293657 0.3246025 0.4301064 0.3217289 0.423169 0.3217289 0.423169 0.3418967 0.4219267 0.338357 0.4153044 0.3418967 0.4219267 0.3541343 0.4058479 0.338357 0.4153044 0.3541343 0.4058479 0.3736723 0.4006951 0.3689086 0.3948906 0.3689086 0.3948906 0.3878475 0.3878474 0.3825378 0.3825377 0.3825378 0.3825377 0.400695 0.3736723 0.3948905 0.3689086 0.400695 0.3736723 0.4058479 0.3541343 0.3948905 0.3689086 0.4058479 0.3541343 0.4219268 0.3418968 0.4153044 0.338357 0.4219268 0.3418968 0.4231689 0.3217289 0.4153044 0.338357 0.4231689 0.3217289 0.4365515 0.3065898 0.4293658 0.30441 0.4293658 0.30441 0.4411998 0.2880319 0.4338351 0.286567 0.4411998 0.2880319 0.4365341 0.2683719 0.4338351 0.286567 0.4365341 0.2683719 0.4449458 0.25 0.4374367 0.25 0.1616429 0.4153043 0.1782711 0.4231689 0.1616429 0.4153043 0.2389739 0.4744401 0.240446 0.4444764 0.2389739 0.4744401 0.07807326 0.3418967 0.06989359 0.3246024 0.07807326 0.3418967 0.1458657 0.4058479 0.1616429 0.4153043 0.1458657 0.4058479 0.06989359 0.3246024 0.06344854 0.3065899 0.06989359 0.3246024 0.1310914 0.3948906 0.1458657 0.4058479 0.1310914 0.3948906 0.25 0.4449457 0.2499999 0.4749818 0.25 0.4449457 0.240814 0.4369854 0.25 0.4374366 0.240814 0.4369854 0.1174622 0.3825378 0.1310914 0.3948906 0.1174622 0.3825378 0.06344854 0.3065899 0.0588001 0.288032 0.06344854 0.3065899 0.240446 0.4444764 0.230892 0.444007 0.240446 0.4444764 0.0588001 0.288032 0.05599296 0.269108 0.0588001 0.288032 0.1051094 0.3689085 0.1174622 0.3825378 0.1051094 0.3689085 0.230892 0.444007 0.2119679 0.4411999 0.230892 0.444007 0.05599296 0.269108 0.05505424 0.25 0.05599296 0.269108 0.25 0.4374366 0.259554 0.4444764 0.259186 0.4369854 0.288032 0.4411998 0.3065898 0.4365514 0.288032 0.4411998 0.2727881 0.4813713 0.261394 0.4819312 0.2727881 0.4813713 0.2499999 0.4749818 0.261394 0.4819311 0.261026 0.4744401 0.2499999 0.4749818 0.261026 0.4744401 0.2499999 0.4749818 0.2499999 0.482491 0.261762 0.4894222 0.261394 0.4819312 0.9921875 0.5 1 1 1 0.5 0.09415209 0.3541342 0.1051094 0.3689085 0.09415209 0.3541342 0.230892 0.444007 0.2389739 0.4744401 0.240446 0.4444764 0.7499999 0.4824909 0.2386059 0.4819312 0.7386062 0.4819313 0.2279478 0.4738984 0.2386059 0.4819312 0.2389739 0.4744401 0.2279478 0.4738984 0.2389739 0.4744401 0.2279478 0.4738984 0.2272118 0.4813713 0.2382379 0.4894222 0.2386059 0.4819312 0.0078125 0.5 0.015625 1 0.015625 0.5 0.2389739 0.4744401 0.25 0.4449457 0.240446 0.4444764 0.05505424 0.25 0.06346583 0.268372 0.0625633 0.25 0.06346583 0.268372 0.0588001 0.288032 0.06616485 0.286567 0.0588001 0.288032 0.07063424 0.3044101 0.06616485 0.286567 0.07063424 0.3044101 0.06989359 0.3246024 0.0768311 0.3217288 0.0768311 0.3217288 0.07807326 0.3418967 0.08469563 0.3383569 0.07807326 0.3418967 0.09415209 0.3541342 0.08469563 0.3383569 0.09415209 0.3541342 0.09930485 0.3736722 0.1051094 0.3689085 0.1051094 0.3689085 0.1121525 0.3878474 0.1174622 0.3825378 0.1174622 0.3825378 0.1263277 0.4006951 0.1310914 0.3948906 0.1263277 0.4006951 0.1458657 0.4058479 0.1310914 0.3948906 0.1458657 0.4058479 0.1581031 0.4219265 0.1616429 0.4153043 0.1581031 0.4219265 0.1782711 0.4231689 0.1616429 0.4153043 0.1782711 0.4231689 0.1934102 0.4365515 0.19559 0.4293658 0.19559 0.4293658 0.2119679 0.4411999 0.2134329 0.433835 0.2119679 0.4411999 0.231628 0.4365341 0.2134329 0.433835 0.240446 0.4444764 0.25 0.4374366 0.240814 0.4369854 0.231628 0.4365341 0.240446 0.4444764 0.240814 0.4369854 0.1782711 0.4231689 0.19559 0.4293658 0.1782711 0.4231689 0.09930485 0.3736722 0.0879085 0.358306 0.09930485 0.3736722 0.19559 0.4293658 0.2134329 0.433835 0.19559 0.4293658 0.1121525 0.3878474 0.09930485 0.3736722 0.1121525 0.3878474 0.0625633 0.25 0.06346583 0.268372 0.0625633 0.25 0.2134329 0.433835 0.231628 0.4365341 0.2134329 0.433835 0.1263277 0.4006951 0.1121525 0.3878474 0.1263277 0.4006951 0.06346583 0.268372 0.06616485 0.286567 0.06346583 0.268372 0.231628 0.4365341 0.240814 0.4369854 0.231628 0.4365341 0.1416939 0.4120915 0.1263277 0.4006951 0.1416939 0.4120915 0.06616485 0.286567 0.07063424 0.3044101 0.06616485 0.286567 0.25 0.4374366 0.25 0.4449457 0.25 0.4374366 0.1581031 0.4219265 0.1416939 0.4120915 0.1581031 0.4219265 0.07063424 0.3044101 0.0768311 0.3217288 0.07063424 0.3044101 0.1753975 0.4301064 0.1581031 0.4219265 0.1753975 0.4301064 0.0768311 0.3217288 0.08469563 0.3383569 0.0768311 0.3217288 0.1934102 0.4365515 0.1753975 0.4301064 0.1934102 0.4365515 0.08469563 0.3383569 0.09415209 0.3541342 0.08469563 0.3383569 0.2119679 0.4411999 0.1934102 0.4365515 0.2119679 0.4411999 0.772788 0.4813713 0.761762 0.4894222 0.7613942 0.4819313 0.7953566 0.4780236 0.7735241 0.4888443 0.772788 0.4813713 0.8174884 0.4724799 0.7968217 0.4853885 0.7953566 0.4780236 0.841844 0.4717311 0.8174884 0.4724799 0.8389704 0.4647936 0.8595954 0.4550387 0.841844 0.4717311 0.8389704 0.4647936 0.8833369 0.4495527 0.8595954 0.4550387 0.879165 0.4433091 0.8974907 0.4297178 0.8833369 0.4495527 0.879165 0.4433091 0.914396 0.4143958 0.9022544 0.4355225 0.8974907 0.4297178 0.9297181 0.3974906 0.9197056 0.4197056 0.914396 0.4143958 0.9433093 0.3791651 0.9355225 0.4022544 0.9297181 0.3974906 0.9616611 0.3631352 0.9433093 0.3791651 0.9550384 0.3595954 0.9647936 0.3389704 0.9616611 0.3631352 0.9550384 0.3595954 0.9724801 0.3174886 0.9717311 0.341844 0.9647936 0.3389704 0.9853885 0.2968217 0.9724801 0.3174886 0.9780235 0.2953568 0.9813713 0.2727881 0.9853885 0.2968217 0.9780235 0.2953568 0.99 0.25 0.9813713 0.2727881 0.9824908 0.2499999 0.5111557 0.2735241 0.5175091 0.25 0.5186285 0.2727881 0.5219763 0.2953567 0.5111557 0.2735241 0.5186285 0.2727881 0.52752 0.3174886 0.5146116 0.2968217 0.5219763 0.2953567 0.5282689 0.341844 0.52752 0.3174886 0.5352063 0.3389704 0.5449613 0.3595955 0.5282689 0.341844 0.5352063 0.3389704 0.5504473 0.3833369 0.5449613 0.3595955 0.5566908 0.3791651 0.5702822 0.3974907 0.5504473 0.3833369 0.5566908 0.3791651 0.5856042 0.4143959 0.5644775 0.4022544 0.5702822 0.3974907 0.6025093 0.4297179 0.5802944 0.4197056 0.5856042 0.4143959 0.620835 0.4433091 0.5977456 0.4355225 0.6025093 0.4297179 0.6368648 0.4616611 0.620835 0.4433091 0.6404046 0.4550387 0.6610296 0.4647936 0.6368648 0.4616611 0.6404046 0.4550387 0.6825115 0.47248 0.658156 0.4717311 0.6610296 0.4647936 0.7031784 0.4853885 0.6825115 0.47248 0.7046433 0.4780237 0.727212 0.4813715 0.7031784 0.4853885 0.7046433 0.4780237 0.2386059 0.4819312 0.0078125 1 0.738238 0.4894222 0.761762 0.4894222 0.7499999 0.4824909 0.7613942 0.4819313 0.738238 0.4894222 0.727212 0.4813715 0.7386062 0.4819313 0.9813713 0.2727881 0.9824908 0.2499999 0.9813713 0.2727881 0.5175091 0.25 0.5186285 0.2727881 0.5175091 0.25 0.5186285 0.2727881 0.5219763 0.2953567 0.5186285 0.2727881 0.5219763 0.2953567 0.52752 0.3174886 0.5219763 0.2953567 0.52752 0.3174886 0.5352063 0.3389704 0.52752 0.3174886 0.5352063 0.3389704 0.5449613 0.3595955 0.5352063 0.3389704 0.7613942 0.4819313 0.772788 0.4813713 0.7613942 0.4819313 0.5449613 0.3595955 0.5566908 0.3791651 0.5449613 0.3595955 0.772788 0.4813713 0.7953566 0.4780236 0.772788 0.4813713 0.5566908 0.3791651 0.5702822 0.3974907 0.5566908 0.3791651 0.7953566 0.4780236 0.8174884 0.4724799 0.7953566 0.4780236 0.5702822 0.3974907 0.5856042 0.4143959 0.5702822 0.3974907 0.8174884 0.4724799 0.8389704 0.4647936 0.8174884 0.4724799 0.5856042 0.4143959 0.6025093 0.4297179 0.5856042 0.4143959 0.8389704 0.4647936 0.8595954 0.4550387 0.8389704 0.4647936 0.6025093 0.4297179 0.620835 0.4433091 0.6025093 0.4297179 0.8595954 0.4550387 0.879165 0.4433091 0.8595954 0.4550387 0.620835 0.4433091 0.6404046 0.4550387 0.620835 0.4433091 0.879165 0.4433091 0.8974907 0.4297178 0.879165 0.4433091 0.6404046 0.4550387 0.6610296 0.4647936 0.6404046 0.4550387 0.8974907 0.4297178 0.914396 0.4143958 0.8974907 0.4297178 0.6610296 0.4647936 0.6825115 0.47248 0.6610296 0.4647936 0.914396 0.4143958 0.9297181 0.3974906 0.914396 0.4143958 0.6825115 0.47248 0.7046433 0.4780237 0.6825115 0.47248 0.9297181 0.3974906 0.9433093 0.3791651 0.9297181 0.3974906 0.7046433 0.4780237 0.727212 0.4813715 0.7046433 0.4780237 0.9433093 0.3791651 0.9550384 0.3595954 0.9433093 0.3791651 0.7386062 0.4819313 0.7499999 0.4824909 0.7386062 0.4819313 0.9550384 0.3595954 0.9647936 0.3389704 0.9550384 0.3595954 0.7499999 0.4824909 0.7613942 0.4819313 0.7499999 0.4824909 0.9647936 0.3389704 0.9724801 0.3174886 0.9647936 0.3389704 0.727212 0.4813715 0.7386062 0.4819313 0.727212 0.4813715 0.9724801 0.3174886 0.9780235 0.2953568 0.9724801 0.3174886 0.9780235 0.2953568 0.9813713 0.2727881 0.9780235 0.2953568 0.4293658 0.30441 0.4231689 0.3217289 0.4231689 0.3217289 0.4338351 0.286567 0.4293658 0.30441 0.4293658 0.30441 0.4365341 0.2683719 0.4338351 0.286567 0.4338351 0.286567 0.4374367 0.25 0.4365341 0.2683719 0.4374367 0.25 0.25 0.4374366 0.240814 0.4369854 0.240814 0.4369854 0.06346583 0.268372 0.0625633 0.25 0.0625633 0.25 0.06616485 0.286567 0.06346583 0.268372 0.06346583 0.268372 0.07063424 0.3044101 0.06616485 0.286567 0.07063424 0.3044101 0.0768311 0.3217288 0.07063424 0.3044101 0.0768311 0.3217288 0.08469563 0.3383569 0.0768311 0.3217288 0.0768311 0.3217288 0.259186 0.4369854 0.25 0.4374366 0.25 0.4374366 0.09415209 0.3541342 0.08469563 0.3383569 0.08469563 0.3383569 0.286567 0.433835 0.2683719 0.4365341 0.2683719 0.4365341 0.1051094 0.3689085 0.09415209 0.3541342 0.1051094 0.3689085 0.30441 0.4293657 0.286567 0.433835 0.286567 0.433835 0.1174622 0.3825378 0.1051094 0.3689085 0.1051094 0.3689085 0.3217289 0.423169 0.30441 0.4293657 0.30441 0.4293657 0.1310914 0.3948906 0.1174622 0.3825378 0.1174622 0.3825378 0.2683719 0.4365341 0.259186 0.4369854 0.259186 0.4369854 0.338357 0.4153044 0.3217289 0.423169 0.3217289 0.423169 0.1458657 0.4058479 0.1310914 0.3948906 0.1458657 0.4058479 0.3541343 0.4058479 0.338357 0.4153044 0.338357 0.4153044 0.1616429 0.4153043 0.1458657 0.4058479 0.1616429 0.4153043 0.3689086 0.3948906 0.3541343 0.4058479 0.3541343 0.4058479 0.1782711 0.4231689 0.1616429 0.4153043 0.1616429 0.4153043 0.3825378 0.3825377 0.3689086 0.3948906 0.3689086 0.3948906 0.19559 0.4293658 0.1782711 0.4231689 0.1782711 0.4231689 0.3948905 0.3689086 0.3825378 0.3825377 0.3825378 0.3825377 0.2134329 0.433835 0.19559 0.4293658 0.2134329 0.433835 0.4058479 0.3541343 0.3948905 0.3689086 0.3948905 0.3689086 0.231628 0.4365341 0.2134329 0.433835 0.231628 0.4365341 0.4153044 0.338357 0.4058479 0.3541343 0.4058479 0.3541343 0.240814 0.4369854 0.231628 0.4365341 0.231628 0.4365341 0.4231689 0.3217289 0.4153044 0.338357 0.4153044 0.338357 0.261026 0.4744401 0.2691079 0.4440072 0.259554 0.4444764 0.2691079 0.4440072 0.2938918 0.4706589 0.288032 0.4411998 0.2938918 0.4706589 0.3065898 0.4365514 0.288032 0.4411998 0.3065898 0.4365514 0.3360968 0.4578562 0.3246025 0.4301064 0.3246025 0.4301064 0.3560557 0.4484164 0.3418967 0.4219267 0.3560557 0.4484164 0.3583061 0.4120914 0.3418967 0.4219267 0.3583061 0.4120914 0.392727 0.4239134 0.3736723 0.4006951 0.3736723 0.4006951 0.4090862 0.4090862 0.3878475 0.3878474 0.3878475 0.3878474 0.4239134 0.392727 0.400695 0.3736723 0.4239134 0.392727 0.4120914 0.3583061 0.400695 0.3736723 0.4120914 0.3583061 0.4484164 0.3560558 0.4219268 0.3418968 0.4484164 0.3560558 0.4301064 0.3246025 0.4219268 0.3418968 0.4578562 0.3360968 0.4365515 0.3065898 0.4301064 0.3246025 0.4365515 0.3065898 0.470659 0.2938918 0.4411998 0.2880319 0.470659 0.2938918 0.444007 0.269108 0.4411998 0.2880319 0.444007 0.269108 0.4749819 0.25 0.4449458 0.25 0.25 0.4449457 0.261026 0.4744401 0.259554 0.4444764 0.3153088 0.4652943 0.2938918 0.4706589 0.3153088 0.4652943 0.3360968 0.4578562 0.3153088 0.4652943 0.3360968 0.4578562 0.3560557 0.4484164 0.3360968 0.4578562 0.3560557 0.4484164 0.3749933 0.4370657 0.3560557 0.4484164 0.3749933 0.4370657 0.392727 0.4239134 0.3749933 0.4370657 0.392727 0.4239134 0.4090862 0.4090862 0.392727 0.4239134 0.4090862 0.4090862 0.4239134 0.392727 0.4090862 0.4090862 0.4239134 0.392727 0.4370657 0.3749933 0.4239134 0.392727 0.4370657 0.3749933 0.4484164 0.3560558 0.4370657 0.3749933 0.4484164 0.3560558 0.272052 0.4738984 0.261026 0.4744401 0.272052 0.4738984 0.4578562 0.3360968 0.4484164 0.3560558 0.4578562 0.3360968 0.4652943 0.3153088 0.4578562 0.3360968 0.4652943 0.3153088 0.470659 0.2938918 0.4652943 0.3153088 0.470659 0.2938918 0.259554 0.4444764 0.2691079 0.4440072 0.259554 0.4444764 0.25 0.4449457 0.259554 0.4444764 0.25 0.4449457 0.4738985 0.2720521 0.470659 0.2938918 0.4738985 0.2720521 0.2691079 0.4440072 0.288032 0.4411998 0.2691079 0.4440072 0.4749819 0.25 0.4738985 0.2720521 0.4749819 0.25 0.4162315 0.3188553 0.4153044 0.338357 0.408682 0.3348174 0.42218 0.3022303 0.4231689 0.3217289 0.4162315 0.3188553 0.4162313 0.1811447 0.4153044 0.1616429 0.4231688 0.1782711 0.3996043 0.1500375 0.4153044 0.1616429 0.4086819 0.1651827 0.3996043 0.1500375 0.3948904 0.1310914 0.4058479 0.1458657 0.3890859 0.1358551 0.3825377 0.1174622 0.3948904 0.1310914 0.3641448 0.110914 0.3825377 0.1174622 0.377228 0.1227719 0.3499624 0.1003956 0.3689085 0.1051094 0.3641448 0.110914 0.3499624 0.1003956 0.338357 0.08469563 0.3541343 0.09415203 0.3188553 0.08376848 0.338357 0.08469563 0.3348173 0.09131801 0.2676359 0.0709387 0.286567 0.06616485 0.2851021 0.0735296 0.2676359 0.0709387 0.2591859 0.06301456 0.2683719 0.06346583 0.07007235 0.25 0.06346583 0.2316279 0.07093876 0.2323639 0.25 0.4299276 0.240814 0.4369854 0.2411819 0.4294944 0.4290611 0.2323639 0.4374367 0.25 0.4299276 0.25 0.4290612 0.2676359 0.4374367 0.25 0.4365341 0.2683719 0.4290612 0.2676359 0.4338351 0.286567 0.4264703 0.2851021 0.3996044 0.3499625 0.3948905 0.3689086 0.389086 0.3641449 0.389086 0.3641449 0.3825378 0.3825377 0.3772281 0.3772281 0.3641449 0.389086 0.3825378 0.3825377 0.3689086 0.3948906 0.3499625 0.3996043 0.3689086 0.3948906 0.3541343 0.4058479 0.3499625 0.3996043 0.338357 0.4153044 0.3348174 0.408682 0.3188553 0.4162315 0.338357 0.4153044 0.3217289 0.423169 0.3022302 0.4221799 0.3217289 0.423169 0.30441 0.4293657 0.3022302 0.4221799 0.286567 0.433835 0.2851021 0.4264703 0.232364 0.4290612 0.2134329 0.433835 0.2148978 0.4264704 0.1977697 0.42218 0.2134329 0.433835 0.19559 0.4293658 0.1977697 0.42218 0.1782711 0.4231689 0.1811447 0.4162315 0.1811447 0.4162315 0.1616429 0.4153043 0.1651826 0.408682 0.1500374 0.3996044 0.1616429 0.4153043 0.1458657 0.4058479 0.1500374 0.3996044 0.1310914 0.3948906 0.135855 0.389086 0.135855 0.389086 0.1174622 0.3825378 0.1227719 0.3772282 0.110914 0.3641449 0.1174622 0.3825378 0.1051094 0.3689085 0.1003956 0.3499624 0.1051094 0.3689085 0.09415209 0.3541342 0.1003956 0.3499624 0.08469563 0.3383569 0.09131801 0.3348172 0.07781994 0.3022303 0.06616485 0.286567 0.0735296 0.2851021 0.07093876 0.267636 0.06616485 0.286567 0.06346583 0.268372 0.07093876 0.267636 0.0625633 0.25 0.07007235 0.25 0.07781994 0.1977697 0.06616485 0.2134328 0.07063424 0.19559 0.07781994 0.1977697 0.07683104 0.1782711 0.08376854 0.1811447 0.1003956 0.1500375 0.1051094 0.1310915 0.110914 0.1358551 0.1500375 0.1003956 0.1310914 0.1051095 0.1458657 0.09415209 0.1500375 0.1003956 0.1616429 0.08469563 0.1651827 0.09131801 0.1977697 0.07781994 0.2134329 0.06616485 0.2148978 0.0735296 0.2323639 0.07093876 0.2134329 0.06616485 0.231628 0.06346583 0.2323639 0.07093876 0.240814 0.06301456 0.241182 0.07050555 0.267636 0.4290613 0.286567 0.433835 0.2683719 0.4365341 0.3996044 0.3499625 0.4153044 0.338357 0.4058479 0.3541343 0.42218 0.3022303 0.4338351 0.286567 0.4293658 0.30441 0.4290611 0.2323639 0.433835 0.2134329 0.4365341 0.231628 0.4221799 0.1977697 0.433835 0.2134329 0.4264703 0.2148979 0.4221799 0.1977697 0.4231688 0.1782711 0.4293656 0.19559 0.3022301 0.07781988 0.3217288 0.07683104 0.3188553 0.08376848 0.3022301 0.07781988 0.286567 0.06616485 0.3044099 0.07063424 0.2499999 0.07007235 0.240814 0.06301456 0.25 0.0625633 0.1977697 0.07781994 0.1782711 0.07683104 0.19559 0.07063424 0.1811448 0.08376854 0.1616429 0.08469563 0.1782711 0.07683104 0.1358551 0.1109141 0.1174622 0.1174622 0.1310914 0.1051095 0.110914 0.1358551 0.1174622 0.1174622 0.122772 0.1227719 0.1003956 0.1500375 0.08469563 0.1616429 0.09415209 0.1458657 0.08376854 0.1811447 0.08469563 0.1616429 0.09131807 0.1651826 0.07093876 0.2323639 0.06616485 0.2134328 0.0735296 0.2148978 0.07781994 0.3022303 0.0768311 0.3217288 0.07063424 0.3044101 0.08376848 0.3188552 0.08469563 0.3383569 0.0768311 0.3217288 0.232364 0.4290612 0.240814 0.4369854 0.231628 0.4365341 0.267636 0.4290613 0.259186 0.4369854 0.258818 0.4294945 0.25 0.4299276 0.259186 0.4369854 0.25 0.4374366 0.2499999 0.07007235 0.2591859 0.06301456 0.2588179 0.07050549 0.7720521 0.4738984 0.7613942 0.4819313 0.772788 0.4813713 0.8153088 0.4652941 0.8389704 0.4647936 0.8360966 0.457856 0.8360966 0.457856 0.8595954 0.4550387 0.8560557 0.4484162 0.8749929 0.4370656 0.8595954 0.4550387 0.879165 0.4433091 0.8749929 0.4370656 0.8974907 0.4297178 0.8927267 0.4239133 0.8927267 0.4239133 0.914396 0.4143958 0.9090861 0.4090862 0.9090861 0.4090862 0.9297181 0.3974906 0.9239133 0.392727 0.9578562 0.3360968 0.9550384 0.3595954 0.9647936 0.3389704 0.9652941 0.3153088 0.9647936 0.3389704 0.9724801 0.3174886 0.9652941 0.3153088 0.9780235 0.2953568 0.9706584 0.2938917 0.9738982 0.2720521 0.9780235 0.2953568 0.9813713 0.2727881 0.9738982 0.2720521 0.9824908 0.2499999 0.974982 0.25 0.9652941 0.1846911 0.9780234 0.2046432 0.97248 0.1825113 0.9652941 0.1846911 0.9647936 0.1610295 0.9578559 0.1639031 0.9578559 0.1639031 0.9550384 0.1404045 0.9484162 0.1439443 0.8360968 0.04214382 0.8595954 0.04496127 0.8389703 0.03520631 0.8153085 0.03470569 0.8389703 0.03520631 0.8174885 0.02752 0.8153085 0.03470569 0.7953568 0.02197629 0.7938917 0.02934104 0.727948 0.4738986 0.7386062 0.4819313 0.7389742 0.4744404 0.7720521 0.02610141 0.761394 0.01806879 0.7610262 0.02555972 0.9738983 0.2279478 0.9824908 0.2499999 0.9813714 0.2272118 0.6846913 0.4652943 0.7046433 0.4780237 0.7061082 0.4706589 0.6846913 0.4652943 0.6610296 0.4647936 0.6825115 0.47248 0.6639032 0.4578561 0.6404046 0.4550387 0.6610296 0.4647936 0.6250067 0.4370656 0.6404046 0.4550387 0.6439443 0.4484163 0.6250067 0.4370656 0.6025093 0.4297179 0.620835 0.4433091 0.6072731 0.4239134 0.5856042 0.4143959 0.6025093 0.4297179 0.5909139 0.4090862 0.5702822 0.3974907 0.5856042 0.4143959 0.5629343 0.3749933 0.5702822 0.3974907 0.5760868 0.3927271 0.5629343 0.3749933 0.5449613 0.3595955 0.5566908 0.3791651 0.5421438 0.3360968 0.5449613 0.3595955 0.5515837 0.3560557 0.5261014 0.2720521 0.5219763 0.2953567 0.5293408 0.2938917 0.5261014 0.2720521 0.5175091 0.25 0.5186285 0.2727881 0.5261014 0.2279479 0.5175091 0.25 0.525018 0.25 0.5347057 0.1846912 0.5352062 0.1610295 0.52752 0.1825114 0.5421436 0.1639031 0.5449613 0.1404045 0.5352062 0.1610295 0.5629342 0.1250067 0.5449613 0.1404045 0.5515837 0.1439442 0.5909137 0.09091371 0.6025093 0.07028204 0.5856041 0.08560401 0.684691 0.03470569 0.7046434 0.02197629 0.6825115 0.02752 0.7279479 0.02610141 0.7046434 0.02197629 0.7061082 0.02934104 0.7279479 0.02610141 0.738606 0.01806879 0.727212 0.01862853 0.7720521 0.4738984 0.7953566 0.4780236 0.7938918 0.4706589 0.8153088 0.4652941 0.7953566 0.4780236 0.8174884 0.4724799 0.9370656 0.3749932 0.9297181 0.3974906 0.9433093 0.3791651 0.9370656 0.3749932 0.9550384 0.3595954 0.948416 0.3560557 0.9738983 0.2279478 0.9780234 0.2046432 0.9706585 0.2061082 0.9484162 0.1439443 0.943309 0.1208349 0.9370654 0.1250067 0.9370654 0.1250067 0.9297181 0.1025093 0.9239136 0.107273 0.9239136 0.107273 0.9143958 0.08560407 0.9090861 0.09091371 0.8927268 0.07608664 0.9143958 0.08560407 0.8974906 0.07028204 0.8749932 0.06293433 0.8974906 0.07028204 0.8791651 0.05669081 0.8749932 0.06293433 0.8595954 0.04496127 0.8560558 0.0515837 0.7720521 0.02610141 0.7953568 0.02197629 0.772788 0.01862853 0.684691 0.03470569 0.6610294 0.03520637 0.6639028 0.04214376 0.6639028 0.04214376 0.6404044 0.04496127 0.6439441 0.0515837 0.6250067 0.06293427 0.6404044 0.04496127 0.620835 0.05669081 0.6250067 0.06293427 0.6025093 0.07028204 0.6072729 0.07608658 0.5760866 0.1072729 0.5856041 0.08560401 0.5702819 0.1025093 0.5629342 0.1250067 0.5702819 0.1025093 0.5566907 0.1208349 0.5347057 0.1846912 0.5219764 0.2046433 0.5293412 0.2061081 0.5261014 0.2279479 0.5219764 0.2046433 0.5186285 0.2272118 0.5347055 0.3153087 0.5219763 0.2953567 0.52752 0.3174886 0.5347055 0.3153087 0.5352063 0.3389704 0.5421438 0.3360968 0.727948 0.4738986 0.7046433 0.4780237 0.727212 0.4813715 0.75 0.4749819 0.7386062 0.4819313 0.7499999 0.4824909 0.75 0.4749819 0.7613942 0.4819313 0.7610262 0.4744405 0.7500002 0.02501809 0.738606 0.01806879 0.738974 0.02555972 0.7500002 0.02501809 0.761394 0.01806879 0.75 0.01750904 0.9921875 1 0.984375 1 0.984375 0.5 0.984375 1 0.96875 1 0.96875 0.5 0.96875 1 0.953125 1 0.953125 0.5 0.953125 1 0.9375 1 0.9375 0.5 0.9375 1 0.921875 1 0.921875 0.5 0.921875 1 0.90625 1 0.90625 0.5 0.90625 1 0.890625 1 0.890625 0.5 0.890625 1 0.875 1 0.875 0.5 0.875 1 0.859375 1 0.859375 0.5 0.859375 1 0.84375 1 0.84375 0.5 0.84375 1 0.828125 1 0.828125 0.5 0.828125 1 0.8125 1 0.8125 0.5 0.8125 1 0.796875 1 0.796875 0.5 0.796875 1 0.78125 1 0.78125 0.5 0.78125 1 0.765625 1 0.765625 0.5 0.765625 1 0.75 1 0.75 0.5 0.25 1 0.234375 1 0.234375 0.5 0.234375 1 0.21875 1 0.21875 0.5 0.21875 1 0.203125 1 0.203125 0.5 0.203125 1 0.1875 1 0.1875 0.5 0.1875 1 0.171875 1 0.171875 0.5 0.171875 1 0.15625 1 0.15625 0.5 0.15625 1 0.140625 1 0.140625 0.5 0.140625 1 0.125 1 0.125 0.5 0.125 1 0.109375 1 0.109375 0.5 0.109375 1 0.09375 1 0.09375 0.5 0.09375 1 0.078125 1 0.078125 0.5 0.078125 1 0.0625 1 0.0625 0.5 0.0625 1 0.046875 1 0.046875 0.5 0.046875 1 0.03125 1 0.03125 0.5 0.03125 1 0.015625 1 0.015625 0.5 0.2727881 0.4813713 0.2735241 0.4888443 0.261762 0.4894222 0.2953568 0.4780237 0.2968217 0.4853885 0.2735241 0.4888443 0.3174886 0.47248 0.3196683 0.4796657 0.2968217 0.4853885 0.3174886 0.47248 0.3389704 0.4647936 0.341844 0.4717311 0.3595955 0.4550387 0.3631352 0.4616611 0.341844 0.4717311 0.3791651 0.4433092 0.3833369 0.4495527 0.3631352 0.4616611 0.3974906 0.4297179 0.4022544 0.4355225 0.3833369 0.4495527 0.4143959 0.4143959 0.4197056 0.4197056 0.4022544 0.4355225 0.429718 0.3974907 0.4355225 0.4022544 0.4197056 0.4197056 0.4433091 0.3791651 0.4495527 0.3833369 0.4355225 0.4022544 0.4550387 0.3595955 0.4616611 0.3631352 0.4495527 0.3833369 0.4647936 0.3389704 0.4717311 0.341844 0.4616611 0.3631352 0.4724801 0.3174886 0.4796657 0.3196683 0.4717311 0.341844 0.4724801 0.3174886 0.4780237 0.2953568 0.4853885 0.2968217 0.4813715 0.2727881 0.4888443 0.2735241 0.4853885 0.2968217 0.4813715 0.2727881 0.482491 0.25 0.49 0.25 0.01750904 0.25 0.01862853 0.2727881 0.01115566 0.2735241 0.02197629 0.2953568 0.01461154 0.2968217 0.01115566 0.2735241 0.02752 0.3174886 0.0203343 0.3196683 0.01461154 0.2968217 0.02752 0.3174886 0.03520637 0.3389704 0.02826893 0.341844 0.04496127 0.3595953 0.03833889 0.3631352 0.02826893 0.341844 0.05669081 0.3791651 0.05044728 0.3833369 0.03833889 0.3631352 0.07028204 0.3974906 0.0644775 0.4022544 0.05044728 0.3833369 0.08560401 0.4143958 0.08029437 0.4197056 0.0644775 0.4022544 0.1025093 0.4297178 0.09774559 0.4355225 0.08029437 0.4197056 0.1208349 0.4433091 0.1166631 0.4495527 0.09774559 0.4355225 0.1404045 0.4550387 0.1368647 0.4616611 0.1166631 0.4495527 0.1610295 0.4647936 0.1581559 0.4717311 0.1368647 0.4616611 0.1825114 0.4724799 0.1803317 0.4796657 0.1581559 0.4717311 0.1825114 0.4724799 0.2046432 0.4780236 0.2031783 0.4853885 0.2272118 0.4813713 0.2264758 0.4888443 0.2031783 0.4853885 0.25 0.49 0.75 0.49 0.2499999 0.482491 0.75 0.49 0.7499999 0.4824909 0.2499999 0.482491 0.4749819 0.25 0.4749819 0.25 0.4738985 0.2720521 0.4738985 0.2720521 0.4738985 0.2720521 0.470659 0.2938918 0.470659 0.2938918 0.470659 0.2938918 0.4652943 0.3153088 0.4652943 0.3153088 0.4652943 0.3153088 0.4578562 0.3360968 0.4578562 0.3360968 0.4578562 0.3360968 0.4484164 0.3560558 0.2279478 0.4738984 0.2279478 0.4738984 0.2061081 0.470659 0.4484164 0.3560558 0.4484164 0.3560558 0.4370657 0.3749933 0.2061081 0.470659 0.2061081 0.470659 0.184691 0.4652941 0.4370657 0.3749933 0.4370657 0.3749933 0.4239134 0.392727 0.184691 0.4652941 0.184691 0.4652941 0.1639031 0.4578561 0.4239134 0.392727 0.4239134 0.392727 0.4090862 0.4090862 0.1639031 0.4578561 0.1639031 0.4578561 0.1439442 0.4484162 0.4090862 0.4090862 0.4090862 0.4090862 0.392727 0.4239134 0.1439442 0.4484162 0.1439442 0.4484162 0.1250067 0.4370657 0.392727 0.4239134 0.392727 0.4239134 0.3749933 0.4370657 0.1250067 0.4370657 0.1250067 0.4370657 0.1072729 0.4239134 0.3749933 0.4370657 0.3749933 0.4370657 0.3560557 0.4484164 0.1072729 0.4239134 0.1072729 0.4239134 0.09091377 0.4090862 0.3560557 0.4484164 0.3560557 0.4484164 0.3360968 0.4578562 0.09091377 0.4090862 0.09091377 0.4090862 0.07608658 0.392727 0.3360968 0.4578562 0.3360968 0.4578562 0.3153088 0.4652943 0.07608658 0.392727 0.07608658 0.392727 0.06293433 0.3749932 0.3153088 0.4652943 0.3153088 0.4652943 0.2938918 0.4706589 0.06293433 0.3749932 0.06293433 0.3749932 0.05158364 0.3560557 0.2938918 0.4706589 0.2938918 0.4706589 0.272052 0.4738984 0.05158364 0.3560557 0.05158364 0.3560557 0.04214382 0.3360968 0.272052 0.4738984 0.272052 0.4738984 0.261026 0.4744401 0.04214382 0.3360968 0.04214382 0.3360968 0.03470569 0.3153088 0.03470569 0.3153088 0.03470569 0.3153088 0.02934104 0.2938917 0.02934104 0.2938917 0.02934104 0.2938917 0.02610141 0.2720521 0.02610141 0.2720521 0.02610141 0.2720521 0.02501803 0.25 0.272052 0.4738984 0.2727881 0.4813713 0.261394 0.4819311 0.272052 0.4738984 0.2938918 0.4706589 0.2953568 0.4780237 0.3153088 0.4652943 0.3174886 0.47248 0.2953568 0.4780237 0.3153088 0.4652943 0.3360968 0.4578562 0.3389704 0.4647936 0.3360968 0.4578562 0.3560557 0.4484164 0.3595955 0.4550387 0.3560557 0.4484164 0.3749933 0.4370657 0.3791651 0.4433092 0.3749933 0.4370657 0.392727 0.4239134 0.3974906 0.4297179 0.4090862 0.4090862 0.4143959 0.4143959 0.3974906 0.4297179 0.4239134 0.392727 0.429718 0.3974907 0.4143959 0.4143959 0.4370657 0.3749933 0.4433091 0.3791651 0.429718 0.3974907 0.4370657 0.3749933 0.4484164 0.3560558 0.4550387 0.3595955 0.4578562 0.3360968 0.4647936 0.3389704 0.4550387 0.3595955 0.4652943 0.3153088 0.4724801 0.3174886 0.4647936 0.3389704 0.4652943 0.3153088 0.470659 0.2938918 0.4780237 0.2953568 0.4738985 0.2720521 0.4813715 0.2727881 0.4780237 0.2953568 0.4738985 0.2720521 0.4749819 0.25 0.482491 0.25 0.02501803 0.25 0.02610141 0.2720521 0.01862853 0.2727881 0.02610141 0.2720521 0.02934104 0.2938917 0.02197629 0.2953568 0.03470569 0.3153088 0.02752 0.3174886 0.02197629 0.2953568 0.03470569 0.3153088 0.04214382 0.3360968 0.03520637 0.3389704 0.04214382 0.3360968 0.05158364 0.3560557 0.04496127 0.3595953 0.05158364 0.3560557 0.06293433 0.3749932 0.05669081 0.3791651 0.06293433 0.3749932 0.07608658 0.392727 0.07028204 0.3974906 0.09091377 0.4090862 0.08560401 0.4143958 0.07028204 0.3974906 0.1072729 0.4239134 0.1025093 0.4297178 0.08560401 0.4143958 0.1250067 0.4370657 0.1208349 0.4433091 0.1025093 0.4297178 0.1250067 0.4370657 0.1439442 0.4484162 0.1404045 0.4550387 0.1639031 0.4578561 0.1610295 0.4647936 0.1404045 0.4550387 0.184691 0.4652941 0.1825114 0.4724799 0.1610295 0.4647936 0.184691 0.4652941 0.2061081 0.470659 0.2046432 0.4780236 0.2279478 0.4738984 0.2272118 0.4813713 0.2046432 0.4780236 0.2499999 0.4749818 0.2499999 0.482491 0.2386059 0.4819312 0.01750904 0.25 0.01750904 0.25 0.01862853 0.2727881 0.01862853 0.2727881 0.01862853 0.2727881 0.02197629 0.2953568 0.02197629 0.2953568 0.02197629 0.2953568 0.02752 0.3174886 0.02752 0.3174886 0.02752 0.3174886 0.03520637 0.3389704 0.2499999 0.482491 0.2499999 0.482491 0.261394 0.4819311 0.03520637 0.3389704 0.03520637 0.3389704 0.04496127 0.3595953 0.2727881 0.4813713 0.2727881 0.4813713 0.2953568 0.4780237 0.04496127 0.3595953 0.04496127 0.3595953 0.05669081 0.3791651 0.2953568 0.4780237 0.2953568 0.4780237 0.3174886 0.47248 0.05669081 0.3791651 0.05669081 0.3791651 0.07028204 0.3974906 0.3174886 0.47248 0.3174886 0.47248 0.3389704 0.4647936 0.07028204 0.3974906 0.07028204 0.3974906 0.08560401 0.4143958 0.3389704 0.4647936 0.3389704 0.4647936 0.3595955 0.4550387 0.08560401 0.4143958 0.08560401 0.4143958 0.1025093 0.4297178 0.3595955 0.4550387 0.3595955 0.4550387 0.3791651 0.4433092 0.1025093 0.4297178 0.1025093 0.4297178 0.1208349 0.4433091 0.3791651 0.4433092 0.3791651 0.4433092 0.3974906 0.4297179 0.1208349 0.4433091 0.1208349 0.4433091 0.1404045 0.4550387 0.3974906 0.4297179 0.3974906 0.4297179 0.4143959 0.4143959 0.1404045 0.4550387 0.1404045 0.4550387 0.1610295 0.4647936 0.4143959 0.4143959 0.4143959 0.4143959 0.429718 0.3974907 0.1610295 0.4647936 0.1610295 0.4647936 0.1825114 0.4724799 0.429718 0.3974907 0.429718 0.3974907 0.4433091 0.3791651 0.1825114 0.4724799 0.1825114 0.4724799 0.2046432 0.4780236 0.4433091 0.3791651 0.4433091 0.3791651 0.4550387 0.3595955 0.2046432 0.4780236 0.2046432 0.4780236 0.2272118 0.4813713 0.4550387 0.3595955 0.4550387 0.3595955 0.4647936 0.3389704 0.2272118 0.4813713 0.2272118 0.4813713 0.2386059 0.4819312 0.4647936 0.3389704 0.4647936 0.3389704 0.4724801 0.3174886 0.4724801 0.3174886 0.4724801 0.3174886 0.4780237 0.2953568 0.4780237 0.2953568 0.4780237 0.2953568 0.4813715 0.2727881 0.4813715 0.2727881 0.4813715 0.2727881 0.482491 0.25 0.4449458 0.25 0.4449458 0.25 0.444007 0.269108 0.272052 0.4738984 0.272052 0.4738984 0.2938918 0.4706589 0.444007 0.269108 0.444007 0.269108 0.4411998 0.2880319 0.4411998 0.2880319 0.4411998 0.2880319 0.4365515 0.3065898 0.2499999 0.4749818 0.2499999 0.4749818 0.261026 0.4744401 0.4365515 0.3065898 0.4365515 0.3065898 0.4301064 0.3246025 0.25 0.4449457 0.25 0.4449457 0.2499999 0.4749818 0.4301064 0.3246025 0.4301064 0.3246025 0.4219268 0.3418968 0.4219268 0.3418968 0.4219268 0.3418968 0.4120914 0.3583061 0.4120914 0.3583061 0.4120914 0.3583061 0.400695 0.3736723 0.400695 0.3736723 0.400695 0.3736723 0.3878475 0.3878474 0.3878475 0.3878474 0.3878475 0.3878474 0.3736723 0.4006951 0.3736723 0.4006951 0.3736723 0.4006951 0.3583061 0.4120914 0.3583061 0.4120914 0.3583061 0.4120914 0.3418967 0.4219267 0.3418967 0.4219267 0.3418967 0.4219267 0.3246025 0.4301064 0.3246025 0.4301064 0.3246025 0.4301064 0.3065898 0.4365514 0.05599296 0.269108 0.02610141 0.2720521 0.02501803 0.25 0.05599296 0.269108 0.0588001 0.288032 0.02934104 0.2938917 0.06344854 0.3065899 0.03470569 0.3153088 0.02934104 0.2938917 0.06344854 0.3065899 0.06989359 0.3246024 0.04214382 0.3360968 0.06989359 0.3246024 0.07807326 0.3418967 0.05158364 0.3560557 0.0879085 0.358306 0.06293433 0.3749932 0.05158364 0.3560557 0.0879085 0.358306 0.09930485 0.3736722 0.07608658 0.392727 0.09930485 0.3736722 0.1121525 0.3878474 0.09091377 0.4090862 0.1121525 0.3878474 0.1263277 0.4006951 0.1072729 0.4239134 0.1416939 0.4120915 0.1250067 0.4370657 0.1072729 0.4239134 0.1416939 0.4120915 0.1581031 0.4219265 0.1439442 0.4484162 0.1753975 0.4301064 0.1639031 0.4578561 0.1439442 0.4484162 0.1934102 0.4365515 0.184691 0.4652941 0.1639031 0.4578561 0.1934102 0.4365515 0.2119679 0.4411999 0.2061081 0.470659 0.230892 0.444007 0.2279478 0.4738984 0.2061081 0.470659 0.07807326 0.3418967 0.07807326 0.3418967 0.0879085 0.358306 0.2683719 0.4365341 0.2691079 0.4440072 0.259554 0.4444764 0.2683719 0.4365341 0.286567 0.433835 0.288032 0.4411998 0.30441 0.4293657 0.3065898 0.4365514 0.288032 0.4411998 0.30441 0.4293657 0.3217289 0.423169 0.3246025 0.4301064 0.3217289 0.423169 0.338357 0.4153044 0.3418967 0.4219267 0.3541343 0.4058479 0.3583061 0.4120914 0.3418967 0.4219267 0.3541343 0.4058479 0.3689086 0.3948906 0.3736723 0.4006951 0.3689086 0.3948906 0.3825378 0.3825377 0.3878475 0.3878474 0.3825378 0.3825377 0.3948905 0.3689086 0.400695 0.3736723 0.4058479 0.3541343 0.4120914 0.3583061 0.400695 0.3736723 0.4058479 0.3541343 0.4153044 0.338357 0.4219268 0.3418968 0.4231689 0.3217289 0.4301064 0.3246025 0.4219268 0.3418968 0.4231689 0.3217289 0.4293658 0.30441 0.4365515 0.3065898 0.4293658 0.30441 0.4338351 0.286567 0.4411998 0.2880319 0.4365341 0.2683719 0.444007 0.269108 0.4411998 0.2880319 0.4365341 0.2683719 0.4374367 0.25 0.4449458 0.25 0.1782711 0.4231689 0.1782711 0.4231689 0.1616429 0.4153043 0.240446 0.4444764 0.240446 0.4444764 0.2389739 0.4744401 0.06989359 0.3246024 0.06989359 0.3246024 0.07807326 0.3418967 0.1616429 0.4153043 0.1616429 0.4153043 0.1458657 0.4058479 0.06344854 0.3065899 0.06344854 0.3065899 0.06989359 0.3246024 0.1458657 0.4058479 0.1458657 0.4058479 0.1310914 0.3948906 0.2499999 0.4749818 0.2499999 0.4749818 0.25 0.4449457 0.25 0.4374366 0.25 0.4374366 0.240814 0.4369854 0.1310914 0.3948906 0.1310914 0.3948906 0.1174622 0.3825378 0.0588001 0.288032 0.0588001 0.288032 0.06344854 0.3065899 0.230892 0.444007 0.230892 0.444007 0.240446 0.4444764 0.05599296 0.269108 0.05599296 0.269108 0.0588001 0.288032 0.1174622 0.3825378 0.1174622 0.3825378 0.1051094 0.3689085 0.2119679 0.4411999 0.2119679 0.4411999 0.230892 0.444007 0.05505424 0.25 0.05505424 0.25 0.05599296 0.269108 0.25 0.4374366 0.259186 0.4369854 0.259554 0.4444764 0.3065898 0.4365514 0.3065898 0.4365514 0.288032 0.4411998 0.261394 0.4819312 0.261394 0.4819311 0.2727881 0.4813713 0.2499999 0.4749818 0.261026 0.4744401 0.261394 0.4819311 0.261026 0.4744401 0.261026 0.4744401 0.2499999 0.4749818 0.2499999 0.482491 0.261394 0.4819312 0.261762 0.4894222 1 1 0.9921875 1 0.9921875 0.5 0.1051094 0.3689085 0.1051094 0.3689085 0.09415209 0.3541342 0.230892 0.444007 0.240446 0.4444764 0.2389739 0.4744401 0.2386059 0.4819312 0.2499999 0.482491 0.7499999 0.4824909 0.2279478 0.4738984 0.2389739 0.4744401 0.2386059 0.4819312 0.2389739 0.4744401 0.2389739 0.4744401 0.2279478 0.4738984 0.2272118 0.4813713 0.2386059 0.4819312 0.2382379 0.4894222 0.015625 1 0.0078125 1 0.0078125 0.5 0.25 0.4449457 0.2499999 0.4749818 0.2389739 0.4744401 0.06346583 0.268372 0.05599296 0.269108 0.05505424 0.25 0.06346583 0.268372 0.06616485 0.286567 0.0588001 0.288032 0.07063424 0.3044101 0.06344854 0.3065899 0.0588001 0.288032 0.07063424 0.3044101 0.0768311 0.3217288 0.06989359 0.3246024 0.0768311 0.3217288 0.08469563 0.3383569 0.07807326 0.3418967 0.09415209 0.3541342 0.0879085 0.358306 0.07807326 0.3418967 0.09415209 0.3541342 0.1051094 0.3689085 0.09930485 0.3736722 0.1051094 0.3689085 0.1174622 0.3825378 0.1121525 0.3878474 0.1174622 0.3825378 0.1310914 0.3948906 0.1263277 0.4006951 0.1458657 0.4058479 0.1416939 0.4120915 0.1263277 0.4006951 0.1458657 0.4058479 0.1616429 0.4153043 0.1581031 0.4219265 0.1782711 0.4231689 0.1753975 0.4301064 0.1581031 0.4219265 0.1782711 0.4231689 0.19559 0.4293658 0.1934102 0.4365515 0.19559 0.4293658 0.2134329 0.433835 0.2119679 0.4411999 0.231628 0.4365341 0.230892 0.444007 0.2119679 0.4411999 0.25 0.4374366 0.25 0.4449457 0.240446 0.4444764 0.231628 0.4365341 0.240814 0.4369854 0.240446 0.4444764 0.19559 0.4293658 0.19559 0.4293658 0.1782711 0.4231689 0.0879085 0.358306 0.0879085 0.358306 0.09930485 0.3736722 0.2134329 0.433835 0.2134329 0.433835 0.19559 0.4293658 0.09930485 0.3736722 0.09930485 0.3736722 0.1121525 0.3878474 0.06346583 0.268372 0.06346583 0.268372 0.0625633 0.25 0.231628 0.4365341 0.231628 0.4365341 0.2134329 0.433835 0.1121525 0.3878474 0.1121525 0.3878474 0.1263277 0.4006951 0.06616485 0.286567 0.06616485 0.286567 0.06346583 0.268372 0.240814 0.4369854 0.240814 0.4369854 0.231628 0.4365341 0.1263277 0.4006951 0.1263277 0.4006951 0.1416939 0.4120915 0.07063424 0.3044101 0.07063424 0.3044101 0.06616485 0.286567 0.25 0.4449457 0.25 0.4449457 0.25 0.4374366 0.1416939 0.4120915 0.1416939 0.4120915 0.1581031 0.4219265 0.0768311 0.3217288 0.0768311 0.3217288 0.07063424 0.3044101 0.1581031 0.4219265 0.1581031 0.4219265 0.1753975 0.4301064 0.08469563 0.3383569 0.08469563 0.3383569 0.0768311 0.3217288 0.1753975 0.4301064 0.1753975 0.4301064 0.1934102 0.4365515 0.09415209 0.3541342 0.09415209 0.3541342 0.08469563 0.3383569 0.1934102 0.4365515 0.1934102 0.4365515 0.2119679 0.4411999 0.772788 0.4813713 0.7613942 0.4819313 0.761762 0.4894222 0.7953566 0.4780236 0.772788 0.4813713 0.7735241 0.4888443 0.8174884 0.4724799 0.7953566 0.4780236 0.7968217 0.4853885 0.8174884 0.4724799 0.8196683 0.4796657 0.841844 0.4717311 0.8595954 0.4550387 0.8389704 0.4647936 0.841844 0.4717311 0.8595954 0.4550387 0.8631352 0.4616611 0.8833369 0.4495527 0.8974907 0.4297178 0.879165 0.4433091 0.8833369 0.4495527 0.914396 0.4143958 0.8974907 0.4297178 0.9022544 0.4355225 0.9297181 0.3974906 0.914396 0.4143958 0.9197056 0.4197056 0.9433093 0.3791651 0.9297181 0.3974906 0.9355225 0.4022544 0.9433093 0.3791651 0.9495527 0.3833369 0.9616611 0.3631352 0.9647936 0.3389704 0.9550384 0.3595954 0.9616611 0.3631352 0.9724801 0.3174886 0.9647936 0.3389704 0.9717311 0.341844 0.9724801 0.3174886 0.9796657 0.3196683 0.9853885 0.2968217 0.9813713 0.2727881 0.9780235 0.2953568 0.9853885 0.2968217 0.9813713 0.2727881 0.9888443 0.2735241 0.99 0.25 0.5175091 0.25 0.51 0.25 0.5111557 0.2735241 0.5219763 0.2953567 0.5186285 0.2727881 0.5111557 0.2735241 0.52752 0.3174886 0.5219763 0.2953567 0.5146116 0.2968217 0.52752 0.3174886 0.5203343 0.3196683 0.5282689 0.341844 0.5449613 0.3595955 0.5352063 0.3389704 0.5282689 0.341844 0.5449613 0.3595955 0.5383389 0.3631352 0.5504473 0.3833369 0.5702822 0.3974907 0.5566908 0.3791651 0.5504473 0.3833369 0.5856042 0.4143959 0.5702822 0.3974907 0.5644775 0.4022544 0.6025093 0.4297179 0.5856042 0.4143959 0.5802944 0.4197056 0.620835 0.4433091 0.6025093 0.4297179 0.5977456 0.4355225 0.620835 0.4433091 0.6166632 0.4495527 0.6368648 0.4616611 0.6610296 0.4647936 0.6404046 0.4550387 0.6368648 0.4616611 0.6825115 0.47248 0.6610296 0.4647936 0.658156 0.4717311 0.6825115 0.47248 0.6803317 0.4796657 0.7031784 0.4853885 0.727212 0.4813715 0.7046433 0.4780237 0.7031784 0.4853885 0.2386059 0.4819312 0.7386062 0.4819313 0.738238 0.4894222 0.738238 0.4894222 0.0078125 1 0.2386059 0.4819312 0.7499999 0.4824909 0.75 0.49 0.761762 0.4894222 0.727212 0.4813715 0.7264759 0.4888443 0.738238 0.4894222 0.7389742 0.4744404 0.75 0.4749819 0.7610262 0.4744405 0.7610262 0.4744405 0.7720521 0.4738984 0.7938918 0.4706589 0.7938918 0.4706589 0.8153088 0.4652941 0.7610262 0.4744405 0.8153088 0.4652941 0.8360966 0.457856 0.7610262 0.4744405 0.8360966 0.457856 0.8560557 0.4484162 0.7610262 0.4744405 0.8560557 0.4484162 0.8749929 0.4370656 0.7610262 0.4744405 0.8749929 0.4370656 0.8927267 0.4239133 0.7610262 0.4744405 0.8927267 0.4239133 0.9090861 0.4090862 0.7610262 0.4744405 0.9090861 0.4090862 0.9239133 0.392727 0.7610262 0.4744405 0.9239133 0.392727 0.9370656 0.3749932 0.7610262 0.4744405 0.9370656 0.3749932 0.948416 0.3560557 0.9578562 0.3360968 0.9578562 0.3360968 0.9652941 0.3153088 0.9706584 0.2938917 0.9706584 0.2938917 0.9738982 0.2720521 0.974982 0.25 0.974982 0.25 0.9738983 0.2279478 0.9706585 0.2061082 0.9706585 0.2061082 0.9652941 0.1846911 0.9578559 0.1639031 0.9578559 0.1639031 0.9484162 0.1439443 0.9370654 0.1250067 0.9370654 0.1250067 0.9239136 0.107273 0.7610262 0.02555972 0.9239136 0.107273 0.9090861 0.09091371 0.7610262 0.02555972 0.9090861 0.09091371 0.8927268 0.07608664 0.7610262 0.02555972 0.8927268 0.07608664 0.8749932 0.06293433 0.7610262 0.02555972 0.8749932 0.06293433 0.8560558 0.0515837 0.7610262 0.02555972 0.8560558 0.0515837 0.8360968 0.04214382 0.7610262 0.02555972 0.8360968 0.04214382 0.8153085 0.03470569 0.7610262 0.02555972 0.8153085 0.03470569 0.7938917 0.02934104 0.7610262 0.02555972 0.7938917 0.02934104 0.7720521 0.02610141 0.7610262 0.02555972 0.7610262 0.02555972 0.7500002 0.02501809 0.738974 0.02555972 0.738974 0.02555972 0.7279479 0.02610141 0.7061082 0.02934104 0.7061082 0.02934104 0.684691 0.03470569 0.738974 0.02555972 0.684691 0.03470569 0.6639028 0.04214376 0.738974 0.02555972 0.6639028 0.04214376 0.6439441 0.0515837 0.738974 0.02555972 0.6439441 0.0515837 0.6250067 0.06293427 0.738974 0.02555972 0.6250067 0.06293427 0.6072729 0.07608658 0.738974 0.02555972 0.6072729 0.07608658 0.5909137 0.09091371 0.738974 0.02555972 0.5909137 0.09091371 0.5760866 0.1072729 0.738974 0.02555972 0.5760866 0.1072729 0.5629342 0.1250067 0.738974 0.02555972 0.5629342 0.1250067 0.5515837 0.1439442 0.5421436 0.1639031 0.5421436 0.1639031 0.5347057 0.1846912 0.5293412 0.2061081 0.5293412 0.2061081 0.5261014 0.2279479 0.525018 0.25 0.525018 0.25 0.5261014 0.2720521 0.5293408 0.2938917 0.5293408 0.2938917 0.5347055 0.3153087 0.5421438 0.3360968 0.5421438 0.3360968 0.5515837 0.3560557 0.5629343 0.3749933 0.5629343 0.3749933 0.5760868 0.3927271 0.7389742 0.4744404 0.5760868 0.3927271 0.5909139 0.4090862 0.7389742 0.4744404 0.5909139 0.4090862 0.6072731 0.4239134 0.7389742 0.4744404 0.6072731 0.4239134 0.6250067 0.4370656 0.7389742 0.4744404 0.6250067 0.4370656 0.6439443 0.4484163 0.7389742 0.4744404 0.6439443 0.4484163 0.6639032 0.4578561 0.7389742 0.4744404 0.6639032 0.4578561 0.6846913 0.4652943 0.7389742 0.4744404 0.6846913 0.4652943 0.7061082 0.4706589 0.7389742 0.4744404 0.7061082 0.4706589 0.727948 0.4738986 0.7389742 0.4744404 0.7389742 0.4744404 0.7610262 0.4744405 0.738974 0.02555972 0.9370656 0.3749932 0.9578562 0.3360968 0.7610262 0.4744405 0.9578562 0.3360968 0.9706584 0.2938917 0.7610262 0.4744405 0.9706584 0.2938917 0.974982 0.25 0.7610262 0.4744405 0.974982 0.25 0.9706585 0.2061082 0.7610262 0.02555972 0.9706585 0.2061082 0.9578559 0.1639031 0.7610262 0.02555972 0.9578559 0.1639031 0.9370654 0.1250067 0.7610262 0.02555972 0.7610262 0.02555972 0.738974 0.02555972 0.7610262 0.4744405 0.5629342 0.1250067 0.5421436 0.1639031 0.738974 0.02555972 0.5421436 0.1639031 0.5293412 0.2061081 0.738974 0.02555972 0.5293412 0.2061081 0.525018 0.25 0.738974 0.02555972 0.525018 0.25 0.5293408 0.2938917 0.7389742 0.4744404 0.5293408 0.2938917 0.5421438 0.3360968 0.7389742 0.4744404 0.5421438 0.3360968 0.5629343 0.3749933 0.7389742 0.4744404 0.974982 0.25 0.7610262 0.02555972 0.7610262 0.4744405 0.9824908 0.2499999 0.9824908 0.2499999 0.9813713 0.2727881 0.5186285 0.2727881 0.5186285 0.2727881 0.5175091 0.25 0.5219763 0.2953567 0.5219763 0.2953567 0.5186285 0.2727881 0.52752 0.3174886 0.52752 0.3174886 0.5219763 0.2953567 0.5352063 0.3389704 0.5352063 0.3389704 0.52752 0.3174886 0.5449613 0.3595955 0.5449613 0.3595955 0.5352063 0.3389704 0.772788 0.4813713 0.772788 0.4813713 0.7613942 0.4819313 0.5566908 0.3791651 0.5566908 0.3791651 0.5449613 0.3595955 0.7953566 0.4780236 0.7953566 0.4780236 0.772788 0.4813713 0.5702822 0.3974907 0.5702822 0.3974907 0.5566908 0.3791651 0.8174884 0.4724799 0.8174884 0.4724799 0.7953566 0.4780236 0.5856042 0.4143959 0.5856042 0.4143959 0.5702822 0.3974907 0.8389704 0.4647936 0.8389704 0.4647936 0.8174884 0.4724799 0.6025093 0.4297179 0.6025093 0.4297179 0.5856042 0.4143959 0.8595954 0.4550387 0.8595954 0.4550387 0.8389704 0.4647936 0.620835 0.4433091 0.620835 0.4433091 0.6025093 0.4297179 0.879165 0.4433091 0.879165 0.4433091 0.8595954 0.4550387 0.6404046 0.4550387 0.6404046 0.4550387 0.620835 0.4433091 0.8974907 0.4297178 0.8974907 0.4297178 0.879165 0.4433091 0.6610296 0.4647936 0.6610296 0.4647936 0.6404046 0.4550387 0.914396 0.4143958 0.914396 0.4143958 0.8974907 0.4297178 0.6825115 0.47248 0.6825115 0.47248 0.6610296 0.4647936 0.9297181 0.3974906 0.9297181 0.3974906 0.914396 0.4143958 0.7046433 0.4780237 0.7046433 0.4780237 0.6825115 0.47248 0.9433093 0.3791651 0.9433093 0.3791651 0.9297181 0.3974906 0.727212 0.4813715 0.727212 0.4813715 0.7046433 0.4780237 0.9550384 0.3595954 0.9550384 0.3595954 0.9433093 0.3791651 0.7499999 0.4824909 0.7499999 0.4824909 0.7386062 0.4819313 0.9647936 0.3389704 0.9647936 0.3389704 0.9550384 0.3595954 0.7613942 0.4819313 0.7613942 0.4819313 0.7499999 0.4824909 0.9724801 0.3174886 0.9724801 0.3174886 0.9647936 0.3389704 0.7386062 0.4819313 0.7386062 0.4819313 0.727212 0.4813715 0.9780235 0.2953568 0.9780235 0.2953568 0.9724801 0.3174886 0.9813713 0.2727881 0.9813713 0.2727881 0.9780235 0.2953568 0.2851021 0.4264703 0.267636 0.4290613 0.258818 0.4294945 0.258818 0.4294945 0.25 0.4299276 0.2411819 0.4294944 0.2411819 0.4294944 0.232364 0.4290612 0.2148978 0.4264704 0.2148978 0.4264704 0.1977697 0.42218 0.2411819 0.4294944 0.1977697 0.42218 0.1811447 0.4162315 0.2411819 0.4294944 0.1811447 0.4162315 0.1651826 0.408682 0.2411819 0.4294944 0.1651826 0.408682 0.1500374 0.3996044 0.2411819 0.4294944 0.1500374 0.3996044 0.135855 0.389086 0.2411819 0.4294944 0.135855 0.389086 0.1227719 0.3772282 0.2411819 0.4294944 0.1227719 0.3772282 0.110914 0.3641449 0.1003956 0.3499624 0.1003956 0.3499624 0.09131801 0.3348172 0.08376848 0.3188552 0.08376848 0.3188552 0.07781994 0.3022303 0.0735296 0.2851021 0.0735296 0.2851021 0.07093876 0.267636 0.07007235 0.25 0.07007235 0.25 0.07093876 0.2323639 0.0735296 0.2148978 0.0735296 0.2148978 0.07781994 0.1977697 0.08376854 0.1811447 0.08376854 0.1811447 0.09131807 0.1651826 0.1003956 0.1500375 0.1003956 0.1500375 0.110914 0.1358551 0.122772 0.1227719 0.122772 0.1227719 0.1358551 0.1109141 0.241182 0.07050555 0.1358551 0.1109141 0.1500375 0.1003956 0.241182 0.07050555 0.1500375 0.1003956 0.1651827 0.09131801 0.241182 0.07050555 0.1651827 0.09131801 0.1811448 0.08376854 0.241182 0.07050555 0.1811448 0.08376854 0.1977697 0.07781994 0.241182 0.07050555 0.1977697 0.07781994 0.2148978 0.0735296 0.241182 0.07050555 0.2148978 0.0735296 0.2323639 0.07093876 0.241182 0.07050555 0.241182 0.07050555 0.2499999 0.07007235 0.2588179 0.07050549 0.2588179 0.07050549 0.2676359 0.0709387 0.2851021 0.0735296 0.2851021 0.0735296 0.3022301 0.07781988 0.2588179 0.07050549 0.3022301 0.07781988 0.3188553 0.08376848 0.2588179 0.07050549 0.3188553 0.08376848 0.3348173 0.09131801 0.2588179 0.07050549 0.3348173 0.09131801 0.3499624 0.1003956 0.2588179 0.07050549 0.3499624 0.1003956 0.3641448 0.110914 0.2588179 0.07050549 0.3641448 0.110914 0.377228 0.1227719 0.2588179 0.07050549 0.377228 0.1227719 0.3890859 0.1358551 0.3996043 0.1500375 0.3996043 0.1500375 0.4086819 0.1651827 0.4162313 0.1811447 0.4162313 0.1811447 0.4221799 0.1977697 0.4264703 0.2148979 0.4264703 0.2148979 0.4290611 0.2323639 0.4299276 0.25 0.4299276 0.25 0.4290612 0.2676359 0.4264703 0.2851021 0.4264703 0.2851021 0.42218 0.3022303 0.4162315 0.3188553 0.4162315 0.3188553 0.408682 0.3348174 0.3996044 0.3499625 0.3996044 0.3499625 0.389086 0.3641449 0.3772281 0.3772281 0.3772281 0.3772281 0.3641449 0.389086 0.258818 0.4294945 0.3641449 0.389086 0.3499625 0.3996043 0.258818 0.4294945 0.3499625 0.3996043 0.3348174 0.408682 0.258818 0.4294945 0.3348174 0.408682 0.3188553 0.4162315 0.258818 0.4294945 0.3188553 0.4162315 0.3022302 0.4221799 0.258818 0.4294945 0.3022302 0.4221799 0.2851021 0.4264703 0.258818 0.4294945 0.258818 0.4294945 0.2411819 0.4294944 0.2588179 0.07050549 0.1227719 0.3772282 0.1003956 0.3499624 0.2411819 0.4294944 0.1003956 0.3499624 0.08376848 0.3188552 0.2411819 0.4294944 0.08376848 0.3188552 0.0735296 0.2851021 0.2411819 0.4294944 0.0735296 0.2851021 0.07007235 0.25 0.2411819 0.4294944 0.07007235 0.25 0.0735296 0.2148978 0.241182 0.07050555 0.0735296 0.2148978 0.08376854 0.1811447 0.241182 0.07050555 0.08376854 0.1811447 0.1003956 0.1500375 0.241182 0.07050555 0.1003956 0.1500375 0.122772 0.1227719 0.241182 0.07050555 0.241182 0.07050555 0.2588179 0.07050549 0.2411819 0.4294944 0.241182 0.07050555 0.2411819 0.4294944 0.07007235 0.25 0.377228 0.1227719 0.3996043 0.1500375 0.2588179 0.07050549 0.3996043 0.1500375 0.4162313 0.1811447 0.2588179 0.07050549 0.4162313 0.1811447 0.4264703 0.2148979 0.2588179 0.07050549 0.4264703 0.2148979 0.4299276 0.25 0.2588179 0.07050549 0.4299276 0.25 0.4264703 0.2851021 0.258818 0.4294945 0.2588179 0.07050549 0.4299276 0.25 0.258818 0.4294945 0.4264703 0.2851021 0.4162315 0.3188553 0.258818 0.4294945 0.4162315 0.3188553 0.3996044 0.3499625 0.258818 0.4294945 0.4231689 0.3217289 0.4231689 0.3217289 0.4293658 0.30441 0.4338351 0.286567 0.4293658 0.30441 0.4293658 0.30441 0.4365341 0.2683719 0.4338351 0.286567 0.4338351 0.286567 0.4374367 0.25 0.4365341 0.2683719 0.4365341 0.2683719 0.240814 0.4369854 0.240814 0.4369854 0.25 0.4374366 0.06346583 0.268372 0.0625633 0.25 0.0625633 0.25 0.06616485 0.286567 0.06346583 0.268372 0.06346583 0.268372 0.07063424 0.3044101 0.06616485 0.286567 0.06616485 0.286567 0.0768311 0.3217288 0.07063424 0.3044101 0.07063424 0.3044101 0.08469563 0.3383569 0.0768311 0.3217288 0.0768311 0.3217288 0.25 0.4374366 0.25 0.4374366 0.259186 0.4369854 0.09415209 0.3541342 0.08469563 0.3383569 0.08469563 0.3383569 0.286567 0.433835 0.2683719 0.4365341 0.2683719 0.4365341 0.1051094 0.3689085 0.09415209 0.3541342 0.09415209 0.3541342 0.30441 0.4293657 0.286567 0.433835 0.286567 0.433835 0.1174622 0.3825378 0.1051094 0.3689085 0.1051094 0.3689085 0.3217289 0.423169 0.30441 0.4293657 0.30441 0.4293657 0.1310914 0.3948906 0.1174622 0.3825378 0.1174622 0.3825378 0.259186 0.4369854 0.259186 0.4369854 0.2683719 0.4365341 0.338357 0.4153044 0.3217289 0.423169 0.3217289 0.423169 0.1458657 0.4058479 0.1310914 0.3948906 0.1310914 0.3948906 0.3541343 0.4058479 0.338357 0.4153044 0.338357 0.4153044 0.1616429 0.4153043 0.1458657 0.4058479 0.1458657 0.4058479 0.3689086 0.3948906 0.3541343 0.4058479 0.3541343 0.4058479 0.1782711 0.4231689 0.1616429 0.4153043 0.1616429 0.4153043 0.3825378 0.3825377 0.3689086 0.3948906 0.3689086 0.3948906 0.19559 0.4293658 0.1782711 0.4231689 0.1782711 0.4231689 0.3948905 0.3689086 0.3825378 0.3825377 0.3825378 0.3825377 0.2134329 0.433835 0.19559 0.4293658 0.19559 0.4293658 0.4058479 0.3541343 0.3948905 0.3689086 0.3948905 0.3689086 0.231628 0.4365341 0.2134329 0.433835 0.2134329 0.433835 0.4153044 0.338357 0.4058479 0.3541343 0.4058479 0.3541343 0.240814 0.4369854 0.231628 0.4365341 0.231628 0.4365341 0.4153044 0.338357 0.4153044 0.338357 0.4231689 0.3217289 0.2691079 0.4440072 0.272052 0.4738984 0.261026 0.4744401 0.2691079 0.4440072 0.288032 0.4411998 0.2938918 0.4706589 0.3065898 0.4365514 0.3153088 0.4652943 0.2938918 0.4706589 0.3065898 0.4365514 0.3246025 0.4301064 0.3360968 0.4578562 0.3246025 0.4301064 0.3418967 0.4219267 0.3560557 0.4484164 0.3583061 0.4120914 0.3749933 0.4370657 0.3560557 0.4484164 0.3583061 0.4120914 0.3736723 0.4006951 0.392727 0.4239134 0.3736723 0.4006951 0.3878475 0.3878474 0.4090862 0.4090862 0.3878475 0.3878474 0.400695 0.3736723 0.4239134 0.392727 0.4120914 0.3583061 0.4370657 0.3749933 0.4239134 0.392727 0.4120914 0.3583061 0.4219268 0.3418968 0.4484164 0.3560558 0.4301064 0.3246025 0.4578562 0.3360968 0.4484164 0.3560558 0.4365515 0.3065898 0.4652943 0.3153088 0.4578562 0.3360968 0.4365515 0.3065898 0.4411998 0.2880319 0.470659 0.2938918 0.444007 0.269108 0.4738985 0.2720521 0.470659 0.2938918 0.444007 0.269108 0.4449458 0.25 0.4749819 0.25 0.25 0.4449457 0.259554 0.4444764 0.261026 0.4744401 0.2938918 0.4706589 0.2938918 0.4706589 0.3153088 0.4652943 0.3153088 0.4652943 0.3153088 0.4652943 0.3360968 0.4578562 0.3360968 0.4578562 0.3360968 0.4578562 0.3560557 0.4484164 0.3560557 0.4484164 0.3560557 0.4484164 0.3749933 0.4370657 0.3749933 0.4370657 0.3749933 0.4370657 0.392727 0.4239134 0.392727 0.4239134 0.392727 0.4239134 0.4090862 0.4090862 0.4090862 0.4090862 0.4090862 0.4090862 0.4239134 0.392727 0.4239134 0.392727 0.4239134 0.392727 0.4370657 0.3749933 0.4370657 0.3749933 0.4370657 0.3749933 0.4484164 0.3560558 0.261026 0.4744401 0.261026 0.4744401 0.272052 0.4738984 0.4484164 0.3560558 0.4484164 0.3560558 0.4578562 0.3360968 0.4578562 0.3360968 0.4578562 0.3360968 0.4652943 0.3153088 0.4652943 0.3153088 0.4652943 0.3153088 0.470659 0.2938918 0.2691079 0.4440072 0.2691079 0.4440072 0.259554 0.4444764 0.259554 0.4444764 0.259554 0.4444764 0.25 0.4449457 0.470659 0.2938918 0.470659 0.2938918 0.4738985 0.2720521 0.288032 0.4411998 0.288032 0.4411998 0.2691079 0.4440072 0.4738985 0.2720521 0.4738985 0.2720521 0.4749819 0.25 0.984375 0.5 0.984375 1 0.9921875 1 0.96875 0.5 0.96875 1 0.984375 1 0.953125 0.5 0.953125 1 0.96875 1 0.9375 0.5 0.9375 1 0.953125 1 0.921875 0.5 0.921875 1 0.9375 1 0.90625 0.5 0.90625 1 0.921875 1 0.890625 0.5 0.890625 1 0.90625 1 0.875 0.5 0.875 1 0.890625 1 0.859375 0.5 0.859375 1 0.875 1 0.84375 0.5 0.84375 1 0.859375 1 0.828125 0.5 0.828125 1 0.84375 1 0.8125 0.5 0.8125 1 0.828125 1 0.796875 0.5 0.796875 1 0.8125 1 0.78125 0.5 0.78125 1 0.796875 1 0.765625 0.5 0.765625 1 0.78125 1 0.75 0.5 0.75 1 0.765625 1 0.234375 0.5 0.234375 1 0.25 1 0.21875 0.5 0.21875 1 0.234375 1 0.203125 0.5 0.203125 1 0.21875 1 0.1875 0.5 0.1875 1 0.203125 1 0.171875 0.5 0.171875 1 0.1875 1 0.15625 0.5 0.15625 1 0.171875 1 0.140625 0.5 0.140625 1 0.15625 1 0.125 0.5 0.125 1 0.140625 1 0.109375 0.5 0.109375 1 0.125 1 0.09375 0.5 0.09375 1 0.109375 1 0.078125 0.5 0.078125 1 0.09375 1 0.0625 0.5 0.0625 1 0.078125 1 0.046875 0.5 0.046875 1 0.0625 1 0.03125 0.5 0.03125 1 0.046875 1 0.015625 0.5 0.015625 1 0.03125 1 0.261762 0.4894222 0.2735241 0.4888443 0.2727881 0.4813713 0.2735241 0.4888443 0.2968217 0.4853885 0.2953568 0.4780237 0.2968217 0.4853885 0.3196683 0.4796657 0.3174886 0.47248 0.3174886 0.47248 0.3196683 0.4796657 0.341844 0.4717311 0.341844 0.4717311 0.3631352 0.4616611 0.3595955 0.4550387 0.3631352 0.4616611 0.3833369 0.4495527 0.3791651 0.4433092 0.3833369 0.4495527 0.4022544 0.4355225 0.3974906 0.4297179 0.4022544 0.4355225 0.4197056 0.4197056 0.4143959 0.4143959 0.4197056 0.4197056 0.4355225 0.4022544 0.429718 0.3974907 0.4355225 0.4022544 0.4495527 0.3833369 0.4433091 0.3791651 0.4495527 0.3833369 0.4616611 0.3631352 0.4550387 0.3595955 0.4616611 0.3631352 0.4717311 0.341844 0.4647936 0.3389704 0.4717311 0.341844 0.4796657 0.3196683 0.4724801 0.3174886 0.4724801 0.3174886 0.4796657 0.3196683 0.4853885 0.2968217 0.4853885 0.2968217 0.4888443 0.2735241 0.4813715 0.2727881 0.4813715 0.2727881 0.4888443 0.2735241 0.49 0.25 0.01750904 0.25 0.00999999 0.25 0.01115566 0.2735241 0.01115566 0.2735241 0.01461154 0.2968217 0.02197629 0.2953568 0.01461154 0.2968217 0.0203343 0.3196683 0.02752 0.3174886 0.02752 0.3174886 0.0203343 0.3196683 0.02826893 0.341844 0.02826893 0.341844 0.03833889 0.3631352 0.04496127 0.3595953 0.03833889 0.3631352 0.05044728 0.3833369 0.05669081 0.3791651 0.05044728 0.3833369 0.0644775 0.4022544 0.07028204 0.3974906 0.0644775 0.4022544 0.08029437 0.4197056 0.08560401 0.4143958 0.08029437 0.4197056 0.09774559 0.4355225 0.1025093 0.4297178 0.09774559 0.4355225 0.1166631 0.4495527 0.1208349 0.4433091 0.1166631 0.4495527 0.1368647 0.4616611 0.1404045 0.4550387 0.1368647 0.4616611 0.1581559 0.4717311 0.1610295 0.4647936 0.1581559 0.4717311 0.1803317 0.4796657 0.1825114 0.4724799 0.1825114 0.4724799 0.1803317 0.4796657 0.2031783 0.4853885 0.2031783 0.4853885 0.2264758 0.4888443 0.2272118 0.4813713 0.7499999 0.4824909 0.75 0.49 0.2499999 0.482491 0.75 0.49 0.25 0.49 0.2499999 0.482491 0.4738985 0.2720521 0.4749819 0.25 0.4749819 0.25 0.470659 0.2938918 0.4738985 0.2720521 0.4738985 0.2720521 0.4652943 0.3153088 0.470659 0.2938918 0.470659 0.2938918 0.4578562 0.3360968 0.4652943 0.3153088 0.4652943 0.3153088 0.4484164 0.3560558 0.4578562 0.3360968 0.4578562 0.3360968 0.2061081 0.470659 0.2279478 0.4738984 0.2279478 0.4738984 0.4370657 0.3749933 0.4484164 0.3560558 0.4484164 0.3560558 0.184691 0.4652941 0.2061081 0.470659 0.2061081 0.470659 0.4239134 0.392727 0.4370657 0.3749933 0.4370657 0.3749933 0.1639031 0.4578561 0.184691 0.4652941 0.184691 0.4652941 0.4090862 0.4090862 0.4239134 0.392727 0.4239134 0.392727 0.1439442 0.4484162 0.1639031 0.4578561 0.1639031 0.4578561 0.392727 0.4239134 0.4090862 0.4090862 0.4090862 0.4090862 0.1250067 0.4370657 0.1439442 0.4484162 0.1439442 0.4484162 0.3749933 0.4370657 0.392727 0.4239134 0.392727 0.4239134 0.1072729 0.4239134 0.1250067 0.4370657 0.1250067 0.4370657 0.3560557 0.4484164 0.3749933 0.4370657 0.3749933 0.4370657 0.09091377 0.4090862 0.1072729 0.4239134 0.1072729 0.4239134 0.3360968 0.4578562 0.3560557 0.4484164 0.3560557 0.4484164 0.07608658 0.392727 0.09091377 0.4090862 0.09091377 0.4090862 0.3153088 0.4652943 0.3360968 0.4578562 0.3360968 0.4578562 0.06293433 0.3749932 0.07608658 0.392727 0.07608658 0.392727 0.2938918 0.4706589 0.3153088 0.4652943 0.3153088 0.4652943 0.05158364 0.3560557 0.06293433 0.3749932 0.06293433 0.3749932 0.272052 0.4738984 0.2938918 0.4706589 0.2938918 0.4706589 0.04214382 0.3360968 0.05158364 0.3560557 0.05158364 0.3560557 0.261026 0.4744401 0.272052 0.4738984 0.272052 0.4738984 0.03470569 0.3153088 0.04214382 0.3360968 0.04214382 0.3360968 0.02934104 0.2938917 0.03470569 0.3153088 0.03470569 0.3153088 0.02610141 0.2720521 0.02934104 0.2938917 0.02934104 0.2938917 0.02501803 0.25 0.02610141 0.2720521 0.02610141 0.2720521 0.261394 0.4819311 0.2727881 0.4813713 0.272052 0.4738984 0.272052 0.4738984 0.2727881 0.4813713 0.2953568 0.4780237 0.2953568 0.4780237 0.3174886 0.47248 0.3153088 0.4652943 0.3153088 0.4652943 0.3174886 0.47248 0.3389704 0.4647936 0.3360968 0.4578562 0.3389704 0.4647936 0.3595955 0.4550387 0.3560557 0.4484164 0.3595955 0.4550387 0.3791651 0.4433092 0.3749933 0.4370657 0.3791651 0.4433092 0.3974906 0.4297179 0.3974906 0.4297179 0.4143959 0.4143959 0.4090862 0.4090862 0.4143959 0.4143959 0.429718 0.3974907 0.4239134 0.392727 0.429718 0.3974907 0.4433091 0.3791651 0.4370657 0.3749933 0.4370657 0.3749933 0.4433091 0.3791651 0.4550387 0.3595955 0.4550387 0.3595955 0.4647936 0.3389704 0.4578562 0.3360968 0.4647936 0.3389704 0.4724801 0.3174886 0.4652943 0.3153088 0.4652943 0.3153088 0.4724801 0.3174886 0.4780237 0.2953568 0.4780237 0.2953568 0.4813715 0.2727881 0.4738985 0.2720521 0.4738985 0.2720521 0.4813715 0.2727881 0.482491 0.25 0.02501803 0.25 0.01750904 0.25 0.01862853 0.2727881 0.02610141 0.2720521 0.01862853 0.2727881 0.02197629 0.2953568 0.02197629 0.2953568 0.02752 0.3174886 0.03470569 0.3153088 0.03470569 0.3153088 0.02752 0.3174886 0.03520637 0.3389704 0.04214382 0.3360968 0.03520637 0.3389704 0.04496127 0.3595953 0.05158364 0.3560557 0.04496127 0.3595953 0.05669081 0.3791651 0.06293433 0.3749932 0.05669081 0.3791651 0.07028204 0.3974906 0.07028204 0.3974906 0.08560401 0.4143958 0.09091377 0.4090862 0.08560401 0.4143958 0.1025093 0.4297178 0.1072729 0.4239134 0.1025093 0.4297178 0.1208349 0.4433091 0.1250067 0.4370657 0.1250067 0.4370657 0.1208349 0.4433091 0.1404045 0.4550387 0.1404045 0.4550387 0.1610295 0.4647936 0.1639031 0.4578561 0.1610295 0.4647936 0.1825114 0.4724799 0.184691 0.4652941 0.184691 0.4652941 0.1825114 0.4724799 0.2046432 0.4780236 0.2046432 0.4780236 0.2272118 0.4813713 0.2279478 0.4738984 0.2386059 0.4819312 0.2499999 0.482491 0.2499999 0.4749818 0.01862853 0.2727881 0.01750904 0.25 0.01750904 0.25 0.02197629 0.2953568 0.01862853 0.2727881 0.01862853 0.2727881 0.02752 0.3174886 0.02197629 0.2953568 0.02197629 0.2953568 0.03520637 0.3389704 0.02752 0.3174886 0.02752 0.3174886 0.261394 0.4819311 0.2499999 0.482491 0.2499999 0.482491 0.04496127 0.3595953 0.03520637 0.3389704 0.03520637 0.3389704 0.2953568 0.4780237 0.2727881 0.4813713 0.2727881 0.4813713 0.05669081 0.3791651 0.04496127 0.3595953 0.04496127 0.3595953 0.3174886 0.47248 0.2953568 0.4780237 0.2953568 0.4780237 0.07028204 0.3974906 0.05669081 0.3791651 0.05669081 0.3791651 0.3389704 0.4647936 0.3174886 0.47248 0.3174886 0.47248 0.08560401 0.4143958 0.07028204 0.3974906 0.07028204 0.3974906 0.3595955 0.4550387 0.3389704 0.4647936 0.3389704 0.4647936 0.1025093 0.4297178 0.08560401 0.4143958 0.08560401 0.4143958 0.3791651 0.4433092 0.3595955 0.4550387 0.3595955 0.4550387 0.1208349 0.4433091 0.1025093 0.4297178 0.1025093 0.4297178 0.3974906 0.4297179 0.3791651 0.4433092 0.3791651 0.4433092 0.1404045 0.4550387 0.1208349 0.4433091 0.1208349 0.4433091 0.4143959 0.4143959 0.3974906 0.4297179 0.3974906 0.4297179 0.1610295 0.4647936 0.1404045 0.4550387 0.1404045 0.4550387 0.429718 0.3974907 0.4143959 0.4143959 0.4143959 0.4143959 0.1825114 0.4724799 0.1610295 0.4647936 0.1610295 0.4647936 0.4433091 0.3791651 0.429718 0.3974907 0.429718 0.3974907 0.2046432 0.4780236 0.1825114 0.4724799 0.1825114 0.4724799 0.4550387 0.3595955 0.4433091 0.3791651 0.4433091 0.3791651 0.2272118 0.4813713 0.2046432 0.4780236 0.2046432 0.4780236 0.4647936 0.3389704 0.4550387 0.3595955 0.4550387 0.3595955 0.2386059 0.4819312 0.2272118 0.4813713 0.2272118 0.4813713 0.4724801 0.3174886 0.4647936 0.3389704 0.4647936 0.3389704 0.4780237 0.2953568 0.4724801 0.3174886 0.4724801 0.3174886 0.4813715 0.2727881 0.4780237 0.2953568 0.4780237 0.2953568 0.482491 0.25 0.4813715 0.2727881 0.4813715 0.2727881 0.444007 0.269108 0.4449458 0.25 0.4449458 0.25 0.2938918 0.4706589 0.272052 0.4738984 0.272052 0.4738984 0.4411998 0.2880319 0.444007 0.269108 0.444007 0.269108 0.4365515 0.3065898 0.4411998 0.2880319 0.4411998 0.2880319 0.261026 0.4744401 0.2499999 0.4749818 0.2499999 0.4749818 0.4301064 0.3246025 0.4365515 0.3065898 0.4365515 0.3065898 0.2499999 0.4749818 0.25 0.4449457 0.25 0.4449457 0.4219268 0.3418968 0.4301064 0.3246025 0.4301064 0.3246025 0.4120914 0.3583061 0.4219268 0.3418968 0.4219268 0.3418968 0.400695 0.3736723 0.4120914 0.3583061 0.4120914 0.3583061 0.3878475 0.3878474 0.400695 0.3736723 0.400695 0.3736723 0.3736723 0.4006951 0.3878475 0.3878474 0.3878475 0.3878474 0.3583061 0.4120914 0.3736723 0.4006951 0.3736723 0.4006951 0.3418967 0.4219267 0.3583061 0.4120914 0.3583061 0.4120914 0.3246025 0.4301064 0.3418967 0.4219267 0.3418967 0.4219267 0.3065898 0.4365514 0.3246025 0.4301064 0.3246025 0.4301064 0.02501803 0.25 0.02610141 0.2720521 0.05599296 0.269108 0.05599296 0.269108 0.02610141 0.2720521 0.02934104 0.2938917 0.02934104 0.2938917 0.03470569 0.3153088 0.06344854 0.3065899 0.06344854 0.3065899 0.03470569 0.3153088 0.04214382 0.3360968 0.06989359 0.3246024 0.04214382 0.3360968 0.05158364 0.3560557 0.05158364 0.3560557 0.06293433 0.3749932 0.0879085 0.358306 0.0879085 0.358306 0.06293433 0.3749932 0.07608658 0.392727 0.09930485 0.3736722 0.07608658 0.392727 0.09091377 0.4090862 0.1121525 0.3878474 0.09091377 0.4090862 0.1072729 0.4239134 0.1072729 0.4239134 0.1250067 0.4370657 0.1416939 0.4120915 0.1416939 0.4120915 0.1250067 0.4370657 0.1439442 0.4484162 0.1439442 0.4484162 0.1639031 0.4578561 0.1753975 0.4301064 0.1639031 0.4578561 0.184691 0.4652941 0.1934102 0.4365515 0.1934102 0.4365515 0.184691 0.4652941 0.2061081 0.470659 0.2061081 0.470659 0.2279478 0.4738984 0.230892 0.444007 0.0879085 0.358306 0.07807326 0.3418967 0.07807326 0.3418967 0.259554 0.4444764 0.2691079 0.4440072 0.2683719 0.4365341 0.2683719 0.4365341 0.2691079 0.4440072 0.288032 0.4411998 0.288032 0.4411998 0.3065898 0.4365514 0.30441 0.4293657 0.30441 0.4293657 0.3065898 0.4365514 0.3246025 0.4301064 0.3217289 0.423169 0.3246025 0.4301064 0.3418967 0.4219267 0.3418967 0.4219267 0.3583061 0.4120914 0.3541343 0.4058479 0.3541343 0.4058479 0.3583061 0.4120914 0.3736723 0.4006951 0.3689086 0.3948906 0.3736723 0.4006951 0.3878475 0.3878474 0.3825378 0.3825377 0.3878475 0.3878474 0.400695 0.3736723 0.400695 0.3736723 0.4120914 0.3583061 0.4058479 0.3541343 0.4058479 0.3541343 0.4120914 0.3583061 0.4219268 0.3418968 0.4219268 0.3418968 0.4301064 0.3246025 0.4231689 0.3217289 0.4231689 0.3217289 0.4301064 0.3246025 0.4365515 0.3065898 0.4293658 0.30441 0.4365515 0.3065898 0.4411998 0.2880319 0.4411998 0.2880319 0.444007 0.269108 0.4365341 0.2683719 0.4365341 0.2683719 0.444007 0.269108 0.4449458 0.25 0.1616429 0.4153043 0.1782711 0.4231689 0.1782711 0.4231689 0.2389739 0.4744401 0.240446 0.4444764 0.240446 0.4444764 0.07807326 0.3418967 0.06989359 0.3246024 0.06989359 0.3246024 0.1458657 0.4058479 0.1616429 0.4153043 0.1616429 0.4153043 0.06989359 0.3246024 0.06344854 0.3065899 0.06344854 0.3065899 0.1310914 0.3948906 0.1458657 0.4058479 0.1458657 0.4058479 0.25 0.4449457 0.2499999 0.4749818 0.2499999 0.4749818 0.240814 0.4369854 0.25 0.4374366 0.25 0.4374366 0.1174622 0.3825378 0.1310914 0.3948906 0.1310914 0.3948906 0.06344854 0.3065899 0.0588001 0.288032 0.0588001 0.288032 0.240446 0.4444764 0.230892 0.444007 0.230892 0.444007 0.0588001 0.288032 0.05599296 0.269108 0.05599296 0.269108 0.1051094 0.3689085 0.1174622 0.3825378 0.1174622 0.3825378 0.230892 0.444007 0.2119679 0.4411999 0.2119679 0.4411999 0.05599296 0.269108 0.05505424 0.25 0.05505424 0.25 0.25 0.4374366 0.25 0.4449457 0.259554 0.4444764 0.288032 0.4411998 0.3065898 0.4365514 0.3065898 0.4365514 0.2727881 0.4813713 0.261394 0.4819311 0.261394 0.4819312 0.2499999 0.4749818 0.2499999 0.482491 0.261394 0.4819311 0.2499999 0.4749818 0.261026 0.4744401 0.261026 0.4744401 0.2499999 0.482491 0.25 0.49 0.261762 0.4894222 0.9921875 0.5 0.9921875 1 1 1 0.09415209 0.3541342 0.1051094 0.3689085 0.1051094 0.3689085 0.230892 0.444007 0.2279478 0.4738984 0.2389739 0.4744401 0.7499999 0.4824909 0.2499999 0.482491 0.2386059 0.4819312 0.2279478 0.4738984 0.2272118 0.4813713 0.2386059 0.4819312 0.2279478 0.4738984 0.2389739 0.4744401 0.2389739 0.4744401 0.2272118 0.4813713 0.2264758 0.4888443 0.2382379 0.4894222 0.0078125 0.5 0.0078125 1 0.015625 1 0.2389739 0.4744401 0.2499999 0.4749818 0.25 0.4449457 0.05505424 0.25 0.05599296 0.269108 0.06346583 0.268372 0.06346583 0.268372 0.05599296 0.269108 0.0588001 0.288032 0.0588001 0.288032 0.06344854 0.3065899 0.07063424 0.3044101 0.07063424 0.3044101 0.06344854 0.3065899 0.06989359 0.3246024 0.0768311 0.3217288 0.06989359 0.3246024 0.07807326 0.3418967 0.07807326 0.3418967 0.0879085 0.358306 0.09415209 0.3541342 0.09415209 0.3541342 0.0879085 0.358306 0.09930485 0.3736722 0.1051094 0.3689085 0.09930485 0.3736722 0.1121525 0.3878474 0.1174622 0.3825378 0.1121525 0.3878474 0.1263277 0.4006951 0.1263277 0.4006951 0.1416939 0.4120915 0.1458657 0.4058479 0.1458657 0.4058479 0.1416939 0.4120915 0.1581031 0.4219265 0.1581031 0.4219265 0.1753975 0.4301064 0.1782711 0.4231689 0.1782711 0.4231689 0.1753975 0.4301064 0.1934102 0.4365515 0.19559 0.4293658 0.1934102 0.4365515 0.2119679 0.4411999 0.2119679 0.4411999 0.230892 0.444007 0.231628 0.4365341 0.240446 0.4444764 0.25 0.4449457 0.25 0.4374366 0.231628 0.4365341 0.230892 0.444007 0.240446 0.4444764 0.1782711 0.4231689 0.19559 0.4293658 0.19559 0.4293658 0.09930485 0.3736722 0.0879085 0.358306 0.0879085 0.358306 0.19559 0.4293658 0.2134329 0.433835 0.2134329 0.433835 0.1121525 0.3878474 0.09930485 0.3736722 0.09930485 0.3736722 0.0625633 0.25 0.06346583 0.268372 0.06346583 0.268372 0.2134329 0.433835 0.231628 0.4365341 0.231628 0.4365341 0.1263277 0.4006951 0.1121525 0.3878474 0.1121525 0.3878474 0.06346583 0.268372 0.06616485 0.286567 0.06616485 0.286567 0.231628 0.4365341 0.240814 0.4369854 0.240814 0.4369854 0.1416939 0.4120915 0.1263277 0.4006951 0.1263277 0.4006951 0.06616485 0.286567 0.07063424 0.3044101 0.07063424 0.3044101 0.25 0.4374366 0.25 0.4449457 0.25 0.4449457 0.1581031 0.4219265 0.1416939 0.4120915 0.1416939 0.4120915 0.07063424 0.3044101 0.0768311 0.3217288 0.0768311 0.3217288 0.1753975 0.4301064 0.1581031 0.4219265 0.1581031 0.4219265 0.0768311 0.3217288 0.08469563 0.3383569 0.08469563 0.3383569 0.1934102 0.4365515 0.1753975 0.4301064 0.1753975 0.4301064 0.08469563 0.3383569 0.09415209 0.3541342 0.09415209 0.3541342 0.2119679 0.4411999 0.1934102 0.4365515 0.1934102 0.4365515 0.772788 0.4813713 0.7735241 0.4888443 0.761762 0.4894222 0.7953566 0.4780236 0.7968217 0.4853885 0.7735241 0.4888443 0.8174884 0.4724799 0.8196683 0.4796657 0.7968217 0.4853885 0.841844 0.4717311 0.8196683 0.4796657 0.8174884 0.4724799 0.8595954 0.4550387 0.8631352 0.4616611 0.841844 0.4717311 0.8833369 0.4495527 0.8631352 0.4616611 0.8595954 0.4550387 0.8974907 0.4297178 0.9022544 0.4355225 0.8833369 0.4495527 0.914396 0.4143958 0.9197056 0.4197056 0.9022544 0.4355225 0.9297181 0.3974906 0.9355225 0.4022544 0.9197056 0.4197056 0.9433093 0.3791651 0.9495527 0.3833369 0.9355225 0.4022544 0.9616611 0.3631352 0.9495527 0.3833369 0.9433093 0.3791651 0.9647936 0.3389704 0.9717311 0.341844 0.9616611 0.3631352 0.9724801 0.3174886 0.9796657 0.3196683 0.9717311 0.341844 0.9853885 0.2968217 0.9796657 0.3196683 0.9724801 0.3174886 0.9813713 0.2727881 0.9888443 0.2735241 0.9853885 0.2968217 0.99 0.25 0.9888443 0.2735241 0.9813713 0.2727881 0.5111557 0.2735241 0.51 0.25 0.5175091 0.25 0.5219763 0.2953567 0.5146116 0.2968217 0.5111557 0.2735241 0.52752 0.3174886 0.5203343 0.3196683 0.5146116 0.2968217 0.5282689 0.341844 0.5203343 0.3196683 0.52752 0.3174886 0.5449613 0.3595955 0.5383389 0.3631352 0.5282689 0.341844 0.5504473 0.3833369 0.5383389 0.3631352 0.5449613 0.3595955 0.5702822 0.3974907 0.5644775 0.4022544 0.5504473 0.3833369 0.5856042 0.4143959 0.5802944 0.4197056 0.5644775 0.4022544 0.6025093 0.4297179 0.5977456 0.4355225 0.5802944 0.4197056 0.620835 0.4433091 0.6166632 0.4495527 0.5977456 0.4355225 0.6368648 0.4616611 0.6166632 0.4495527 0.620835 0.4433091 0.6610296 0.4647936 0.658156 0.4717311 0.6368648 0.4616611 0.6825115 0.47248 0.6803317 0.4796657 0.658156 0.4717311 0.7031784 0.4853885 0.6803317 0.4796657 0.6825115 0.47248 0.727212 0.4813715 0.7264759 0.4888443 0.7031784 0.4853885 0.738238 0.4894222 0.7386062 0.4819313 0.2386059 0.4819312 0.2386059 0.4819312 0.2386059 0.4819312 0.0078125 1 0.761762 0.4894222 0.75 0.49 0.7499999 0.4824909 0.738238 0.4894222 0.7264759 0.4888443 0.727212 0.4813715 0.9813713 0.2727881 0.9824908 0.2499999 0.9824908 0.2499999 0.5175091 0.25 0.5186285 0.2727881 0.5186285 0.2727881 0.5186285 0.2727881 0.5219763 0.2953567 0.5219763 0.2953567 0.5219763 0.2953567 0.52752 0.3174886 0.52752 0.3174886 0.52752 0.3174886 0.5352063 0.3389704 0.5352063 0.3389704 0.5352063 0.3389704 0.5449613 0.3595955 0.5449613 0.3595955 0.7613942 0.4819313 0.772788 0.4813713 0.772788 0.4813713 0.5449613 0.3595955 0.5566908 0.3791651 0.5566908 0.3791651 0.772788 0.4813713 0.7953566 0.4780236 0.7953566 0.4780236 0.5566908 0.3791651 0.5702822 0.3974907 0.5702822 0.3974907 0.7953566 0.4780236 0.8174884 0.4724799 0.8174884 0.4724799 0.5702822 0.3974907 0.5856042 0.4143959 0.5856042 0.4143959 0.8174884 0.4724799 0.8389704 0.4647936 0.8389704 0.4647936 0.5856042 0.4143959 0.6025093 0.4297179 0.6025093 0.4297179 0.8389704 0.4647936 0.8595954 0.4550387 0.8595954 0.4550387 0.6025093 0.4297179 0.620835 0.4433091 0.620835 0.4433091 0.8595954 0.4550387 0.879165 0.4433091 0.879165 0.4433091 0.620835 0.4433091 0.6404046 0.4550387 0.6404046 0.4550387 0.879165 0.4433091 0.8974907 0.4297178 0.8974907 0.4297178 0.6404046 0.4550387 0.6610296 0.4647936 0.6610296 0.4647936 0.8974907 0.4297178 0.914396 0.4143958 0.914396 0.4143958 0.6610296 0.4647936 0.6825115 0.47248 0.6825115 0.47248 0.914396 0.4143958 0.9297181 0.3974906 0.9297181 0.3974906 0.6825115 0.47248 0.7046433 0.4780237 0.7046433 0.4780237 0.9297181 0.3974906 0.9433093 0.3791651 0.9433093 0.3791651 0.7046433 0.4780237 0.727212 0.4813715 0.727212 0.4813715 0.9433093 0.3791651 0.9550384 0.3595954 0.9550384 0.3595954 0.7386062 0.4819313 0.7499999 0.4824909 0.7499999 0.4824909 0.9550384 0.3595954 0.9647936 0.3389704 0.9647936 0.3389704 0.7499999 0.4824909 0.7613942 0.4819313 0.7613942 0.4819313 0.9647936 0.3389704 0.9724801 0.3174886 0.9724801 0.3174886 0.727212 0.4813715 0.7386062 0.4819313 0.7386062 0.4819313 0.9724801 0.3174886 0.9780235 0.2953568 0.9780235 0.2953568 0.9780235 0.2953568 0.9813713 0.2727881 0.9813713 0.2727881 0.4293658 0.30441 0.4293658 0.30441 0.4231689 0.3217289 0.4338351 0.286567 0.4338351 0.286567 0.4293658 0.30441 0.4365341 0.2683719 0.4365341 0.2683719 0.4338351 0.286567 0.4374367 0.25 0.4365341 0.2683719 0.4365341 0.2683719 0.25 0.4374366 0.25 0.4374366 0.240814 0.4369854 0.06346583 0.268372 0.06346583 0.268372 0.0625633 0.25 0.06616485 0.286567 0.06616485 0.286567 0.06346583 0.268372 0.07063424 0.3044101 0.06616485 0.286567 0.06616485 0.286567 0.0768311 0.3217288 0.07063424 0.3044101 0.07063424 0.3044101 0.08469563 0.3383569 0.08469563 0.3383569 0.0768311 0.3217288 0.259186 0.4369854 0.259186 0.4369854 0.25 0.4374366 0.09415209 0.3541342 0.09415209 0.3541342 0.08469563 0.3383569 0.286567 0.433835 0.286567 0.433835 0.2683719 0.4365341 0.1051094 0.3689085 0.09415209 0.3541342 0.09415209 0.3541342 0.30441 0.4293657 0.30441 0.4293657 0.286567 0.433835 0.1174622 0.3825378 0.1174622 0.3825378 0.1051094 0.3689085 0.3217289 0.423169 0.3217289 0.423169 0.30441 0.4293657 0.1310914 0.3948906 0.1310914 0.3948906 0.1174622 0.3825378 0.2683719 0.4365341 0.2683719 0.4365341 0.259186 0.4369854 0.338357 0.4153044 0.338357 0.4153044 0.3217289 0.423169 0.1458657 0.4058479 0.1310914 0.3948906 0.1310914 0.3948906 0.3541343 0.4058479 0.3541343 0.4058479 0.338357 0.4153044 0.1616429 0.4153043 0.1458657 0.4058479 0.1458657 0.4058479 0.3689086 0.3948906 0.3689086 0.3948906 0.3541343 0.4058479 0.1782711 0.4231689 0.1782711 0.4231689 0.1616429 0.4153043 0.3825378 0.3825377 0.3825378 0.3825377 0.3689086 0.3948906 0.19559 0.4293658 0.19559 0.4293658 0.1782711 0.4231689 0.3948905 0.3689086 0.3948905 0.3689086 0.3825378 0.3825377 0.2134329 0.433835 0.19559 0.4293658 0.19559 0.4293658 0.4058479 0.3541343 0.4058479 0.3541343 0.3948905 0.3689086 0.231628 0.4365341 0.2134329 0.433835 0.2134329 0.433835 0.4153044 0.338357 0.4153044 0.338357 0.4058479 0.3541343 0.240814 0.4369854 0.240814 0.4369854 0.231628 0.4365341 0.4231689 0.3217289 0.4231689 0.3217289 0.4153044 0.338357 0.261026 0.4744401 0.272052 0.4738984 0.2691079 0.4440072 0.2691079 0.4440072 0.272052 0.4738984 0.2938918 0.4706589 0.2938918 0.4706589 0.3153088 0.4652943 0.3065898 0.4365514 0.3065898 0.4365514 0.3153088 0.4652943 0.3360968 0.4578562 0.3246025 0.4301064 0.3360968 0.4578562 0.3560557 0.4484164 0.3560557 0.4484164 0.3749933 0.4370657 0.3583061 0.4120914 0.3583061 0.4120914 0.3749933 0.4370657 0.392727 0.4239134 0.3736723 0.4006951 0.392727 0.4239134 0.4090862 0.4090862 0.3878475 0.3878474 0.4090862 0.4090862 0.4239134 0.392727 0.4239134 0.392727 0.4370657 0.3749933 0.4120914 0.3583061 0.4120914 0.3583061 0.4370657 0.3749933 0.4484164 0.3560558 0.4484164 0.3560558 0.4578562 0.3360968 0.4301064 0.3246025 0.4578562 0.3360968 0.4652943 0.3153088 0.4365515 0.3065898 0.4365515 0.3065898 0.4652943 0.3153088 0.470659 0.2938918 0.470659 0.2938918 0.4738985 0.2720521 0.444007 0.269108 0.444007 0.269108 0.4738985 0.2720521 0.4749819 0.25 0.25 0.4449457 0.2499999 0.4749818 0.261026 0.4744401 0.3153088 0.4652943 0.2938918 0.4706589 0.2938918 0.4706589 0.3360968 0.4578562 0.3153088 0.4652943 0.3153088 0.4652943 0.3560557 0.4484164 0.3360968 0.4578562 0.3360968 0.4578562 0.3749933 0.4370657 0.3560557 0.4484164 0.3560557 0.4484164 0.392727 0.4239134 0.3749933 0.4370657 0.3749933 0.4370657 0.4090862 0.4090862 0.392727 0.4239134 0.392727 0.4239134 0.4239134 0.392727 0.4090862 0.4090862 0.4090862 0.4090862 0.4370657 0.3749933 0.4239134 0.392727 0.4239134 0.392727 0.4484164 0.3560558 0.4370657 0.3749933 0.4370657 0.3749933 0.272052 0.4738984 0.261026 0.4744401 0.261026 0.4744401 0.4578562 0.3360968 0.4484164 0.3560558 0.4484164 0.3560558 0.4652943 0.3153088 0.4578562 0.3360968 0.4578562 0.3360968 0.470659 0.2938918 0.4652943 0.3153088 0.4652943 0.3153088 0.259554 0.4444764 0.2691079 0.4440072 0.2691079 0.4440072 0.25 0.4449457 0.259554 0.4444764 0.259554 0.4444764 0.4738985 0.2720521 0.470659 0.2938918 0.470659 0.2938918 0.2691079 0.4440072 0.288032 0.4411998 0.288032 0.4411998 0.4749819 0.25 0.4738985 0.2720521 0.4738985 0.2720521 0.4162315 0.3188553 0.4231689 0.3217289 0.4153044 0.338357 0.42218 0.3022303 0.4293658 0.30441 0.4231689 0.3217289 0.4162313 0.1811447 0.4086819 0.1651827 0.4153044 0.1616429 0.3996043 0.1500375 0.4058479 0.1458657 0.4153044 0.1616429 0.3996043 0.1500375 0.3890859 0.1358551 0.3948904 0.1310914 0.3890859 0.1358551 0.377228 0.1227719 0.3825377 0.1174622 0.3641448 0.110914 0.3689085 0.1051094 0.3825377 0.1174622 0.3499624 0.1003956 0.3541343 0.09415203 0.3689085 0.1051094 0.3499624 0.1003956 0.3348173 0.09131801 0.338357 0.08469563 0.3188553 0.08376848 0.3217288 0.07683104 0.338357 0.08469563 0.2676359 0.0709387 0.2683719 0.06346583 0.286567 0.06616485 0.2676359 0.0709387 0.2588179 0.07050549 0.2591859 0.06301456 0.07007235 0.25 0.0625633 0.25 0.06346583 0.2316279 0.25 0.4299276 0.25 0.4374366 0.240814 0.4369854 0.4290611 0.2323639 0.4365341 0.231628 0.4374367 0.25 0.4290612 0.2676359 0.4299276 0.25 0.4374367 0.25 0.4290612 0.2676359 0.4365341 0.2683719 0.4338351 0.286567 0.3996044 0.3499625 0.4058479 0.3541343 0.3948905 0.3689086 0.389086 0.3641449 0.3948905 0.3689086 0.3825378 0.3825377 0.3641449 0.389086 0.3772281 0.3772281 0.3825378 0.3825377 0.3499625 0.3996043 0.3641449 0.389086 0.3689086 0.3948906 0.3499625 0.3996043 0.3541343 0.4058479 0.338357 0.4153044 0.3188553 0.4162315 0.3348174 0.408682 0.338357 0.4153044 0.3022302 0.4221799 0.3188553 0.4162315 0.3217289 0.423169 0.3022302 0.4221799 0.30441 0.4293657 0.286567 0.433835 0.232364 0.4290612 0.231628 0.4365341 0.2134329 0.433835 0.1977697 0.42218 0.2148978 0.4264704 0.2134329 0.433835 0.1977697 0.42218 0.19559 0.4293658 0.1782711 0.4231689 0.1811447 0.4162315 0.1782711 0.4231689 0.1616429 0.4153043 0.1500374 0.3996044 0.1651826 0.408682 0.1616429 0.4153043 0.1500374 0.3996044 0.1458657 0.4058479 0.1310914 0.3948906 0.135855 0.389086 0.1310914 0.3948906 0.1174622 0.3825378 0.110914 0.3641449 0.1227719 0.3772282 0.1174622 0.3825378 0.1003956 0.3499624 0.110914 0.3641449 0.1051094 0.3689085 0.1003956 0.3499624 0.09415209 0.3541342 0.08469563 0.3383569 0.07781994 0.3022303 0.07063424 0.3044101 0.06616485 0.286567 0.07093876 0.267636 0.0735296 0.2851021 0.06616485 0.286567 0.07093876 0.267636 0.06346583 0.268372 0.0625633 0.25 0.07781994 0.1977697 0.0735296 0.2148978 0.06616485 0.2134328 0.07781994 0.1977697 0.07063424 0.19559 0.07683104 0.1782711 0.1003956 0.1500375 0.09415209 0.1458657 0.1051094 0.1310915 0.1500375 0.1003956 0.1358551 0.1109141 0.1310914 0.1051095 0.1500375 0.1003956 0.1458657 0.09415209 0.1616429 0.08469563 0.1977697 0.07781994 0.19559 0.07063424 0.2134329 0.06616485 0.2323639 0.07093876 0.2148978 0.0735296 0.2134329 0.06616485 0.2323639 0.07093876 0.231628 0.06346583 0.240814 0.06301456 0.267636 0.4290613 0.2851021 0.4264703 0.286567 0.433835 0.3996044 0.3499625 0.408682 0.3348174 0.4153044 0.338357 0.42218 0.3022303 0.4264703 0.2851021 0.4338351 0.286567 0.4290611 0.2323639 0.4264703 0.2148979 0.433835 0.2134329 0.4221799 0.1977697 0.4293656 0.19559 0.433835 0.2134329 0.4221799 0.1977697 0.4162313 0.1811447 0.4231688 0.1782711 0.3022301 0.07781988 0.3044099 0.07063424 0.3217288 0.07683104 0.3022301 0.07781988 0.2851021 0.0735296 0.286567 0.06616485 0.2499999 0.07007235 0.241182 0.07050555 0.240814 0.06301456 0.1977697 0.07781994 0.1811448 0.08376854 0.1782711 0.07683104 0.1811448 0.08376854 0.1651827 0.09131801 0.1616429 0.08469563 0.1358551 0.1109141 0.122772 0.1227719 0.1174622 0.1174622 0.110914 0.1358551 0.1051094 0.1310915 0.1174622 0.1174622 0.1003956 0.1500375 0.09131807 0.1651826 0.08469563 0.1616429 0.08376854 0.1811447 0.07683104 0.1782711 0.08469563 0.1616429 0.07093876 0.2323639 0.06346583 0.2316279 0.06616485 0.2134328 0.07781994 0.3022303 0.08376848 0.3188552 0.0768311 0.3217288 0.08376848 0.3188552 0.09131801 0.3348172 0.08469563 0.3383569 0.232364 0.4290612 0.2411819 0.4294944 0.240814 0.4369854 0.267636 0.4290613 0.2683719 0.4365341 0.259186 0.4369854 0.25 0.4299276 0.258818 0.4294945 0.259186 0.4369854 0.2499999 0.07007235 0.25 0.0625633 0.2591859 0.06301456 0.7720521 0.4738984 0.7610262 0.4744405 0.7613942 0.4819313 0.8153088 0.4652941 0.8174884 0.4724799 0.8389704 0.4647936 0.8360966 0.457856 0.8389704 0.4647936 0.8595954 0.4550387 0.8749929 0.4370656 0.8560557 0.4484162 0.8595954 0.4550387 0.8749929 0.4370656 0.879165 0.4433091 0.8974907 0.4297178 0.8927267 0.4239133 0.8974907 0.4297178 0.914396 0.4143958 0.9090861 0.4090862 0.914396 0.4143958 0.9297181 0.3974906 0.9578562 0.3360968 0.948416 0.3560557 0.9550384 0.3595954 0.9652941 0.3153088 0.9578562 0.3360968 0.9647936 0.3389704 0.9652941 0.3153088 0.9724801 0.3174886 0.9780235 0.2953568 0.9738982 0.2720521 0.9706584 0.2938917 0.9780235 0.2953568 0.9738982 0.2720521 0.9813713 0.2727881 0.9824908 0.2499999 0.9652941 0.1846911 0.9706585 0.2061082 0.9780234 0.2046432 0.9652941 0.1846911 0.97248 0.1825113 0.9647936 0.1610295 0.9578559 0.1639031 0.9647936 0.1610295 0.9550384 0.1404045 0.8360968 0.04214382 0.8560558 0.0515837 0.8595954 0.04496127 0.8153085 0.03470569 0.8360968 0.04214382 0.8389703 0.03520631 0.8153085 0.03470569 0.8174885 0.02752 0.7953568 0.02197629 0.727948 0.4738986 0.727212 0.4813715 0.7386062 0.4819313 0.7720521 0.02610141 0.772788 0.01862853 0.761394 0.01806879 0.9738983 0.2279478 0.974982 0.25 0.9824908 0.2499999 0.6846913 0.4652943 0.6825115 0.47248 0.7046433 0.4780237 0.6846913 0.4652943 0.6639032 0.4578561 0.6610296 0.4647936 0.6639032 0.4578561 0.6439443 0.4484163 0.6404046 0.4550387 0.6250067 0.4370656 0.620835 0.4433091 0.6404046 0.4550387 0.6250067 0.4370656 0.6072731 0.4239134 0.6025093 0.4297179 0.6072731 0.4239134 0.5909139 0.4090862 0.5856042 0.4143959 0.5909139 0.4090862 0.5760868 0.3927271 0.5702822 0.3974907 0.5629343 0.3749933 0.5566908 0.3791651 0.5702822 0.3974907 0.5629343 0.3749933 0.5515837 0.3560557 0.5449613 0.3595955 0.5421438 0.3360968 0.5352063 0.3389704 0.5449613 0.3595955 0.5261014 0.2720521 0.5186285 0.2727881 0.5219763 0.2953567 0.5261014 0.2720521 0.525018 0.25 0.5175091 0.25 0.5261014 0.2279479 0.5186285 0.2272118 0.5175091 0.25 0.5347057 0.1846912 0.5421436 0.1639031 0.5352062 0.1610295 0.5421436 0.1639031 0.5515837 0.1439442 0.5449613 0.1404045 0.5629342 0.1250067 0.5566907 0.1208349 0.5449613 0.1404045 0.5909137 0.09091371 0.6072729 0.07608658 0.6025093 0.07028204 0.684691 0.03470569 0.7061082 0.02934104 0.7046434 0.02197629 0.7279479 0.02610141 0.727212 0.01862853 0.7046434 0.02197629 0.7279479 0.02610141 0.738974 0.02555972 0.738606 0.01806879 0.7720521 0.4738984 0.772788 0.4813713 0.7953566 0.4780236 0.8153088 0.4652941 0.7938918 0.4706589 0.7953566 0.4780236 0.9370656 0.3749932 0.9239133 0.392727 0.9297181 0.3974906 0.9370656 0.3749932 0.9433093 0.3791651 0.9550384 0.3595954 0.9738983 0.2279478 0.9813714 0.2272118 0.9780234 0.2046432 0.9484162 0.1439443 0.9550384 0.1404045 0.943309 0.1208349 0.9370654 0.1250067 0.943309 0.1208349 0.9297181 0.1025093 0.9239136 0.107273 0.9297181 0.1025093 0.9143958 0.08560407 0.8927268 0.07608664 0.9090861 0.09091371 0.9143958 0.08560407 0.8749932 0.06293433 0.8927268 0.07608664 0.8974906 0.07028204 0.8749932 0.06293433 0.8791651 0.05669081 0.8595954 0.04496127 0.7720521 0.02610141 0.7938917 0.02934104 0.7953568 0.02197629 0.684691 0.03470569 0.6825115 0.02752 0.6610294 0.03520637 0.6639028 0.04214376 0.6610294 0.03520637 0.6404044 0.04496127 0.6250067 0.06293427 0.6439441 0.0515837 0.6404044 0.04496127 0.6250067 0.06293427 0.620835 0.05669081 0.6025093 0.07028204 0.5760866 0.1072729 0.5909137 0.09091371 0.5856041 0.08560401 0.5629342 0.1250067 0.5760866 0.1072729 0.5702819 0.1025093 0.5347057 0.1846912 0.52752 0.1825114 0.5219764 0.2046433 0.5261014 0.2279479 0.5293412 0.2061081 0.5219764 0.2046433 0.5347055 0.3153087 0.5293408 0.2938917 0.5219763 0.2953567 0.5347055 0.3153087 0.52752 0.3174886 0.5352063 0.3389704 0.727948 0.4738986 0.7061082 0.4706589 0.7046433 0.4780237 0.75 0.4749819 0.7389742 0.4744404 0.7386062 0.4819313 0.75 0.4749819 0.7499999 0.4824909 0.7613942 0.4819313 0.7500002 0.02501809 0.75 0.01750904 0.738606 0.01806879 0.7500002 0.02501809 0.7610262 0.02555972 0.761394 0.01806879</float_array>
          <technique_common>
            <accessor source="#Cylinder_001-mesh-map-0-array" count="6132" stride="2">
              <param name="S" type="float"/>
              <param name="T" type="float"/>
            </accessor>
          </technique_common>
        </source>
        <vertices id="Cylinder_001-mesh-vertices">
          <input semantic="POSITION" source="#Cylinder_001-mesh-positions"/>
        </vertices>
        <triangles material="White-material" count="1624">
          <input semantic="VERTEX" source="#Cylinder_001-mesh-vertices" offset="0"/>
          <input semantic="NORMAL" source="#Cylinder_001-mesh-normals" offset="1"/>
          <input semantic="TEXCOORD" source="#Cylinder_001-mesh-map-0" offset="2" set="0"/>
          <p>264 0 0 317 1 1 316 0 2 66 2 3 318 3 4 317 1 5 68 4 6 319 5 7 318 3 8 69 6 9 320 7 10 319 5 11 70 8 12 321 9 13 320 7 14 71 10 15 322 11 16 321 9 17 72 12 18 323 13 19 322 11 20 73 14 21 324 15 22 323 13 23 74 16 24 325 17 25 324 15 26 75 18 27 326 19 28 325 17 29 76 20 30 327 21 31 326 19 32 77 22 33 328 23 34 327 21 35 78 24 36 329 25 37 328 23 38 79 26 39 330 27 40 329 25 41 80 28 42 331 29 43 330 27 44 81 30 45 332 31 46 331 29 47 83 32 48 334 33 49 333 32 50 84 34 51 335 35 52 334 33 53 85 36 54 336 37 55 335 35 56 86 38 57 337 39 58 336 37 59 87 40 60 338 41 61 337 39 62 88 42 63 339 43 64 338 41 65 89 44 66 340 45 67 339 43 68 90 46 69 341 47 70 340 45 71 91 48 72 342 49 73 341 47 74 92 50 75 343 51 76 342 49 77 93 52 78 344 53 79 343 51 80 94 54 81 345 55 82 344 53 83 95 56 84 346 57 85 345 55 86 96 58 87 347 59 88 346 57 89 97 60 90 348 61 91 347 59 92 99 62 93 264 63 94 265 64 95 101 65 96 66 66 97 99 62 98 102 67 99 68 68 100 101 65 101 102 67 102 70 69 103 69 70 104 104 71 105 70 69 106 103 72 107 105 73 108 71 74 109 104 71 110 106 75 111 72 76 112 105 73 113 107 77 114 73 78 115 106 75 116 108 79 117 74 80 118 107 77 119 109 81 120 75 74 121 108 79 122 110 82 123 76 83 124 109 81 125 111 84 126 77 85 127 110 82 128 112 86 129 78 87 130 111 84 131 112 86 132 80 88 133 79 89 134 114 90 135 80 88 136 113 91 137 114 90 138 82 74 139 81 92 140 116 93 141 84 94 142 83 74 143 118 95 144 84 94 145 117 96 146 119 97 147 85 98 148 118 95 149 119 97 150 87 99 151 86 100 152 121 101 153 87 99 154 120 102 155 122 103 156 88 104 157 121 101 158 123 105 159 89 106 160 122 103 161 124 107 162 90 108 163 123 105 164 125 109 165 91 74 166 124 107 167 126 110 168 92 111 169 125 109 170 127 112 171 93 113 172 126 110 173 128 114 174 94 115 175 127 112 176 129 116 177 95 117 178 128 114 179 129 116 180 97 118 181 96 119 182 131 120 183 97 118 184 130 121 185 133 122 186 100 123 187 67 124 188 213 125 189 179 126 190 212 127 191 212 127 192 178 128 193 211 129 194 211 129 195 177 130 196 210 131 197 210 131 198 176 132 199 209 133 200 209 133 201 175 134 202 208 135 203 229 136 204 195 137 205 228 138 206 208 135 207 174 139 208 207 140 209 228 138 210 194 141 211 227 142 212 207 140 213 173 143 214 206 144 215 227 142 216 193 145 217 226 146 218 206 144 219 172 147 220 205 148 221 226 146 222 192 149 223 225 150 224 205 148 225 171 151 226 204 152 227 225 150 228 191 153 229 224 154 230 204 152 231 170 155 232 203 156 233 224 154 234 190 157 235 223 158 236 203 156 237 169 159 238 202 160 239 223 158 240 189 161 241 222 162 242 202 160 243 168 163 244 201 164 245 222 162 246 188 165 247 221 166 248 201 164 249 167 167 250 200 168 251 221 166 252 187 169 253 220 170 254 200 168 255 166 171 256 199 172 257 220 170 258 186 173 259 219 174 260 199 172 261 165 175 262 197 176 263 219 174 264 185 177 265 218 178 266 197 176 267 268 179 268 266 180 269 218 178 270 184 181 271 217 182 272 217 182 273 183 183 274 216 184 275 216 184 276 182 185 277 215 186 278 215 186 279 181 187 280 214 32 281 116 93 378 150 205 379 117 96 380 117 96 381 151 207 382 118 95 383 118 95 384 152 209 385 119 97 386 119 97 387 153 208 388 120 102 389 100 123 390 267 188 391 265 64 392 120 102 393 154 210 394 121 101 395 99 62 396 134 189 397 101 65 398 121 101 399 155 211 400 122 103 401 101 65 402 135 192 403 102 67 404 122 103 405 156 212 406 123 105 407 102 67 408 136 191 409 103 72 410 123 105 411 157 213 412 124 107 413 103 72 414 137 193 415 104 71 416 124 107 417 158 214 418 125 109 419 104 71 420 138 194 421 105 73 422 125 109 423 159 216 424 126 110 425 105 73 426 139 195 427 106 75 428 126 110 429 160 215 430 127 112 431 106 75 432 140 196 433 107 77 434 127 112 435 161 217 436 128 114 437 107 77 438 141 197 439 108 79 440 128 114 441 162 219 442 129 116 443 108 79 444 142 199 445 109 81 446 129 116 447 163 218 448 130 121 449 109 81 450 143 198 451 110 82 452 130 121 453 164 224 454 131 120 455 110 82 456 144 200 457 111 84 458 131 120 459 275 222 460 273 225 461 111 84 462 145 202 463 112 86 464 112 86 465 146 201 466 113 91 467 113 91 468 147 204 469 114 90 470 114 90 471 148 203 472 115 226 473 246 227 474 445 228 475 245 229 476 197 176 477 413 230 478 199 172 479 245 229 480 444 231 481 244 232 482 244 232 483 443 233 484 243 234 485 198 235 486 411 236 487 266 180 488 243 234 489 442 237 490 242 238 491 231 239 492 412 240 493 198 235 494 242 238 495 441 241 496 241 242 497 241 242 498 440 243 499 240 244 500 240 244 501 439 245 502 239 246 503 239 246 504 438 247 505 238 248 506 238 248 507 437 249 508 237 250 509 237 250 510 436 251 511 236 252 512 236 252 513 435 253 514 235 254 515 235 254 516 434 255 517 234 256 518 234 256 519 433 257 520 233 258 521 248 259 522 214 260 523 247 74 524 248 259 525 216 261 526 215 262 527 250 263 528 216 261 529 249 264 530 250 263 531 218 265 532 217 74 533 251 266 534 219 267 535 218 265 536 253 268 537 219 267 538 252 269 539 253 268 540 221 270 541 220 271 542 254 272 543 222 74 544 221 270 545 255 74 546 223 74 547 222 74 548 257 273 549 223 74 550 256 74 551 257 273 552 225 274 553 224 275 554 259 276 555 225 274 556 258 277 557 260 278 558 226 279 559 259 276 560 260 278 561 228 280 562 227 281 563 262 282 564 228 280 565 261 283 566 252 284 567 284 285 568 253 286 569 59 306 618 308 307 619 57 308 620 276 309 621 315 223 622 274 310 623 251 311 624 283 312 625 252 284 626 57 308 627 307 313 628 55 314 629 250 315 630 282 316 631 251 311 632 55 314 633 306 317 634 53 318 635 198 235 636 296 319 637 231 239 638 1 320 639 313 321 640 277 322 641 53 318 642 305 323 643 51 324 644 249 325 645 281 326 646 250 315 647 262 327 648 294 328 649 276 309 650 248 329 651 280 330 652 249 325 653 51 324 654 304 331 655 49 332 656 261 333 657 293 334 658 262 327 659 247 335 660 278 336 661 248 329 662 233 258 666 431 337 667 232 290 668 265 64 669 132 190 670 99 62 671 266 180 675 295 221 676 198 235 677 100 123 678 264 63 679 67 124 680 67 338 681 316 0 682 350 339 683 49 332 684 303 340 685 47 341 686 262 282 687 274 342 688 229 343 689 274 310 696 196 220 697 229 136 698 131 120 699 272 346 700 98 347 701 98 348 702 349 349 703 348 61 704 61 370 759 309 362 760 59 306 761 253 286 762 285 357 763 254 371 764 63 372 765 310 365 766 61 370 767 254 371 768 286 358 769 255 373 770 37 374 771 298 352 772 35 32 773 65 375 774 311 368 775 63 372 776 255 373 777 287 359 778 256 376 779 39 377 780 297 350 781 37 374 782 277 322 783 312 367 784 65 375 785 256 376 786 288 361 787 257 378 788 41 379 789 299 354 790 39 377 791 257 378 795 289 360 796 258 380 797 43 381 798 300 353 799 41 379 800 258 380 801 290 364 802 259 382 803 45 383 804 301 355 805 43 381 806 259 382 807 291 363 808 260 384 809 47 341 810 302 356 811 45 383 812 260 384 813 292 366 814 261 333 815 2 385 816 316 386 817 317 387 818 4 388 819 317 387 820 318 389 821 6 390 822 318 389 823 319 391 824 6 390 825 320 392 826 8 393 827 10 388 828 320 392 829 321 388 830 10 388 831 322 394 832 12 395 833 14 396 834 322 394 835 323 397 836 16 398 837 323 397 838 324 399 839 18 400 840 324 399 841 325 388 842 20 401 843 325 388 844 326 388 845 20 401 846 327 402 847 22 403 848 24 404 849 327 402 850 328 405 851 26 406 852 328 405 853 329 407 854 26 406 855 330 408 856 28 409 857 30 410 858 330 408 859 331 411 860 30 410 861 332 412 862 32 388 863 34 413 864 334 414 865 36 415 866 38 416 867 334 414 868 335 417 869 40 418 870 335 417 871 336 419 872 40 418 873 337 420 874 42 421 875 44 422 876 337 420 877 338 388 878 44 422 879 339 388 880 46 423 881 48 424 882 339 388 883 340 425 884 50 426 885 340 425 886 341 388 887 52 388 888 341 388 889 342 427 890 54 428 891 342 427 892 343 429 893 54 428 894 344 430 895 56 431 896 58 432 897 344 430 898 345 433 899 60 434 900 345 433 901 346 435 902 60 434 903 347 436 904 62 388 905 64 437 906 347 436 907 348 438 908 272 346 909 273 225 910 275 222 911 0 344 912 316 386 913 263 388 914 64 437 915 349 439 916 271 345 917 811 440 918 381 441 919 384 442 920 818 506 1023 820 507 1024 886 508 1025 25 301 1026 890 509 1027 27 303 1028 29 305 1029 890 509 1030 910 510 1031 31 304 1032 910 510 1033 909 511 1034 33 512 1035 909 511 1036 907 513 1037 277 322 1038 905 514 1039 1 320 1040 37 374 1041 903 515 1042 933 516 1043 39 377 1044 933 516 1045 931 517 1046 41 379 1047 931 517 1048 932 518 1049 43 381 1050 932 518 1051 954 519 1052 45 383 1053 954 519 1054 930 520 1055 1 320 1056 955 521 1057 270 289 1058 47 341 1059 930 520 1060 929 522 1061 5 293 1062 946 523 1063 919 524 1064 49 332 1065 929 522 1066 928 525 1067 7 292 1068 919 524 1069 918 526 1070 51 324 1071 928 525 1072 927 527 1073 9 294 1074 918 526 1075 917 528 1076 53 318 1077 927 527 1078 926 529 1079 270 289 1080 946 523 1081 3 287 1082 11 296 1083 917 528 1084 916 530 1085 55 314 1086 926 529 1087 925 531 1088 13 295 1089 916 530 1090 915 532 1091 57 308 1092 925 531 1093 924 533 1094 15 297 1095 915 532 1096 914 534 1097 59 306 1098 924 533 1099 923 535 1100 17 298 1101 914 534 1102 913 536 1103 61 370 1104 923 535 1105 922 537 1106 19 300 1107 913 536 1108 911 538 1109 63 372 1110 922 537 1111 920 539 1112 21 299 1113 911 538 1114 912 540 1115 65 375 1116 920 539 1117 921 541 1118 23 302 1119 912 540 1120 889 542 1121 277 322 1122 921 541 1123 906 543 1124 23 302 1125 888 544 1126 25 301 1127 432 545 1128 411 546 1129 429 74 1130 432 545 1131 413 547 1132 414 548 1133 433 549 1134 413 547 1135 431 74 1136 433 549 1137 416 550 1138 415 551 1139 434 552 1140 417 553 1141 416 550 1142 436 554 1143 417 553 1144 435 74 1145 436 554 1146 419 555 1147 418 74 1148 437 556 1149 420 74 1150 419 555 1151 438 74 1152 421 557 1153 420 74 1154 440 558 1155 421 557 1156 439 559 1157 440 558 1158 423 560 1159 422 561 1160 442 562 1161 423 560 1162 441 563 1163 443 564 1164 424 565 1165 442 562 1166 443 564 1167 426 566 1168 425 74 1169 445 567 1170 426 566 1171 444 568 1172 445 567 1173 428 74 1174 427 569 1175 430 570 1176 411 546 1177 412 571 1178 199 172 1179 415 572 1180 200 168 1181 200 168 1182 416 573 1183 201 164 1184 201 164 1185 417 574 1186 202 160 1187 202 160 1188 418 575 1189 203 156 1190 203 156 1191 419 576 1192 204 152 1193 204 152 1194 420 577 1195 205 148 1196 205 148 1197 421 578 1198 206 144 1199 206 144 1200 422 579 1201 207 140 1202 207 140 1203 423 580 1204 208 135 1205 266 180 1206 414 581 1207 197 176 1208 208 135 1209 424 582 1210 209 133 1211 209 133 1212 425 583 1213 210 131 1214 210 131 1215 426 584 1216 211 129 1217 230 291 1218 429 585 1219 269 288 1220 269 288 1221 430 586 1222 231 239 1223 211 129 1224 427 587 1225 212 127 1226 232 290 1227 432 588 1228 230 291 1229 212 127 1230 428 31 1231 213 125 1232 746 589 1233 695 590 1234 745 590 1235 747 591 1236 509 592 1237 746 589 1238 748 593 1239 511 594 1240 747 591 1241 749 595 1242 512 596 1243 748 593 1244 750 597 1245 513 598 1246 749 595 1247 751 599 1248 514 600 1249 750 597 1250 752 601 1251 515 602 1252 751 599 1253 753 603 1254 516 604 1255 752 601 1256 754 605 1257 517 606 1258 753 603 1259 755 607 1260 518 608 1261 754 605 1262 756 609 1263 519 610 1264 755 607 1265 757 611 1266 520 612 1267 756 609 1268 758 613 1269 521 614 1270 757 611 1271 759 615 1272 522 616 1273 758 613 1274 760 617 1275 523 618 1276 759 615 1277 332 31 1278 524 619 1279 760 617 1280 761 620 1281 83 32 1282 333 32 1283 762 621 1284 525 622 1285 761 620 1286 763 623 1287 526 624 1288 762 621 1289 764 625 1290 527 626 1291 763 623 1292 765 627 1293 528 628 1294 764 625 1295 766 629 1296 529 630 1297 765 627 1298 767 631 1299 530 632 1300 766 629 1301 768 633 1302 531 634 1303 767 631 1304 769 635 1305 532 636 1306 768 633 1307 770 637 1308 533 638 1309 769 635 1310 771 639 1311 534 640 1312 770 637 1313 772 641 1314 535 642 1315 771 639 1316 773 643 1317 536 644 1318 772 641 1319 774 645 1320 537 646 1321 773 643 1322 775 647 1323 538 648 1324 774 645 1325 695 649 1326 540 650 1327 696 651 1328 509 652 1329 542 653 1330 540 650 1331 511 654 1332 543 655 1333 542 653 1334 543 655 1335 513 69 1336 544 656 1337 513 69 1338 545 657 1339 544 656 1340 514 74 1341 546 658 1342 545 657 1343 515 108 1344 547 659 1345 546 658 1346 516 660 1347 548 661 1348 547 659 1349 517 662 1350 549 663 1351 548 661 1352 518 664 1353 550 665 1354 549 663 1355 519 666 1356 551 667 1357 550 665 1358 520 668 1359 552 669 1360 551 667 1361 521 670 1362 553 671 1363 552 669 1364 553 671 1365 523 672 1366 554 673 1367 523 672 1368 555 674 1369 554 673 1370 555 674 1371 82 74 1372 115 226 1373 116 93 1374 525 675 1375 556 676 1376 525 675 1377 557 677 1378 556 676 1379 526 678 1380 558 679 1381 557 677 1382 558 679 1383 528 680 1384 559 681 1385 528 680 1386 560 682 1387 559 681 1388 529 683 1389 561 684 1390 560 682 1391 530 685 1392 562 686 1393 561 684 1394 531 687 1395 563 688 1396 562 686 1397 532 74 1398 564 689 1399 563 688 1400 533 690 1401 565 691 1402 564 689 1403 534 692 1404 566 693 1405 565 691 1406 535 694 1407 567 695 1408 566 693 1409 536 696 1410 568 697 1411 567 695 1412 568 697 1413 538 698 1414 569 699 1415 538 698 1416 570 700 1417 569 699 1418 510 701 1419 541 702 1420 572 703 1421 616 704 1422 213 125 1423 647 705 1424 615 706 1425 647 705 1426 646 707 1427 614 708 1428 646 707 1429 645 709 1430 613 710 1431 645 709 1432 644 711 1433 612 712 1434 644 711 1435 643 713 1436 630 714 1437 662 715 1438 661 716 1439 611 717 1440 643 713 1441 642 718 1442 629 719 1443 661 716 1444 660 720 1445 610 721 1446 642 718 1447 641 722 1448 628 723 1449 660 720 1450 659 724 1451 609 725 1452 641 722 1453 640 726 1454 627 727 1455 659 724 1456 658 728 1457 608 729 1458 640 726 1459 639 730 1460 626 731 1461 658 728 1462 657 732 1463 607 733 1464 639 730 1465 638 734 1466 625 735 1467 657 732 1468 656 736 1469 606 737 1470 638 734 1471 637 738 1472 624 739 1473 656 736 1474 655 740 1475 605 741 1476 637 738 1477 636 742 1478 623 743 1479 655 740 1480 654 744 1481 604 745 1482 636 742 1483 635 746 1484 622 747 1485 654 744 1486 653 748 1487 603 749 1488 635 746 1489 634 750 1490 621 751 1491 653 748 1492 652 752 1493 602 753 1494 634 750 1495 632 754 1496 620 755 1497 652 752 1498 651 756 1499 699 757 1500 632 754 1501 697 758 1502 619 759 1503 651 756 1504 650 760 1505 618 761 1506 650 760 1507 649 762 1508 617 763 1509 649 762 1510 648 764 1511 181 187 1512 648 764 1513 214 32 1514 587 777 1611 116 93 1612 556 676 1613 588 778 1614 556 676 1615 557 677 1616 589 792 1617 557 677 1618 558 679 1619 590 779 1620 558 679 1621 559 681 1622 698 765 1623 541 702 1624 696 651 1625 591 780 1626 559 681 1627 560 682 1628 573 766 1629 540 650 1630 542 653 1631 592 781 1632 560 682 1633 561 684 1634 574 793 1635 542 653 1636 543 655 1637 593 782 1638 561 684 1639 562 686 1640 575 767 1641 543 655 1642 544 656 1643 594 783 1644 562 686 1645 563 688 1646 576 768 1647 544 656 1648 545 657 1649 595 784 1650 563 688 1651 564 689 1652 577 769 1653 545 657 1654 546 658 1655 596 794 1656 564 689 1657 565 691 1658 578 770 1659 546 658 1660 547 659 1661 597 785 1662 565 691 1663 566 693 1664 579 771 1665 547 659 1666 548 661 1667 598 786 1668 566 693 1669 567 695 1670 580 772 1671 548 661 1672 549 663 1673 599 795 1674 567 695 1675 568 697 1676 581 796 1677 549 663 1678 550 665 1679 600 787 1680 568 697 1681 569 699 1682 582 773 1683 550 665 1684 551 667 1685 601 797 1686 569 699 1687 570 700 1688 583 774 1689 551 667 1690 552 669 1691 706 789 1692 570 700 1693 704 798 1694 584 799 1695 552 669 1696 553 671 1697 585 775 1698 553 671 1699 554 673 1700 586 800 1701 554 673 1702 555 674 1703 148 203 1704 555 674 1705 115 226 1706 885 801 1707 246 227 1708 678 802 1709 854 803 1710 632 754 1711 634 750 1712 884 804 1713 678 802 1714 677 805 1715 883 806 1716 677 805 1717 676 807 1718 852 808 1719 633 809 1720 697 758 1721 882 810 1722 676 807 1723 675 811 1724 853 812 1725 664 813 1726 633 809 1727 881 814 1728 675 811 1729 674 815 1730 880 816 1731 674 815 1732 673 817 1733 879 818 1734 673 817 1735 672 819 1736 878 820 1737 672 819 1738 671 821 1739 877 822 1740 671 821 1741 670 823 1742 876 824 1743 670 823 1744 669 825 1745 875 826 1746 669 825 1747 668 827 1748 874 828 1749 668 827 1750 667 829 1751 873 830 1752 667 829 1753 666 831 1754 214 260 1755 679 832 1756 247 74 1757 679 832 1758 649 833 1759 680 834 1760 649 833 1761 681 74 1762 680 834 1763 681 74 1764 651 835 1765 682 266 1766 682 266 1767 652 836 1768 683 837 1769 652 836 1770 684 838 1771 683 837 1772 684 838 1773 654 270 1774 685 839 1775 685 839 1776 655 74 1777 686 74 1778 686 74 1779 656 74 1780 687 74 1781 656 74 1782 688 273 1783 687 74 1784 688 273 1785 658 840 1786 689 841 1787 658 840 1788 690 842 1789 689 841 1790 659 843 1791 691 844 1792 690 842 1793 691 844 1794 661 845 1795 692 846 1796 661 845 1797 693 847 1798 692 846 1799 714 848 1800 683 849 1801 684 850 1802 737 869 1851 502 870 1852 500 871 1853 744 791 1854 707 872 1855 705 873 1856 713 874 1857 682 875 1858 683 849 1859 736 876 1860 500 871 1861 498 877 1862 712 878 1863 681 879 1864 682 875 1865 735 880 1866 498 877 1867 496 881 1868 726 882 1869 633 809 1870 664 813 1871 742 883 1872 448 884 1873 708 885 1874 734 886 1875 496 881 1876 494 887 1877 711 888 1878 680 889 1879 681 879 1880 724 890 1881 693 891 1882 707 872 1883 710 892 1884 679 893 1885 680 889 1886 733 894 1887 494 887 1888 492 895 1889 723 896 1890 692 897 1891 693 891 1892 709 898 1893 247 335 1894 679 893 1895 871 899 1899 666 831 1900 665 854 1901 571 900 1902 696 651 1903 540 650 1904 725 790 1908 697 758 1909 633 809 1910 541 702 1911 695 649 1912 696 651 1913 745 590 1914 510 901 1915 777 902 1916 732 903 1917 492 895 1918 490 904 1919 693 847 1920 705 342 1921 707 74 1922 631 788 1929 705 873 1930 662 715 1931 570 700 1932 703 907 1933 704 798 1934 776 908 1935 539 909 1936 775 647 1937 738 919 1992 504 926 1993 502 870 1994 715 915 1995 684 850 1996 685 927 1997 739 921 1998 506 928 1999 504 926 2000 716 916 2001 685 927 2002 686 929 2003 298 352 2004 480 930 2005 35 32 2006 740 923 2007 508 931 2008 506 928 2009 717 917 2010 686 929 2011 687 932 2012 727 910 2013 482 933 2014 480 930 2015 741 924 2016 708 885 2017 508 931 2018 718 934 2019 687 932 2020 688 935 2021 728 911 2022 484 936 2023 482 933 2024 719 918 2028 688 935 2029 689 937 2030 729 912 2031 486 938 2032 484 936 2033 720 939 2034 689 937 2035 690 940 2036 730 913 2037 488 941 2038 486 938 2039 721 920 2040 690 940 2041 691 942 2042 731 914 2043 490 904 2044 488 941 2045 722 922 2046 691 942 2047 692 897 2048 449 943 2049 745 944 2050 694 945 2051 451 388 2052 746 946 2053 449 943 2054 453 947 2055 747 389 2056 451 388 2057 749 388 2058 453 947 2059 455 388 2060 457 388 2061 749 388 2062 455 388 2063 751 948 2064 457 388 2065 459 395 2066 461 396 2067 751 948 2068 459 395 2069 463 398 2070 752 397 2071 461 396 2072 465 949 2073 753 399 2074 463 398 2075 467 950 2076 754 388 2077 465 949 2078 756 951 2079 467 950 2080 469 952 2081 471 953 2082 756 951 2083 469 952 2084 473 954 2085 757 955 2086 471 953 2087 759 956 2088 473 954 2089 475 957 2090 477 958 2091 759 956 2092 475 957 2093 332 412 2094 477 958 2095 32 388 2096 761 959 2097 34 413 2098 479 960 2099 481 961 2100 761 959 2101 479 960 2102 483 962 2103 762 963 2104 481 961 2105 764 964 2106 483 962 2107 485 965 2108 487 966 2109 764 964 2110 485 965 2111 766 967 2112 487 966 2113 489 968 2114 491 424 2115 766 967 2116 489 968 2117 493 426 2118 767 425 2119 491 424 2120 495 388 2121 768 388 2122 493 426 2123 497 969 2124 769 427 2125 495 388 2126 771 970 2127 497 969 2128 499 431 2129 501 971 2130 771 970 2131 499 431 2132 503 434 2133 772 972 2134 501 971 2135 774 973 2136 503 434 2137 505 388 2138 507 974 2139 774 973 2140 505 388 2141 706 789 2142 703 907 2143 776 975 2144 745 944 2145 447 905 2146 694 945 2147 776 975 2148 507 974 2149 702 906 2150 474 866 2253 892 1038 2254 472 865 2255 476 867 2256 948 1039 2257 474 866 2258 478 868 2259 947 1040 2260 476 867 2261 907 513 2262 478 868 2263 33 512 2264 448 884 2265 945 1041 2266 708 885 2267 480 930 2268 903 515 2269 35 32 2270 482 933 2271 904 1042 2272 480 930 2273 934 1043 2274 482 933 2275 484 936 2276 936 1044 2277 484 936 2278 486 938 2279 488 941 2280 936 1044 2281 486 938 2282 701 853 2283 950 1045 2284 448 884 2285 490 904 2286 953 1046 2287 488 941 2288 452 855 2289 900 1047 2290 450 852 2291 937 1048 2292 490 904 2293 492 895 2294 454 856 2295 901 1049 2296 452 855 2297 494 887 2298 937 1048 2299 492 895 2300 456 857 2301 949 1050 2302 454 856 2303 496 881 2304 952 1051 2305 494 887 2306 450 852 2307 902 1052 2308 701 853 2309 458 858 2310 899 1053 2311 456 857 2312 939 1054 2313 496 881 2314 498 877 2315 460 859 2316 898 1055 2317 458 858 2318 941 1056 2319 498 877 2320 500 871 2321 462 860 2322 897 1057 2323 460 859 2324 502 870 2325 941 1056 2326 500 871 2327 464 861 2328 896 1058 2329 462 860 2330 504 926 2331 951 1059 2332 502 870 2333 466 862 2334 895 1060 2335 464 861 2336 942 1061 2337 504 926 2338 506 928 2339 468 863 2340 894 1062 2341 466 862 2342 944 1063 2343 506 928 2344 508 931 2345 470 864 2346 893 1064 2347 468 863 2348 708 885 2349 944 1063 2350 508 931 2351 472 865 2352 891 1065 2353 470 864 2354 852 1066 2355 872 1067 2356 869 1068 2357 872 1067 2358 854 1069 2359 871 1070 2360 854 1069 2361 873 1071 2362 871 1070 2363 873 1071 2364 857 550 2365 874 552 2366 874 552 2367 858 553 2368 875 74 2369 858 553 2370 876 554 2371 875 74 2372 876 554 2373 860 555 2374 877 1072 2375 877 1072 2376 861 74 2377 878 74 2378 878 74 2379 862 1073 2380 879 1074 2381 862 1073 2382 880 1075 2383 879 1074 2384 880 1075 2385 864 1076 2386 881 563 2387 864 1076 2388 882 1077 2389 881 563 2390 865 1078 2391 883 1079 2392 882 1077 2393 883 1079 2394 867 1080 2395 884 1081 2396 867 1080 2397 885 1082 2398 884 1081 2399 885 1082 2400 428 74 2401 446 74 2402 870 570 2403 852 1066 2404 869 1068 2405 856 1083 2406 634 750 2407 635 746 2408 857 1084 2409 635 746 2410 636 742 2411 858 1085 2412 636 742 2413 637 738 2414 859 1086 2415 637 738 2416 638 734 2417 860 1087 2418 638 734 2419 639 730 2420 861 1088 2421 639 730 2422 640 726 2423 862 1089 2424 640 726 2425 641 722 2426 863 1090 2427 641 722 2428 642 718 2429 864 1091 2430 642 718 2431 643 713 2432 855 1092 2433 697 758 2434 632 754 2435 865 1093 2436 643 713 2437 644 711 2438 866 1094 2439 644 711 2440 645 709 2441 867 1095 2442 645 709 2443 646 707 2444 869 1096 2445 663 1097 2446 700 851 2447 870 1098 2448 700 851 2449 664 813 2450 868 1099 2451 646 707 2452 647 705 2453 872 1100 2454 665 854 2455 663 1097 2456 428 31 2457 647 705 2458 213 125 2459 388 1101 2460 889 74 2461 387 74 2462 389 1102 2463 888 1103 2464 388 1101 2465 392 1104 2466 891 1105 2467 892 74 2468 394 1106 2469 891 1105 2470 393 1107 2471 394 1106 2472 894 1108 2473 893 74 2474 395 1109 2475 895 1110 2476 894 1108 2477 397 1111 2478 895 1110 2479 396 1112 2480 398 1113 2481 896 1114 2482 397 1111 2483 398 1113 2484 898 1115 2485 897 1116 2486 400 74 2487 898 1115 2488 399 74 2489 402 1117 2490 901 1118 2491 401 1119 2492 402 1117 2493 902 1120 2494 900 1121 2495 408 1122 2496 904 1123 2497 407 1124 2498 385 1125 2499 906 1126 2500 410 1127 2501 815 1128 2502 907 1129 2503 390 1130 2504 816 1131 2505 907 1129 2506 909 1132 2507 816 1131 2508 910 1133 2509 817 1134 2510 818 506 2511 911 1108 2512 819 1109 2513 819 1109 2514 913 1110 2515 820 507 2516 821 1135 2517 913 1110 2518 914 1136 2519 822 1137 2520 914 1136 2521 915 1116 2522 822 1137 2523 916 1138 2524 823 1139 2525 824 1140 2526 916 1138 2527 917 1141 2528 825 1142 2529 917 1141 2530 918 1143 2531 825 1142 2532 919 74 2533 826 1144 2534 827 1145 2535 920 1146 2536 828 1147 2537 829 1148 2538 920 1146 2539 922 1149 2540 829 1148 2541 923 1150 2542 830 1151 2543 830 1151 2544 924 74 2545 831 1152 2546 832 1153 2547 924 74 2548 925 1154 2549 832 1153 2550 926 1155 2551 833 1156 2552 833 1156 2553 927 1157 2554 834 1158 2555 835 1159 2556 927 1157 2557 928 1160 2558 836 1161 2559 928 1160 2560 929 1162 2561 836 1161 2562 930 1163 2563 837 1164 2564 838 1165 2565 931 1166 2566 839 1167 2567 840 1168 2568 931 1166 2569 933 1169 2570 840 1168 2571 903 1170 2572 408 1122 2573 842 1171 2574 935 1172 2575 934 1173 2576 842 1171 2577 936 1174 2578 843 1175 2579 844 1176 2580 937 1177 2581 845 1178 2582 847 1179 2583 940 1180 2584 939 1181 2585 847 1179 2586 941 1182 2587 848 1183 2588 849 1184 2589 942 1185 2590 850 1186 2591 851 1187 2592 942 1185 2593 944 1188 2594 851 1187 2595 945 1189 2596 812 1190 2597 386 1191 2598 919 74 2599 946 1192 2600 818 506 2601 889 74 2602 912 74 2603 389 1102 2604 910 1133 2605 890 1193 2606 815 1128 2607 947 1194 2608 908 1195 2609 814 1196 2610 947 1194 2611 391 1197 2612 814 1196 2613 892 74 2614 948 74 2615 813 1198 2616 899 74 2617 400 74 2618 813 1198 2619 901 1118 2620 949 1199 2621 403 1200 2622 945 1189 2623 950 1201 2624 849 1184 2625 951 74 2626 943 74 2627 404 1202 2628 941 1182 2629 951 74 2630 846 1203 2631 952 1204 2632 940 1180 2633 845 1178 2634 952 1204 2635 405 1205 2636 844 1176 2637 953 74 2638 938 74 2639 843 1175 2640 953 74 2641 406 1206 2642 407 1124 2643 935 1172 2644 841 1207 2645 838 1165 2646 954 1208 2647 932 74 2648 409 1209 2649 930 1163 2650 954 1208 2651 827 1145 2652 906 1126 2653 921 1210 2654 386 1191 2655 955 1211 2656 886 508 2657 385 1125 2658 955 1211 2659 905 1212 2660 403 1200 2661 902 1120 2662 887 1213 2663 352 1214 2664 956 1215 2665 957 1216 2666 353 1217 2667 959 388 2668 354 1218 2669 354 1218 2670 960 388 2671 355 388 2672 356 1219 2673 960 388 2674 961 388 2675 356 1219 2676 962 1220 2677 357 1221 2678 357 1221 2679 963 1222 2680 358 1223 2681 358 1223 2682 964 1224 2683 359 1225 2684 361 1226 2685 965 1227 2686 966 1228 2687 362 1229 2688 966 1228 2689 967 1230 2690 362 1229 2691 968 1231 2692 363 1232 2693 364 1233 2694 968 1231 2695 969 1234 2696 364 1233 2697 970 1235 2698 365 1236 2699 367 1237 2700 971 1238 2701 972 1230 2702 367 1237 2703 973 1239 2704 368 1240 2705 368 1240 2706 974 1241 2707 369 1242 2708 373 1243 2709 975 1244 2710 976 388 2711 374 1245 2712 976 388 2713 977 1246 2714 374 1245 2715 978 1247 2716 375 1248 2717 383 1249 2718 980 1250 2719 384 442 2720 779 1251 2721 981 1215 2722 778 1252 2723 783 1253 2724 970 1235 2725 983 1254 2726 788 1255 2727 984 1256 2728 787 1257 2729 788 1255 2730 986 388 2731 985 1258 2732 789 1259 2733 987 388 2734 986 388 2735 791 1260 2736 987 388 2737 790 388 2738 791 1260 2739 989 1261 2740 988 388 2741 792 1262 2742 990 1263 2743 989 1261 2744 793 1264 2745 991 1265 2746 990 1263 2747 795 1266 2748 991 1265 2749 794 1267 2750 795 1266 2751 993 1268 2752 992 388 2753 797 1269 2754 993 1268 2755 796 1270 2756 799 1271 2757 995 1272 2758 798 1273 2759 799 1271 2760 997 1274 2761 996 1275 2762 800 1276 2763 997 1274 2764 381 441 2765 801 1277 2766 1000 1278 2767 999 1279 2768 802 1280 2769 1001 1281 2770 1000 1278 2771 804 1282 2772 1001 1281 2773 803 1283 2774 805 1284 2775 1004 1224 2776 1003 1285 2777 808 1286 2778 1006 1287 2779 1005 1288 2780 810 1289 2781 1006 1287 2782 809 1290 2783 810 1289 2784 1008 1291 2785 1007 1292 2786 352 1214 2787 1009 1293 2788 785 388 2789 353 1217 2790 1009 1293 2791 958 388 2792 784 1294 2793 964 1224 2794 1010 388 2795 784 1294 2796 965 1227 2797 360 1295 2798 783 1253 2799 971 1238 2800 366 1296 2801 369 1242 2802 1011 1297 2803 782 1298 2804 782 1298 2805 1012 1299 2806 370 1300 2807 370 1300 2808 1013 1301 2809 781 1302 2810 371 1303 2811 1013 1301 2812 1014 1304 2813 780 1305 2814 1014 1304 2815 1015 1306 2816 780 1305 2817 975 1244 2818 372 1307 2819 779 1251 2820 978 1247 2821 982 1216 2822 808 1286 2823 1016 388 2824 377 1308 2825 377 1308 2826 1017 1309 2827 807 1310 2828 378 1311 2829 1017 1309 2830 1018 1312 2831 378 1311 2832 1004 1224 2833 806 1313 2834 379 1314 2835 1003 1285 2836 1019 1315 2837 804 1282 2838 1019 1315 2839 1002 388 2840 801 1277 2841 1020 1316 2842 380 1317 2843 800 1276 2844 1020 1316 2845 998 1318 2846 382 1319 2847 995 1272 2848 1021 388 2849 382 1319 2850 994 1320 2851 797 1269 2852 383 1249 2853 984 1256 2854 979 1321 2855 786 1322 2856 980 1250 2857 1022 1323 2858 786 1322 2859 956 1215 2860 351 1324 2861 376 1325 2862 1008 1291 2863 811 440 2864 376 1325 2865 981 1215 2866 1023 1323 2867 264 0 2868 66 2 2869 317 1 2870 66 2 2871 68 4 2872 318 3 2873 68 4 2874 69 6 2875 319 5 2876 69 6 2877 70 8 2878 320 7 2879 70 8 2880 71 10 2881 321 9 2882 71 10 2883 72 12 2884 322 11 2885 72 12 2886 73 14 2887 323 13 2888 73 14 2889 74 16 2890 324 15 2891 74 16 2892 75 18 2893 325 17 2894 75 18 2895 76 20 2896 326 19 2897 76 20 2898 77 22 2899 327 21 2900 77 22 2901 78 24 2902 328 23 2903 78 24 2904 79 26 2905 329 25 2906 79 26 2907 80 28 2908 330 27 2909 80 28 2910 81 30 2911 331 29 2912 81 30 2913 82 31 2914 332 31 2915 83 32 2916 84 34 2917 334 33 2918 84 34 2919 85 36 2920 335 35 2921 85 36 2922 86 38 2923 336 37 2924 86 38 2925 87 40 2926 337 39 2927 87 40 2928 88 42 2929 338 41 2930 88 42 2931 89 44 2932 339 43 2933 89 44 2934 90 46 2935 340 45 2936 90 46 2937 91 48 2938 341 47 2939 91 48 2940 92 50 2941 342 49 2942 92 50 2943 93 52 2944 343 51 2945 93 52 2946 94 54 2947 344 53 2948 94 54 2949 95 56 2950 345 55 2951 95 56 2952 96 58 2953 346 57 2954 96 58 2955 97 60 2956 347 59 2957 97 60 2958 98 348 2959 348 61 2960 99 62 2961 66 66 2962 264 63 2963 101 65 2964 68 68 2965 66 66 2966 102 67 2967 69 70 2968 68 68 2969 102 67 2970 103 72 2971 70 69 2972 104 71 2973 71 74 2974 70 69 2975 105 73 2976 72 76 2977 71 74 2978 106 75 2979 73 78 2980 72 76 2981 107 77 2982 74 80 2983 73 78 2984 108 79 2985 75 74 2986 74 80 2987 109 81 2988 76 83 2989 75 74 2990 110 82 2991 77 85 2992 76 83 2993 111 84 2994 78 87 2995 77 85 2996 112 86 2997 79 89 2998 78 87 2999 112 86 3000 113 91 3001 80 88 3002 114 90 3003 81 92 3004 80 88 3005 114 90 3006 115 226 3007 82 74 3008 116 93 3009 117 96 3010 84 94 3011 118 95 3012 85 98 3013 84 94 3014 119 97 3015 86 100 3016 85 98 3017 119 97 3018 120 102 3019 87 99 3020 121 101 3021 88 104 3022 87 99 3023 122 103 3024 89 106 3025 88 104 3026 123 105 3027 90 108 3028 89 106 3029 124 107 3030 91 74 3031 90 108 3032 125 109 3033 92 111 3034 91 74 3035 126 110 3036 93 113 3037 92 111 3038 127 112 3039 94 115 3040 93 113 3041 128 114 3042 95 117 3043 94 115 3044 129 116 3045 96 119 3046 95 117 3047 129 116 3048 130 121 3049 97 118 3050 131 120 3051 98 347 3052 97 118 3053 67 124 3054 350 1326 3055 133 122 3056 350 1326 3057 0 344 3058 133 122 3059 213 125 3060 180 776 3061 179 126 3062 212 127 3063 179 126 3064 178 128 3065 211 129 3066 178 128 3067 177 130 3068 210 131 3069 177 130 3070 176 132 3071 209 133 3072 176 132 3073 175 134 3074 229 136 3075 196 220 3076 195 137 3077 208 135 3078 175 134 3079 174 139 3080 228 138 3081 195 137 3082 194 141 3083 207 140 3084 174 139 3085 173 143 3086 227 142 3087 194 141 3088 193 145 3089 206 144 3090 173 143 3091 172 147 3092 226 146 3093 193 145 3094 192 149 3095 205 148 3096 172 147 3097 171 151 3098 225 150 3099 192 149 3100 191 153 3101 204 152 3102 171 151 3103 170 155 3104 224 154 3105 191 153 3106 190 157 3107 203 156 3108 170 155 3109 169 159 3110 223 158 3111 190 157 3112 189 161 3113 202 160 3114 169 159 3115 168 163 3116 222 162 3117 189 161 3118 188 165 3119 201 164 3120 168 163 3121 167 167 3122 221 166 3123 188 165 3124 187 169 3125 200 168 3126 167 167 3127 166 171 3128 220 170 3129 187 169 3130 186 173 3131 199 172 3132 166 171 3133 165 175 3134 219 174 3135 186 173 3136 185 177 3137 197 176 3138 165 175 3139 268 179 3140 218 178 3141 185 177 3142 184 181 3143 217 182 3144 184 181 3145 183 183 3146 216 184 3147 183 183 3148 182 185 3149 215 186 3150 182 185 3151 181 187 3152 116 93 3249 149 206 3250 150 205 3251 117 96 3252 150 205 3253 151 207 3254 118 95 3255 151 207 3256 152 209 3257 119 97 3258 152 209 3259 153 208 3260 100 123 3261 133 122 3262 267 188 3263 120 102 3264 153 208 3265 154 210 3266 99 62 3267 132 190 3268 134 189 3269 121 101 3270 154 210 3271 155 211 3272 101 65 3273 134 189 3274 135 192 3275 122 103 3276 155 211 3277 156 212 3278 102 67 3279 135 192 3280 136 191 3281 123 105 3282 156 212 3283 157 213 3284 103 72 3285 136 191 3286 137 193 3287 124 107 3288 157 213 3289 158 214 3290 104 71 3291 137 193 3292 138 194 3293 125 109 3294 158 214 3295 159 216 3296 105 73 3297 138 194 3298 139 195 3299 126 110 3300 159 216 3301 160 215 3302 106 75 3303 139 195 3304 140 196 3305 127 112 3306 160 215 3307 161 217 3308 107 77 3309 140 196 3310 141 197 3311 128 114 3312 161 217 3313 162 219 3314 108 79 3315 141 197 3316 142 199 3317 129 116 3318 162 219 3319 163 218 3320 109 81 3321 142 199 3322 143 198 3323 130 121 3324 163 218 3325 164 224 3326 110 82 3327 143 198 3328 144 200 3329 131 120 3330 164 224 3331 275 222 3332 111 84 3333 144 200 3334 145 202 3335 112 86 3336 145 202 3337 146 201 3338 113 91 3339 146 201 3340 147 204 3341 114 90 3342 147 204 3343 148 203 3344 246 227 3345 446 32 3346 445 228 3347 197 176 3348 414 581 3349 413 230 3350 245 229 3351 445 228 3352 444 231 3353 244 232 3354 444 231 3355 443 233 3356 198 235 3357 412 240 3358 411 236 3359 243 234 3360 443 233 3361 442 237 3362 231 239 3363 430 586 3364 412 240 3365 242 238 3366 442 237 3367 441 241 3368 241 242 3369 441 241 3370 440 243 3371 240 244 3372 440 243 3373 439 245 3374 239 246 3375 439 245 3376 438 247 3377 238 248 3378 438 247 3379 437 249 3380 237 250 3381 437 249 3382 436 251 3383 236 252 3384 436 251 3385 435 253 3386 235 254 3387 435 253 3388 434 255 3389 234 256 3390 434 255 3391 433 257 3392 248 259 3393 215 262 3394 214 260 3395 248 259 3396 249 264 3397 216 261 3398 250 263 3399 217 74 3400 216 261 3401 250 263 3402 251 266 3403 218 265 3404 251 266 3405 252 269 3406 219 267 3407 253 268 3408 220 271 3409 219 267 3410 253 268 3411 254 272 3412 221 270 3413 254 272 3414 255 74 3415 222 74 3416 255 74 3417 256 74 3418 223 74 3419 257 273 3420 224 275 3421 223 74 3422 257 273 3423 258 277 3424 225 274 3425 259 276 3426 226 279 3427 225 274 3428 260 278 3429 227 281 3430 226 279 3431 260 278 3432 261 283 3433 228 280 3434 262 282 3435 229 343 3436 228 280 3437 252 284 3438 283 312 3439 284 285 3440 59 306 3489 309 362 3490 308 307 3491 276 309 3492 294 328 3493 315 223 3494 251 311 3495 282 316 3496 283 312 3497 57 308 3498 308 307 3499 307 313 3500 250 315 3501 281 326 3502 282 316 3503 55 314 3504 307 313 3505 306 317 3506 198 235 3507 295 221 3508 296 319 3509 1 320 3510 314 369 3511 313 321 3512 53 318 3513 306 317 3514 305 323 3515 249 325 3516 280 330 3517 281 326 3518 262 327 3519 293 334 3520 294 328 3521 248 329 3522 278 336 3523 280 330 3524 51 324 3525 305 323 3526 304 331 3527 261 333 3528 292 366 3529 293 334 3530 247 335 3531 279 351 3532 278 336 3533 233 258 3537 433 257 3538 431 337 3539 265 64 3540 267 188 3541 132 190 3542 266 180 3546 268 179 3547 295 221 3548 100 123 3549 265 64 3550 264 63 3551 67 338 3552 264 0 3553 316 0 3554 49 332 3555 304 331 3556 303 340 3557 262 282 3558 276 74 3559 274 342 3560 274 310 3567 315 223 3568 196 220 3569 131 120 3570 273 225 3571 272 346 3572 98 348 3573 272 1327 3574 349 349 3575 61 370 3630 310 365 3631 309 362 3632 253 286 3633 284 285 3634 285 357 3635 63 372 3636 311 368 3637 310 365 3638 254 371 3639 285 357 3640 286 358 3641 37 374 3642 297 350 3643 298 352 3644 65 375 3645 312 367 3646 311 368 3647 255 373 3648 286 358 3649 287 359 3650 39 377 3651 299 354 3652 297 350 3653 277 322 3654 313 321 3655 312 367 3656 256 376 3657 287 359 3658 288 361 3659 41 379 3660 300 353 3661 299 354 3662 257 378 3666 288 361 3667 289 360 3668 43 381 3669 301 355 3670 300 353 3671 258 380 3672 289 360 3673 290 364 3674 45 383 3675 302 356 3676 301 355 3677 259 382 3678 290 364 3679 291 363 3680 47 341 3681 303 340 3682 302 356 3683 260 384 3684 291 363 3685 292 366 3686 2 385 3687 263 388 3688 316 386 3689 4 388 3690 2 385 3691 317 387 3692 6 390 3693 4 388 3694 318 389 3695 6 390 3696 319 391 3697 320 392 3698 10 388 3699 8 393 3700 320 392 3701 10 388 3702 321 388 3703 322 394 3704 14 396 3705 12 395 3706 322 394 3707 16 398 3708 14 396 3709 323 397 3710 18 400 3711 16 398 3712 324 399 3713 20 401 3714 18 400 3715 325 388 3716 20 401 3717 326 388 3718 327 402 3719 24 404 3720 22 403 3721 327 402 3722 26 406 3723 24 404 3724 328 405 3725 26 406 3726 329 407 3727 330 408 3728 30 410 3729 28 409 3730 330 408 3731 30 410 3732 331 411 3733 332 412 3734 34 413 3735 333 388 3736 334 414 3737 38 416 3738 36 415 3739 334 414 3740 40 418 3741 38 416 3742 335 417 3743 40 418 3744 336 419 3745 337 420 3746 44 422 3747 42 421 3748 337 420 3749 44 422 3750 338 388 3751 339 388 3752 48 424 3753 46 423 3754 339 388 3755 50 426 3756 48 424 3757 340 425 3758 52 388 3759 50 426 3760 341 388 3761 54 428 3762 52 388 3763 342 427 3764 54 428 3765 343 429 3766 344 430 3767 58 432 3768 56 431 3769 344 430 3770 60 434 3771 58 432 3772 345 433 3773 60 434 3774 346 435 3775 347 436 3776 64 437 3777 62 388 3778 347 436 3779 275 222 3780 271 345 3781 349 439 3782 349 439 3783 272 346 3784 275 222 3785 0 344 3786 350 1326 3787 316 386 3788 64 437 3789 348 438 3790 349 439 3791 384 442 3792 786 1322 3793 351 1324 3794 351 1324 3795 352 1214 3796 785 388 3797 785 388 3798 353 1217 3799 351 1324 3800 353 1217 3801 354 1218 3802 351 1324 3803 354 1218 3804 355 388 3805 351 1324 3806 355 388 3807 356 1219 3808 351 1324 3809 356 1219 3810 357 1221 3811 351 1324 3812 357 1221 3813 358 1223 3814 351 1324 3815 358 1223 3816 359 1225 3817 351 1324 3818 359 1225 3819 784 1294 3820 351 1324 3821 784 1294 3822 360 1295 3823 361 1226 3824 361 1226 3825 362 1229 3826 363 1232 3827 363 1232 3828 364 1233 3829 365 1236 3830 365 1236 3831 783 1253 3832 366 1296 3833 366 1296 3834 367 1237 3835 368 1240 3836 368 1240 3837 369 1242 3838 782 1298 3839 782 1298 3840 370 1300 3841 778 1252 3842 370 1300 3843 781 1302 3844 778 1252 3845 781 1302 3846 371 1303 3847 778 1252 3848 371 1303 3849 780 1305 3850 778 1252 3851 780 1305 3852 372 1307 3853 778 1252 3854 372 1307 3855 373 1243 3856 778 1252 3857 373 1243 3858 374 1245 3859 778 1252 3860 374 1245 3861 375 1248 3862 778 1252 3863 375 1248 3864 779 1251 3865 778 1252 3866 778 1252 3867 376 1325 3868 811 440 3869 811 440 3870 810 1289 3871 809 1290 3872 809 1290 3873 808 1286 3874 811 440 3875 808 1286 3876 377 1308 3877 811 440 3878 377 1308 3879 807 1310 3880 811 440 3881 807 1310 3882 378 1311 3883 811 440 3884 378 1311 3885 806 1313 3886 811 440 3887 806 1313 3888 805 1284 3889 811 440 3890 805 1284 3891 379 1314 3892 811 440 3893 379 1314 3894 804 1282 3895 811 440 3896 804 1282 3897 803 1283 3898 802 1280 3899 802 1280 3900 801 1277 3901 380 1317 3902 380 1317 3903 800 1276 3904 381 441 3905 381 441 3906 799 1271 3907 798 1273 3908 798 1273 3909 382 1319 3910 797 1269 3911 797 1269 3912 796 1270 3913 795 1266 3914 795 1266 3915 794 1267 3916 384 442 3917 794 1267 3918 793 1264 3919 384 442 3920 793 1264 3921 792 1262 3922 384 442 3923 792 1262 3924 791 1260 3925 384 442 3926 791 1260 3927 790 388 3928 384 442 3929 790 388 3930 789 1259 3931 384 442 3932 789 1259 3933 788 1255 3934 384 442 3935 788 1255 3936 787 1257 3937 384 442 3938 787 1257 3939 383 1249 3940 384 442 3941 384 442 3942 351 1324 3943 811 440 3944 784 1294 3945 361 1226 3946 351 1324 3947 361 1226 3948 363 1232 3949 351 1324 3950 363 1232 3951 365 1236 3952 351 1324 3953 365 1236 3954 366 1296 3955 778 1252 3956 366 1296 3957 368 1240 3958 778 1252 3959 368 1240 3960 782 1298 3961 778 1252 3962 778 1252 3963 811 440 3964 351 1324 3965 804 1282 3966 802 1280 3967 811 440 3968 802 1280 3969 380 1317 3970 811 440 3971 380 1317 3972 381 441 3973 811 440 3974 381 441 3975 798 1273 3976 384 442 3977 798 1273 3978 797 1269 3979 384 442 3980 797 1269 3981 795 1266 3982 384 442 3983 365 1236 3984 778 1252 3985 351 1324 3986 826 1144 4089 386 1191 4090 886 508 4091 886 508 4092 385 1125 4093 410 1127 4094 410 1127 4095 827 1145 4096 828 1147 4097 828 1147 4098 829 1148 4099 410 1127 4100 829 1148 4101 830 1151 4102 410 1127 4103 830 1151 4104 831 1152 4105 410 1127 4106 831 1152 4107 832 1153 4108 410 1127 4109 832 1153 4110 833 1156 4111 410 1127 4112 833 1156 4113 834 1158 4114 410 1127 4115 834 1158 4116 835 1159 4117 836 1161 4118 836 1161 4119 837 1164 4120 409 1209 4121 409 1209 4122 838 1165 4123 839 1167 4124 839 1167 4125 840 1168 4126 408 1122 4127 408 1122 4128 407 1124 4129 841 1207 4130 841 1207 4131 842 1171 4132 843 1175 4133 843 1175 4134 406 1206 4135 844 1176 4136 844 1176 4137 845 1178 4138 405 1205 4139 405 1205 4140 846 1203 4141 812 1190 4142 846 1203 4143 847 1179 4144 812 1190 4145 847 1179 4146 848 1183 4147 812 1190 4148 848 1183 4149 404 1202 4150 812 1190 4151 404 1202 4152 849 1184 4153 812 1190 4154 849 1184 4155 850 1186 4156 812 1190 4157 850 1186 4158 851 1187 4159 812 1190 4160 812 1190 4161 403 1200 4162 887 1213 4163 887 1213 4164 402 1117 4165 401 1119 4166 401 1119 4167 813 1198 4168 887 1213 4169 813 1198 4170 400 74 4171 887 1213 4172 400 74 4173 399 74 4174 887 1213 4175 399 74 4176 398 1113 4177 887 1213 4178 398 1113 4179 397 1111 4180 887 1213 4181 397 1111 4182 396 1112 4183 887 1213 4184 396 1112 4185 395 1109 4186 394 1106 4187 394 1106 4188 393 1107 4189 392 1104 4190 392 1104 4191 814 1196 4192 391 1197 4193 391 1197 4194 815 1128 4195 390 1130 4196 390 1130 4197 816 1131 4198 817 1134 4199 817 1134 4200 389 1102 4201 388 1101 4202 388 1101 4203 387 74 4204 818 506 4205 818 506 4206 819 1109 4207 820 507 4208 820 507 4209 821 1135 4210 886 508 4211 821 1135 4212 822 1137 4213 886 508 4214 822 1137 4215 823 1139 4216 886 508 4217 823 1139 4218 824 1140 4219 886 508 4220 824 1140 4221 825 1142 4222 886 508 4223 825 1142 4224 826 1144 4225 886 508 4226 886 508 4227 410 1127 4228 887 1213 4229 834 1158 4230 836 1161 4231 410 1127 4232 836 1161 4233 409 1209 4234 410 1127 4235 409 1209 4236 839 1167 4237 410 1127 4238 839 1167 4239 408 1122 4240 410 1127 4241 408 1122 4242 841 1207 4243 812 1190 4244 841 1207 4245 843 1175 4246 812 1190 4247 843 1175 4248 844 1176 4249 812 1190 4250 844 1176 4251 405 1205 4252 812 1190 4253 812 1190 4254 887 1213 4255 410 1127 4256 812 1190 4257 410 1127 4258 408 1122 4259 396 1112 4260 394 1106 4261 887 1213 4262 394 1106 4263 392 1104 4264 887 1213 4265 392 1104 4266 391 1197 4267 887 1213 4268 391 1197 4269 390 1130 4270 887 1213 4271 390 1130 4272 817 1134 4273 886 508 4274 887 1213 4275 390 1130 4276 886 508 4277 817 1134 4278 388 1101 4279 886 508 4280 388 1101 4281 818 506 4282 886 508 4283 25 301 4284 888 544 4285 890 509 4286 29 305 4287 27 303 4288 890 509 4289 31 304 4290 29 305 4291 910 510 4292 33 512 4293 31 304 4294 909 511 4295 277 322 4296 906 543 4297 905 514 4298 37 374 4299 35 32 4300 903 515 4301 39 377 4302 37 374 4303 933 516 4304 41 379 4305 39 377 4306 931 517 4307 43 381 4308 41 379 4309 932 518 4310 45 383 4311 43 381 4312 954 519 4313 1 320 4314 905 514 4315 955 521 4316 47 341 4317 45 383 4318 930 520 4319 5 293 4320 3 287 4321 946 523 4322 49 332 4323 47 341 4324 929 522 4325 7 292 4326 5 293 4327 919 524 4328 51 324 4329 49 332 4330 928 525 4331 9 294 4332 7 292 4333 918 526 4334 53 318 4335 51 324 4336 927 527 4337 270 289 4338 955 521 4339 946 523 4340 11 296 4341 9 294 4342 917 528 4343 55 314 4344 53 318 4345 926 529 4346 13 295 4347 11 296 4348 916 530 4349 57 308 4350 55 314 4351 925 531 4352 15 297 4353 13 295 4354 915 532 4355 59 306 4356 57 308 4357 924 533 4358 17 298 4359 15 297 4360 914 534 4361 61 370 4362 59 306 4363 923 535 4364 19 300 4365 17 298 4366 913 536 4367 63 372 4368 61 370 4369 922 537 4370 21 299 4371 19 300 4372 911 538 4373 65 375 4374 63 372 4375 920 539 4376 23 302 4377 21 299 4378 912 540 4379 277 322 4380 65 375 4381 921 541 4382 23 302 4383 889 542 4384 888 544 4385 432 545 4386 414 548 4387 411 546 4388 432 545 4389 431 74 4390 413 547 4391 433 549 4392 415 551 4393 413 547 4394 433 549 4395 434 552 4396 416 550 4397 434 552 4398 435 74 4399 417 553 4400 436 554 4401 418 74 4402 417 553 4403 436 554 4404 437 556 4405 419 555 4406 437 556 4407 438 74 4408 420 74 4409 438 74 4410 439 559 4411 421 557 4412 440 558 4413 422 561 4414 421 557 4415 440 558 4416 441 563 4417 423 560 4418 442 562 4419 424 565 4420 423 560 4421 443 564 4422 425 74 4423 424 565 4424 443 564 4425 444 568 4426 426 566 4427 445 567 4428 427 569 4429 426 566 4430 445 567 4431 446 74 4432 428 74 4433 430 570 4434 429 74 4435 411 546 4436 199 172 4437 413 230 4438 415 572 4439 200 168 4440 415 572 4441 416 573 4442 201 164 4443 416 573 4444 417 574 4445 202 160 4446 417 574 4447 418 575 4448 203 156 4449 418 575 4450 419 576 4451 204 152 4452 419 576 4453 420 577 4454 205 148 4455 420 577 4456 421 578 4457 206 144 4458 421 578 4459 422 579 4460 207 140 4461 422 579 4462 423 580 4463 266 180 4464 411 236 4465 414 581 4466 208 135 4467 423 580 4468 424 582 4469 209 133 4470 424 582 4471 425 583 4472 210 131 4473 425 583 4474 426 584 4475 230 291 4476 432 588 4477 429 585 4478 269 288 4479 429 585 4480 430 586 4481 211 129 4482 426 584 4483 427 587 4484 232 290 4485 431 337 4486 432 588 4487 212 127 4488 427 587 4489 428 31 4490 746 589 4491 509 592 4492 695 590 4493 747 591 4494 511 594 4495 509 592 4496 748 593 4497 512 596 4498 511 594 4499 749 595 4500 513 598 4501 512 596 4502 750 597 4503 514 600 4504 513 598 4505 751 599 4506 515 602 4507 514 600 4508 752 601 4509 516 604 4510 515 602 4511 753 603 4512 517 606 4513 516 604 4514 754 605 4515 518 608 4516 517 606 4517 755 607 4518 519 610 4519 518 608 4520 756 609 4521 520 612 4522 519 610 4523 757 611 4524 521 614 4525 520 612 4526 758 613 4527 522 616 4528 521 614 4529 759 615 4530 523 618 4531 522 616 4532 760 617 4533 524 619 4534 523 618 4535 332 31 4536 82 31 4537 524 619 4538 761 620 4539 525 622 4540 83 32 4541 762 621 4542 526 624 4543 525 622 4544 763 623 4545 527 626 4546 526 624 4547 764 625 4548 528 628 4549 527 626 4550 765 627 4551 529 630 4552 528 628 4553 766 629 4554 530 632 4555 529 630 4556 767 631 4557 531 634 4558 530 632 4559 768 633 4560 532 636 4561 531 634 4562 769 635 4563 533 638 4564 532 636 4565 770 637 4566 534 640 4567 533 638 4568 771 639 4569 535 642 4570 534 640 4571 772 641 4572 536 644 4573 535 642 4574 773 643 4575 537 646 4576 536 644 4577 774 645 4578 538 648 4579 537 646 4580 775 647 4581 539 909 4582 538 648 4583 695 649 4584 509 652 4585 540 650 4586 509 652 4587 511 654 4588 542 653 4589 511 654 4590 512 1328 4591 543 655 4592 543 655 4593 512 1328 4594 513 69 4595 513 69 4596 514 74 4597 545 657 4598 514 74 4599 515 108 4600 546 658 4601 515 108 4602 516 660 4603 547 659 4604 516 660 4605 517 662 4606 548 661 4607 517 662 4608 518 664 4609 549 663 4610 518 664 4611 519 666 4612 550 665 4613 519 666 4614 520 668 4615 551 667 4616 520 668 4617 521 670 4618 552 669 4619 521 670 4620 522 1329 4621 553 671 4622 553 671 4623 522 1329 4624 523 672 4625 523 672 4626 524 1330 4627 555 674 4628 555 674 4629 524 1330 4630 82 74 4631 116 93 4632 83 74 4633 525 675 4634 525 675 4635 526 678 4636 557 677 4637 526 678 4638 527 1331 4639 558 679 4640 558 679 4641 527 1331 4642 528 680 4643 528 680 4644 529 683 4645 560 682 4646 529 683 4647 530 685 4648 561 684 4649 530 685 4650 531 687 4651 562 686 4652 531 687 4653 532 74 4654 563 688 4655 532 74 4656 533 690 4657 564 689 4658 533 690 4659 534 692 4660 565 691 4661 534 692 4662 535 694 4663 566 693 4664 535 694 4665 536 696 4666 567 695 4667 536 696 4668 537 119 4669 568 697 4670 568 697 4671 537 119 4672 538 698 4673 538 698 4674 539 1332 4675 570 700 4676 447 905 4677 777 1333 4678 572 703 4679 777 1333 4680 510 701 4681 572 703 4682 616 704 4683 180 776 4684 213 125 4685 615 706 4686 616 704 4687 647 705 4688 614 708 4689 615 706 4690 646 707 4691 613 710 4692 614 708 4693 645 709 4694 612 712 4695 613 710 4696 644 711 4697 630 714 4698 631 788 4699 662 715 4700 611 717 4701 612 712 4702 643 713 4703 629 719 4704 630 714 4705 661 716 4706 610 721 4707 611 717 4708 642 718 4709 628 723 4710 629 719 4711 660 720 4712 609 725 4713 610 721 4714 641 722 4715 627 727 4716 628 723 4717 659 724 4718 608 729 4719 609 725 4720 640 726 4721 626 731 4722 627 727 4723 658 728 4724 607 733 4725 608 729 4726 639 730 4727 625 735 4728 626 731 4729 657 732 4730 606 737 4731 607 733 4732 638 734 4733 624 739 4734 625 735 4735 656 736 4736 605 741 4737 606 737 4738 637 738 4739 623 743 4740 624 739 4741 655 740 4742 604 745 4743 605 741 4744 636 742 4745 622 747 4746 623 743 4747 654 744 4748 603 749 4749 604 745 4750 635 746 4751 621 751 4752 622 747 4753 653 748 4754 602 753 4755 603 749 4756 634 750 4757 620 755 4758 621 751 4759 652 752 4760 699 757 4761 602 753 4762 632 754 4763 619 759 4764 620 755 4765 651 756 4766 618 761 4767 619 759 4768 650 760 4769 617 763 4770 618 761 4771 649 762 4772 181 187 4773 617 763 4774 648 764 4775 587 777 4872 149 206 4873 116 93 4874 588 778 4875 587 777 4876 556 676 4877 589 792 4878 588 778 4879 557 677 4880 590 779 4881 589 792 4882 558 679 4883 698 765 4884 572 703 4885 541 702 4886 591 780 4887 590 779 4888 559 681 4889 573 766 4890 571 900 4891 540 650 4892 592 781 4893 591 780 4894 560 682 4895 574 793 4896 573 766 4897 542 653 4898 593 782 4899 592 781 4900 561 684 4901 575 767 4902 574 793 4903 543 655 4904 594 783 4905 593 782 4906 562 686 4907 576 768 4908 575 767 4909 544 656 4910 595 784 4911 594 783 4912 563 688 4913 577 769 4914 576 768 4915 545 657 4916 596 794 4917 595 784 4918 564 689 4919 578 770 4920 577 769 4921 546 658 4922 597 785 4923 596 794 4924 565 691 4925 579 771 4926 578 770 4927 547 659 4928 598 786 4929 597 785 4930 566 693 4931 580 772 4932 579 771 4933 548 661 4934 599 795 4935 598 786 4936 567 695 4937 581 796 4938 580 772 4939 549 663 4940 600 787 4941 599 795 4942 568 697 4943 582 773 4944 581 796 4945 550 665 4946 601 797 4947 600 787 4948 569 699 4949 583 774 4950 582 773 4951 551 667 4952 706 789 4953 601 797 4954 570 700 4955 584 799 4956 583 774 4957 552 669 4958 585 775 4959 584 799 4960 553 671 4961 586 800 4962 585 775 4963 554 673 4964 148 203 4965 586 800 4966 555 674 4967 885 801 4968 446 32 4969 246 227 4970 854 803 4971 855 1092 4972 632 754 4973 884 804 4974 885 801 4975 678 802 4976 883 806 4977 884 804 4978 677 805 4979 852 808 4980 853 812 4981 633 809 4982 882 810 4983 883 806 4984 676 807 4985 853 812 4986 870 1098 4987 664 813 4988 881 814 4989 882 810 4990 675 811 4991 880 816 4992 881 814 4993 674 815 4994 879 818 4995 880 816 4996 673 817 4997 878 820 4998 879 818 4999 672 819 5000 877 822 5001 878 820 5002 671 821 5003 876 824 5004 877 822 5005 670 823 5006 875 826 5007 876 824 5008 669 825 5009 874 828 5010 875 826 5011 668 827 5012 873 830 5013 874 828 5014 667 829 5015 214 260 5016 648 1334 5017 679 832 5018 679 832 5019 648 1334 5020 649 833 5021 649 833 5022 650 74 5023 681 74 5024 681 74 5025 650 74 5026 651 835 5027 682 266 5028 651 835 5029 652 836 5030 652 836 5031 653 271 5032 684 838 5033 684 838 5034 653 271 5035 654 270 5036 685 839 5037 654 270 5038 655 74 5039 686 74 5040 655 74 5041 656 74 5042 656 74 5043 657 275 5044 688 273 5045 688 273 5046 657 275 5047 658 840 5048 658 840 5049 659 843 5050 690 842 5051 659 843 5052 660 1335 5053 691 844 5054 691 844 5055 660 1335 5056 661 845 5057 661 845 5058 662 1336 5059 693 847 5060 714 848 5061 713 874 5062 683 849 5063 737 869 5112 738 919 5113 502 870 5114 744 791 5115 724 890 5116 707 872 5117 713 874 5118 712 878 5119 682 875 5120 736 876 5121 737 869 5122 500 871 5123 712 878 5124 711 888 5125 681 879 5126 735 880 5127 736 876 5128 498 877 5129 726 882 5130 725 790 5131 633 809 5132 742 883 5133 743 925 5134 448 884 5135 734 886 5136 735 880 5137 496 881 5138 711 888 5139 710 892 5140 680 889 5141 724 890 5142 723 896 5143 693 891 5144 710 892 5145 709 898 5146 679 893 5147 733 894 5148 734 886 5149 494 887 5150 723 896 5151 722 922 5152 692 897 5153 709 898 5154 279 351 5155 247 335 5156 871 899 5160 873 830 5161 666 831 5162 571 900 5163 698 765 5164 696 651 5165 725 790 5169 699 757 5170 697 758 5171 541 702 5172 510 701 5173 695 649 5174 745 590 5175 695 590 5176 510 901 5177 732 903 5178 733 894 5179 492 895 5180 693 847 5181 662 1336 5182 705 342 5183 631 788 5190 744 791 5191 705 873 5192 570 700 5193 539 1332 5194 703 907 5195 776 908 5196 703 1337 5197 539 909 5198 738 919 5253 739 921 5254 504 926 5255 715 915 5256 714 848 5257 684 850 5258 739 921 5259 740 923 5260 506 928 5261 716 916 5262 715 915 5263 685 927 5264 298 352 5265 727 910 5266 480 930 5267 740 923 5268 741 924 5269 508 931 5270 717 917 5271 716 916 5272 686 929 5273 727 910 5274 728 911 5275 482 933 5276 741 924 5277 742 883 5278 708 885 5279 718 934 5280 717 917 5281 687 932 5282 728 911 5283 729 912 5284 484 936 5285 719 918 5289 718 934 5290 688 935 5291 729 912 5292 730 913 5293 486 938 5294 720 939 5295 719 918 5296 689 937 5297 730 913 5298 731 914 5299 488 941 5300 721 920 5301 720 939 5302 690 940 5303 731 914 5304 732 903 5305 490 904 5306 722 922 5307 721 920 5308 691 942 5309 449 943 5310 746 946 5311 745 944 5312 451 388 5313 747 389 5314 746 946 5315 453 947 5316 748 391 5317 747 389 5318 749 388 5319 748 391 5320 453 947 5321 457 388 5322 750 388 5323 749 388 5324 751 948 5325 750 388 5326 457 388 5327 461 396 5328 752 397 5329 751 948 5330 463 398 5331 753 399 5332 752 397 5333 465 949 5334 754 388 5335 753 399 5336 467 950 5337 755 1338 5338 754 388 5339 756 951 5340 755 1338 5341 467 950 5342 471 953 5343 757 955 5344 756 951 5345 473 954 5346 758 1339 5347 757 955 5348 759 956 5349 758 1339 5350 473 954 5351 477 958 5352 760 1340 5353 759 956 5354 332 412 5355 760 1340 5356 477 958 5357 761 959 5358 333 388 5359 34 413 5360 481 961 5361 762 963 5362 761 959 5363 483 962 5364 763 1341 5365 762 963 5366 764 964 5367 763 1341 5368 483 962 5369 487 966 5370 765 1342 5371 764 964 5372 766 967 5373 765 1342 5374 487 966 5375 491 424 5376 767 425 5377 766 967 5378 493 426 5379 768 388 5380 767 425 5381 495 388 5382 769 427 5383 768 388 5384 497 969 5385 770 1343 5386 769 427 5387 771 970 5388 770 1343 5389 497 969 5390 501 971 5391 772 972 5392 771 970 5393 503 434 5394 773 435 5395 772 972 5396 774 973 5397 773 435 5398 503 434 5399 507 974 5400 775 1344 5401 774 973 5402 776 975 5403 702 906 5404 706 789 5405 706 789 5406 704 798 5407 703 907 5408 745 944 5409 777 1333 5410 447 905 5411 776 975 5412 775 1344 5413 507 974 5414 474 866 5517 948 1039 5518 892 1038 5519 476 867 5520 947 1040 5521 948 1039 5522 478 868 5523 908 1345 5524 947 1040 5525 907 513 5526 908 1345 5527 478 868 5528 448 884 5529 950 1045 5530 945 1041 5531 480 930 5532 904 1042 5533 903 515 5534 482 933 5535 935 1346 5536 904 1042 5537 934 1043 5538 935 1346 5539 482 933 5540 936 1044 5541 934 1043 5542 484 936 5543 488 941 5544 953 1046 5545 936 1044 5546 701 853 5547 902 1052 5548 950 1045 5549 490 904 5550 938 1347 5551 953 1046 5552 452 855 5553 901 1049 5554 900 1047 5555 937 1048 5556 938 1347 5557 490 904 5558 454 856 5559 949 1050 5560 901 1049 5561 494 887 5562 952 1051 5563 937 1048 5564 456 857 5565 899 1053 5566 949 1050 5567 496 881 5568 940 1348 5569 952 1051 5570 450 852 5571 900 1047 5572 902 1052 5573 458 858 5574 898 1055 5575 899 1053 5576 939 1054 5577 940 1348 5578 496 881 5579 460 859 5580 897 1057 5581 898 1055 5582 941 1056 5583 939 1054 5584 498 877 5585 462 860 5586 896 1058 5587 897 1057 5588 502 870 5589 951 1059 5590 941 1056 5591 464 861 5592 895 1060 5593 896 1058 5594 504 926 5595 943 1349 5596 951 1059 5597 466 862 5598 894 1062 5599 895 1060 5600 942 1061 5601 943 1349 5602 504 926 5603 468 863 5604 893 1064 5605 894 1062 5606 944 1063 5607 942 1061 5608 506 928 5609 470 864 5610 891 1065 5611 893 1064 5612 708 885 5613 945 1041 5614 944 1063 5615 472 865 5616 892 1038 5617 891 1065 5618 852 1066 5619 855 1350 5620 872 1067 5621 872 1067 5622 855 1350 5623 854 1069 5624 854 1069 5625 856 1351 5626 873 1071 5627 873 1071 5628 856 1351 5629 857 550 5630 874 552 5631 857 550 5632 858 553 5633 858 553 5634 859 74 5635 876 554 5636 876 554 5637 859 74 5638 860 555 5639 877 1072 5640 860 555 5641 861 74 5642 878 74 5643 861 74 5644 862 1073 5645 862 1073 5646 863 561 5647 880 1075 5648 880 1075 5649 863 561 5650 864 1076 5651 864 1076 5652 865 1078 5653 882 1077 5654 865 1078 5655 866 74 5656 883 1079 5657 883 1079 5658 866 74 5659 867 1080 5660 867 1080 5661 868 1352 5662 885 1082 5663 885 1082 5664 868 1352 5665 428 74 5666 870 570 5667 853 571 5668 852 1066 5669 856 1083 5670 854 803 5671 634 750 5672 857 1084 5673 856 1083 5674 635 746 5675 858 1085 5676 857 1084 5677 636 742 5678 859 1086 5679 858 1085 5680 637 738 5681 860 1087 5682 859 1086 5683 638 734 5684 861 1088 5685 860 1087 5686 639 730 5687 862 1089 5688 861 1088 5689 640 726 5690 863 1090 5691 862 1089 5692 641 722 5693 864 1091 5694 863 1090 5695 642 718 5696 855 1092 5697 852 808 5698 697 758 5699 865 1093 5700 864 1091 5701 643 713 5702 866 1094 5703 865 1093 5704 644 711 5705 867 1095 5706 866 1094 5707 645 709 5708 869 1096 5709 872 1100 5710 663 1097 5711 870 1098 5712 869 1096 5713 700 851 5714 868 1099 5715 867 1095 5716 646 707 5717 872 1100 5718 871 899 5719 665 854 5720 428 31 5721 868 1099 5722 647 705 5723 388 1101 5724 888 1103 5725 889 74 5726 389 1102 5727 890 1193 5728 888 1103 5729 392 1104 5730 393 1107 5731 891 1105 5732 394 1106 5733 893 74 5734 891 1105 5735 394 1106 5736 395 1109 5737 894 1108 5738 395 1109 5739 396 1112 5740 895 1110 5741 397 1111 5742 896 1114 5743 895 1110 5744 398 1113 5745 897 1116 5746 896 1114 5747 398 1113 5748 399 74 5749 898 1115 5750 400 74 5751 899 74 5752 898 1115 5753 402 1117 5754 900 1121 5755 901 1118 5756 402 1117 5757 887 1213 5758 902 1120 5759 408 1122 5760 903 1170 5761 904 1123 5762 385 1125 5763 905 1212 5764 906 1126 5765 815 1128 5766 908 1195 5767 907 1129 5768 816 1131 5769 390 1130 5770 907 1129 5771 816 1131 5772 909 1132 5773 910 1133 5774 818 506 5775 912 74 5776 911 1108 5777 819 1109 5778 911 1108 5779 913 1110 5780 821 1135 5781 820 507 5782 913 1110 5783 822 1137 5784 821 1135 5785 914 1136 5786 822 1137 5787 915 1116 5788 916 1138 5789 824 1140 5790 823 1139 5791 916 1138 5792 825 1142 5793 824 1140 5794 917 1141 5795 825 1142 5796 918 1143 5797 919 74 5798 827 1145 5799 921 1210 5800 920 1146 5801 829 1148 5802 828 1147 5803 920 1146 5804 829 1148 5805 922 1149 5806 923 1150 5807 830 1151 5808 923 1150 5809 924 74 5810 832 1153 5811 831 1152 5812 924 74 5813 832 1153 5814 925 1154 5815 926 1155 5816 833 1156 5817 926 1155 5818 927 1157 5819 835 1159 5820 834 1158 5821 927 1157 5822 836 1161 5823 835 1159 5824 928 1160 5825 836 1161 5826 929 1162 5827 930 1163 5828 838 1165 5829 932 74 5830 931 1166 5831 840 1168 5832 839 1167 5833 931 1166 5834 840 1168 5835 933 1169 5836 903 1170 5837 842 1171 5838 841 1207 5839 935 1172 5840 842 1171 5841 934 1173 5842 936 1174 5843 844 1176 5844 938 74 5845 937 1177 5846 847 1179 5847 846 1203 5848 940 1180 5849 847 1179 5850 939 1181 5851 941 1182 5852 849 1184 5853 943 74 5854 942 1185 5855 851 1187 5856 850 1186 5857 942 1185 5858 851 1187 5859 944 1188 5860 945 1189 5861 386 1191 5862 826 1144 5863 919 74 5864 818 506 5865 387 74 5866 889 74 5867 389 1102 5868 817 1134 5869 910 1133 5870 815 1128 5871 391 1197 5872 947 1194 5873 814 1196 5874 948 74 5875 947 1194 5876 814 1196 5877 392 1104 5878 892 74 5879 813 1198 5880 949 1199 5881 899 74 5882 813 1198 5883 401 1119 5884 901 1118 5885 403 1200 5886 812 1190 5887 945 1189 5888 849 1184 5889 404 1202 5890 951 74 5891 404 1202 5892 848 1183 5893 941 1182 5894 846 1203 5895 405 1205 5896 952 1204 5897 845 1178 5898 937 1177 5899 952 1204 5900 844 1176 5901 406 1206 5902 953 74 5903 843 1175 5904 936 1174 5905 953 74 5906 407 1124 5907 904 1123 5908 935 1172 5909 838 1165 5910 409 1209 5911 954 1208 5912 409 1209 5913 837 1164 5914 930 1163 5915 827 1145 5916 410 1127 5917 906 1126 5918 386 1191 5919 946 1192 5920 955 1211 5921 385 1125 5922 886 508 5923 955 1211 5924 403 1200 5925 950 1201 5926 902 1120 5927 352 1214 5928 351 1324 5929 956 1215 5930 353 1217 5931 958 388 5932 959 388 5933 354 1218 5934 959 388 5935 960 388 5936 356 1219 5937 355 388 5938 960 388 5939 356 1219 5940 961 388 5941 962 1220 5942 357 1221 5943 962 1220 5944 963 1222 5945 358 1223 5946 963 1222 5947 964 1224 5948 361 1226 5949 360 1295 5950 965 1227 5951 362 1229 5952 361 1226 5953 966 1228 5954 362 1229 5955 967 1230 5956 968 1231 5957 364 1233 5958 363 1232 5959 968 1231 5960 364 1233 5961 969 1234 5962 970 1235 5963 367 1237 5964 366 1296 5965 971 1238 5966 367 1237 5967 972 1230 5968 973 1239 5969 368 1240 5970 973 1239 5971 974 1241 5972 373 1243 5973 372 1307 5974 975 1244 5975 374 1245 5976 373 1243 5977 976 388 5978 374 1245 5979 977 1246 5980 978 1247 5981 383 1249 5982 979 1321 5983 980 1250 5984 779 1251 5985 982 1216 5986 981 1215 5987 783 1253 5988 365 1236 5989 970 1235 5990 788 1255 5991 985 1258 5992 984 1256 5993 788 1255 5994 789 1259 5995 986 388 5996 789 1259 5997 790 388 5998 987 388 5999 791 1260 6000 988 388 6001 987 388 6002 791 1260 6003 792 1262 6004 989 1261 6005 792 1262 6006 793 1264 6007 990 1263 6008 793 1264 6009 794 1267 6010 991 1265 6011 795 1266 6012 992 388 6013 991 1265 6014 795 1266 6015 796 1270 6016 993 1268 6017 797 1269 6018 994 1320 6019 993 1268 6020 799 1271 6021 996 1275 6022 995 1272 6023 799 1271 6024 381 441 6025 997 1274 6026 800 1276 6027 998 1318 6028 997 1274 6029 801 1277 6030 802 1280 6031 1000 1278 6032 802 1280 6033 803 1283 6034 1001 1281 6035 804 1282 6036 1002 388 6037 1001 1281 6038 805 1284 6039 806 1313 6040 1004 1224 6041 808 1286 6042 809 1290 6043 1006 1287 6044 810 1289 6045 1007 1292 6046 1006 1287 6047 810 1289 6048 811 440 6049 1008 1291 6050 352 1214 6051 957 1216 6052 1009 1293 6053 353 1217 6054 785 388 6055 1009 1293 6056 784 1294 6057 359 1225 6058 964 1224 6059 784 1294 6060 1010 388 6061 965 1227 6062 783 1253 6063 983 1254 6064 971 1238 6065 369 1242 6066 974 1241 6067 1011 1297 6068 782 1298 6069 1011 1297 6070 1012 1299 6071 370 1300 6072 1012 1299 6073 1013 1301 6074 371 1303 6075 781 1302 6076 1013 1301 6077 780 1305 6078 371 1303 6079 1014 1304 6080 780 1305 6081 1015 1306 6082 975 1244 6083 779 1251 6084 375 1248 6085 978 1247 6086 808 1286 6087 1005 1288 6088 1016 388 6089 377 1308 6090 1016 388 6091 1017 1309 6092 378 1311 6093 807 1310 6094 1017 1309 6095 378 1311 6096 1018 1312 6097 1004 1224 6098 379 1314 6099 805 1284 6100 1003 1285 6101 804 1282 6102 379 1314 6103 1019 1315 6104 801 1277 6105 999 1279 6106 1020 1316 6107 800 1276 6108 380 1317 6109 1020 1316 6110 382 1319 6111 798 1273 6112 995 1272 6113 382 1319 6114 1021 388 6115 994 1320 6116 383 1249 6117 787 1257 6118 984 1256 6119 786 1322 6120 384 442 6121 980 1250 6122 786 1322 6123 1022 1323 6124 956 1215 6125 376 1325 6126 1023 1323 6127 1008 1291 6128 376 1325 6129 778 1252 6130 981 1215 6131</p>
        </triangles>
        <triangles material="Black-material" count="420">
          <input semantic="VERTEX" source="#Cylinder_001-mesh-vertices" offset="0"/>
          <input semantic="NORMAL" source="#Cylinder_001-mesh-normals" offset="1"/>
          <input semantic="TEXCOORD" source="#Cylinder_001-mesh-map-0" offset="2" set="0"/>
          <p>165 175 282 267 188 283 268 179 284 165 175 285 134 189 286 132 190 287 167 167 288 134 189 289 166 171 290 167 167 291 136 191 292 135 192 293 168 163 294 137 193 295 136 191 296 169 159 297 138 194 298 137 193 299 170 155 300 139 195 301 138 194 302 172 147 303 139 195 304 171 151 305 173 143 306 140 196 307 172 147 308 174 139 309 141 197 310 173 143 311 174 139 312 143 198 313 142 199 314 176 132 315 143 198 316 175 134 317 177 130 318 144 200 319 176 132 320 177 130 321 146 201 322 145 202 323 179 126 324 146 201 325 178 128 326 179 126 327 148 203 328 147 204 329 181 187 330 150 205 331 149 206 332 182 185 333 151 207 334 150 205 335 184 181 336 151 207 337 183 183 338 184 181 339 153 208 340 152 209 341 185 177 342 154 210 343 153 208 344 186 173 345 155 211 346 154 210 347 187 169 348 156 212 349 155 211 350 189 161 351 156 212 352 188 165 353 190 157 354 157 213 355 189 161 356 191 153 357 158 214 358 190 157 359 191 153 360 160 215 361 159 216 362 193 145 363 160 215 364 192 149 365 194 141 366 161 217 367 193 145 368 194 141 369 163 218 370 162 219 371 196 220 372 163 218 373 195 137 374 295 221 375 275 222 376 315 223 377 3 287 570 269 288 571 270 289 572 3 287 573 232 290 574 230 291 575 7 292 576 232 290 577 5 293 578 7 292 579 234 256 580 233 258 581 9 294 582 235 254 583 234 256 584 13 295 585 235 254 586 11 296 587 13 295 588 237 250 589 236 252 590 15 297 591 238 248 592 237 250 593 17 298 594 239 246 595 238 248 596 21 299 597 239 246 598 19 300 599 21 299 600 241 242 601 240 244 602 25 301 603 241 242 604 23 302 605 25 301 606 243 234 607 242 238 608 27 303 609 244 232 610 243 234 611 31 304 612 244 232 613 29 305 614 31 304 615 246 227 616 245 229 617 1 320 663 269 288 664 231 239 665 295 221 672 267 188 673 133 122 674 275 222 690 0 344 691 271 345 692 196 220 693 275 222 694 164 224 695 296 319 705 315 223 706 294 328 707 297 350 708 279 351 709 298 352 710 297 350 711 280 330 712 278 336 713 300 353 714 280 330 715 299 354 716 300 353 717 282 316 718 281 326 719 301 355 720 283 312 721 282 316 722 303 340 723 283 312 724 302 356 725 303 340 726 285 357 727 284 285 728 304 331 729 286 358 730 285 357 731 305 323 732 287 359 733 286 358 734 307 313 735 287 359 736 306 317 737 307 313 738 289 360 739 288 361 740 309 362 741 289 360 742 308 307 743 309 362 744 291 363 745 290 364 746 310 365 747 292 366 748 291 363 749 312 367 750 292 366 751 311 368 752 314 369 753 294 328 754 313 321 755 312 367 756 294 328 757 293 334 758 231 239 792 314 369 793 1 320 794 32 31 921 969 443 922 30 444 923 36 445 924 997 446 925 34 32 926 38 447 927 996 448 928 36 445 929 40 449 930 995 450 931 38 447 932 42 451 933 1021 452 934 40 449 935 44 453 936 994 454 937 42 451 938 2 455 939 956 456 940 263 457 941 46 458 942 993 459 943 44 453 944 4 460 945 957 461 946 2 455 947 48 462 948 992 463 949 46 458 950 6 464 951 1009 465 952 4 460 953 50 466 954 991 467 955 48 462 956 8 468 957 958 469 958 6 464 959 52 470 960 990 471 961 50 466 962 10 472 963 959 473 964 8 468 965 54 474 966 989 475 967 52 470 968 12 476 969 960 477 970 10 472 971 56 478 972 988 479 973 54 474 974 14 480 975 961 481 976 12 476 977 58 482 978 987 483 979 56 478 980 16 484 981 962 485 982 14 480 983 60 486 984 986 487 985 58 482 986 18 488 987 963 16 988 16 484 989 62 489 990 985 490 991 60 486 992 20 491 993 964 492 994 18 488 995 64 493 996 984 494 997 62 489 998 22 495 999 1010 496 1000 20 491 1001 0 344 1002 980 497 1003 271 345 1004 24 498 1005 965 499 1006 22 495 1007 263 457 1008 1022 500 1009 0 344 1010 26 25 1011 966 501 1012 24 498 1013 271 345 1014 979 502 1015 64 493 1016 28 503 1017 967 504 1018 26 25 1019 30 444 1020 968 505 1021 28 503 1022 698 765 1515 602 753 1516 699 757 1517 602 753 1518 573 766 1519 603 749 1520 573 766 1521 604 745 1522 603 749 1523 604 745 1524 575 767 1525 605 741 1526 605 741 1527 576 768 1528 606 737 1529 606 737 1530 577 769 1531 607 733 1532 607 733 1533 578 770 1534 608 729 1535 578 770 1536 609 725 1537 608 729 1538 579 771 1539 610 721 1540 609 725 1541 580 772 1542 611 717 1543 610 721 1544 611 717 1545 582 773 1546 612 712 1547 582 773 1548 613 710 1549 612 712 1550 583 774 1551 614 708 1552 613 710 1553 614 708 1554 585 775 1555 615 706 1556 585 775 1557 616 704 1558 615 706 1559 616 704 1560 148 203 1561 180 776 1562 181 187 1563 587 777 1564 617 763 1565 617 763 1566 588 778 1567 618 761 1568 588 778 1569 619 759 1570 618 761 1571 619 759 1572 590 779 1573 620 755 1574 620 755 1575 591 780 1576 621 751 1577 621 751 1578 592 781 1579 622 747 1580 622 747 1581 593 782 1582 623 743 1583 593 782 1584 624 739 1585 623 743 1586 594 783 1587 625 735 1588 624 739 1589 595 784 1590 626 731 1591 625 735 1592 626 731 1593 597 785 1594 627 727 1595 597 785 1596 628 723 1597 627 727 1598 598 786 1599 629 719 1600 628 723 1601 629 719 1602 600 787 1603 630 714 1604 600 787 1605 631 788 1606 630 714 1607 706 789 1608 725 790 1609 744 791 1610 700 851 1803 450 852 1804 701 853 1805 450 852 1806 665 854 1807 452 855 1808 665 854 1809 454 856 1810 452 855 1811 454 856 1812 667 829 1813 456 857 1814 456 857 1815 668 827 1816 458 858 1817 668 827 1818 460 859 1819 458 858 1820 460 859 1821 670 823 1822 462 860 1823 462 860 1824 671 821 1825 464 861 1826 464 861 1827 672 819 1828 466 862 1829 672 819 1830 468 863 1831 466 862 1832 468 863 1833 674 815 1834 470 864 1835 674 815 1836 472 865 1837 470 864 1838 472 865 1839 676 807 1840 474 866 1841 474 866 1842 677 805 1843 476 867 1844 677 805 1845 478 868 1846 476 867 1847 478 868 1848 246 227 1849 33 512 1850 448 884 1896 700 851 1897 701 853 1898 725 790 1905 698 765 1906 699 757 1907 447 905 1923 706 789 1924 702 906 1925 631 788 1926 706 789 1927 744 791 1928 744 791 1938 726 882 1939 724 890 1940 279 351 1941 727 910 1942 298 352 1943 727 910 1944 710 892 1945 728 911 1946 710 892 1947 729 912 1948 728 911 1949 729 912 1950 712 878 1951 730 913 1952 730 913 1953 713 874 1954 731 914 1955 713 874 1956 732 903 1957 731 914 1958 732 903 1959 715 915 1960 733 894 1961 733 894 1962 716 916 1963 734 886 1964 734 886 1965 717 917 1966 735 880 1967 717 917 1968 736 876 1969 735 880 1970 736 876 1971 719 918 1972 737 869 1973 719 918 1974 738 919 1975 737 869 1976 738 919 1977 721 920 1978 739 921 1979 739 921 1980 722 922 1981 740 923 1982 722 922 1983 741 924 1984 740 923 1985 724 890 1986 743 925 1987 742 883 1988 741 924 1989 724 890 1990 742 883 1991 743 925 2025 664 813 2026 448 884 2027 983 976 2151 32 31 2152 477 977 2153 997 446 2154 479 978 2155 34 32 2156 998 979 2157 481 980 2158 479 978 2159 1020 981 2160 483 982 2161 481 980 2162 999 983 2163 485 984 2164 483 982 2165 1000 985 2166 487 986 2167 485 984 2168 981 987 2169 449 988 2170 694 989 2171 1001 990 2172 489 991 2173 487 986 2174 982 992 2175 451 993 2176 449 988 2177 1002 994 2178 491 995 2179 489 991 2180 978 996 2181 453 997 2182 451 993 2183 1019 998 2184 493 999 2185 491 995 2186 977 1000 2187 455 1001 2188 453 997 2189 1003 1002 2190 495 1003 2191 493 999 2192 976 1004 2193 457 1005 2194 455 1001 2195 1004 1006 2196 497 1007 2197 495 1003 2198 975 1008 2199 459 1009 2200 457 1005 2201 1018 1010 2202 499 1011 2203 497 1007 2204 1015 1012 2205 461 1013 2206 459 1009 2207 1017 1014 2208 501 1015 2209 499 1011 2210 1014 1016 2211 463 1017 2212 461 1013 2213 1016 1018 2214 503 1019 2215 501 1015 2216 1013 1020 2217 465 1021 2218 463 1017 2219 1005 1022 2220 505 645 2221 503 1019 2222 1012 1023 2223 467 1024 2224 465 1021 2225 1006 648 2226 507 1025 2227 505 645 2228 1011 1026 2229 469 1027 2230 467 1024 2231 1008 1028 2232 447 905 2233 702 906 2234 974 1029 2235 471 1030 2236 469 1027 2237 1023 1031 2238 694 989 2239 447 905 2240 973 1032 2241 473 1033 2242 471 1030 2243 1007 1034 2244 702 906 2245 507 1025 2246 972 1035 2247 475 1036 2248 473 1033 2249 971 1037 2250 477 977 2251 475 1036 2252 165 175 3153 132 190 3154 267 188 3155 165 175 3156 166 171 3157 134 189 3158 167 167 3159 135 192 3160 134 189 3161 167 167 3162 168 163 3163 136 191 3164 168 163 3165 169 159 3166 137 193 3167 169 159 3168 170 155 3169 138 194 3170 170 155 3171 171 151 3172 139 195 3173 172 147 3174 140 196 3175 139 195 3176 173 143 3177 141 197 3178 140 196 3179 174 139 3180 142 199 3181 141 197 3182 174 139 3183 175 134 3184 143 198 3185 176 132 3186 144 200 3187 143 198 3188 177 130 3189 145 202 3190 144 200 3191 177 130 3192 178 128 3193 146 201 3194 179 126 3195 147 204 3196 146 201 3197 179 126 3198 180 776 3199 148 203 3200 181 187 3201 182 185 3202 150 205 3203 182 185 3204 183 183 3205 151 207 3206 184 181 3207 152 209 3208 151 207 3209 184 181 3210 185 177 3211 153 208 3212 185 177 3213 186 173 3214 154 210 3215 186 173 3216 187 169 3217 155 211 3218 187 169 3219 188 165 3220 156 212 3221 189 161 3222 157 213 3223 156 212 3224 190 157 3225 158 214 3226 157 213 3227 191 153 3228 159 216 3229 158 214 3230 191 153 3231 192 149 3232 160 215 3233 193 145 3234 161 217 3235 160 215 3236 194 141 3237 162 219 3238 161 217 3239 194 141 3240 195 137 3241 163 218 3242 196 220 3243 164 224 3244 163 218 3245 295 221 3246 133 122 3247 275 222 3248 3 287 3441 230 291 3442 269 288 3443 3 287 3444 5 293 3445 232 290 3446 7 292 3447 233 258 3448 232 290 3449 7 292 3450 9 294 3451 234 256 3452 9 294 3453 11 296 3454 235 254 3455 13 295 3456 236 252 3457 235 254 3458 13 295 3459 15 297 3460 237 250 3461 15 297 3462 17 298 3463 238 248 3464 17 298 3465 19 300 3466 239 246 3467 21 299 3468 240 244 3469 239 246 3470 21 299 3471 23 302 3472 241 242 3473 25 301 3474 242 238 3475 241 242 3476 25 301 3477 27 303 3478 243 234 3479 27 303 3480 29 305 3481 244 232 3482 31 304 3483 245 229 3484 244 232 3485 31 304 3486 33 512 3487 246 227 3488 1 320 3534 270 289 3535 269 288 3536 295 221 3543 268 179 3544 267 188 3545 275 222 3561 133 122 3562 0 344 3563 196 220 3564 315 223 3565 275 222 3566 296 319 3576 295 221 3577 315 223 3578 297 350 3579 278 336 3580 279 351 3581 297 350 3582 299 354 3583 280 330 3584 300 353 3585 281 326 3586 280 330 3587 300 353 3588 301 355 3589 282 316 3590 301 355 3591 302 356 3592 283 312 3593 303 340 3594 284 285 3595 283 312 3596 303 340 3597 304 331 3598 285 357 3599 304 331 3600 305 323 3601 286 358 3602 305 323 3603 306 317 3604 287 359 3605 307 313 3606 288 361 3607 287 359 3608 307 313 3609 308 307 3610 289 360 3611 309 362 3612 290 364 3613 289 360 3614 309 362 3615 310 365 3616 291 363 3617 310 365 3618 311 368 3619 292 366 3620 312 367 3621 293 334 3622 292 366 3623 314 369 3624 296 319 3625 294 328 3626 312 367 3627 313 321 3628 294 328 3629 231 239 3663 296 319 3664 314 369 3665 32 31 3987 970 31 3988 969 443 3989 36 445 3990 996 448 3991 997 446 3992 38 447 3993 995 450 3994 996 448 3995 40 449 3996 1021 452 3997 995 450 3998 42 451 3999 994 454 4000 1021 452 4001 44 453 4002 993 459 4003 994 454 4004 2 455 4005 957 461 4006 956 456 4007 46 458 4008 992 463 4009 993 459 4010 4 460 4011 1009 465 4012 957 461 4013 48 462 4014 991 467 4015 992 463 4016 6 464 4017 958 469 4018 1009 465 4019 50 466 4020 990 471 4021 991 467 4022 8 468 4023 959 473 4024 958 469 4025 52 470 4026 989 475 4027 990 471 4028 10 472 4029 960 477 4030 959 473 4031 54 474 4032 988 479 4033 989 475 4034 12 476 4035 961 481 4036 960 477 4037 56 478 4038 987 483 4039 988 479 4040 14 480 4041 962 485 4042 961 481 4043 58 482 4044 986 487 4045 987 483 4046 16 484 4047 963 16 4048 962 485 4049 60 486 4050 985 490 4051 986 487 4052 18 488 4053 964 492 4054 963 16 4055 62 489 4056 984 494 4057 985 490 4058 20 491 4059 1010 496 4060 964 492 4061 64 493 4062 979 502 4063 984 494 4064 22 495 4065 965 499 4066 1010 496 4067 0 344 4068 1022 500 4069 980 497 4070 24 498 4071 966 501 4072 965 499 4073 263 457 4074 956 456 4075 1022 500 4076 26 25 4077 967 504 4078 966 501 4079 271 345 4080 980 497 4081 979 502 4082 28 503 4083 968 505 4084 967 504 4085 30 444 4086 969 443 4087 968 505 4088 698 765 4776 571 900 4777 602 753 4778 602 753 4779 571 900 4780 573 766 4781 573 766 4782 574 793 4783 604 745 4784 604 745 4785 574 793 4786 575 767 4787 605 741 4788 575 767 4789 576 768 4790 606 737 4791 576 768 4792 577 769 4793 607 733 4794 577 769 4795 578 770 4796 578 770 4797 579 771 4798 609 725 4799 579 771 4800 580 772 4801 610 721 4802 580 772 4803 581 796 4804 611 717 4805 611 717 4806 581 796 4807 582 773 4808 582 773 4809 583 774 4810 613 710 4811 583 774 4812 584 799 4813 614 708 4814 614 708 4815 584 799 4816 585 775 4817 585 775 4818 586 800 4819 616 704 4820 616 704 4821 586 800 4822 148 203 4823 181 187 4824 149 206 4825 587 777 4826 617 763 4827 587 777 4828 588 778 4829 588 778 4830 589 792 4831 619 759 4832 619 759 4833 589 792 4834 590 779 4835 620 755 4836 590 779 4837 591 780 4838 621 751 4839 591 780 4840 592 781 4841 622 747 4842 592 781 4843 593 782 4844 593 782 4845 594 783 4846 624 739 4847 594 783 4848 595 784 4849 625 735 4850 595 784 4851 596 794 4852 626 731 4853 626 731 4854 596 794 4855 597 785 4856 597 785 4857 598 786 4858 628 723 4859 598 786 4860 599 795 4861 629 719 4862 629 719 4863 599 795 4864 600 787 4865 600 787 4866 601 797 4867 631 788 4868 706 789 4869 572 703 4870 725 790 4871 700 851 5064 663 1097 5065 450 852 5066 450 852 5067 663 1097 5068 665 854 5069 665 854 5070 666 831 5071 454 856 5072 454 856 5073 666 831 5074 667 829 5075 456 857 5076 667 829 5077 668 827 5078 668 827 5079 669 825 5080 460 859 5081 460 859 5082 669 825 5083 670 823 5084 462 860 5085 670 823 5086 671 821 5087 464 861 5088 671 821 5089 672 819 5090 672 819 5091 673 817 5092 468 863 5093 468 863 5094 673 817 5095 674 815 5096 674 815 5097 675 811 5098 472 865 5099 472 865 5100 675 811 5101 676 807 5102 474 866 5103 676 807 5104 677 805 5105 677 805 5106 678 802 5107 478 868 5108 478 868 5109 678 802 5110 246 227 5111 448 884 5157 664 813 5158 700 851 5159 725 790 5166 572 703 5167 698 765 5168 447 905 5184 572 703 5185 706 789 5186 631 788 5187 601 797 5188 706 789 5189 744 791 5199 725 790 5200 726 882 5201 279 351 5202 709 898 5203 727 910 5204 727 910 5205 709 898 5206 710 892 5207 710 892 5208 711 888 5209 729 912 5210 729 912 5211 711 888 5212 712 878 5213 730 913 5214 712 878 5215 713 874 5216 713 874 5217 714 848 5218 732 903 5219 732 903 5220 714 848 5221 715 915 5222 733 894 5223 715 915 5224 716 916 5225 734 886 5226 716 916 5227 717 917 5228 717 917 5229 718 934 5230 736 876 5231 736 876 5232 718 934 5233 719 918 5234 719 918 5235 720 939 5236 738 919 5237 738 919 5238 720 939 5239 721 920 5240 739 921 5241 721 920 5242 722 922 5243 722 922 5244 723 896 5245 741 924 5246 724 890 5247 726 882 5248 743 925 5249 741 924 5250 723 896 5251 724 890 5252 743 925 5286 726 882 5287 664 813 5288 983 976 5415 970 31 5416 32 31 5417 997 446 5418 998 979 5419 479 978 5420 998 979 5421 1020 981 5422 481 980 5423 1020 981 5424 999 983 5425 483 982 5426 999 983 5427 1000 985 5428 485 984 5429 1000 985 5430 1001 990 5431 487 986 5432 981 987 5433 982 992 5434 449 988 5435 1001 990 5436 1002 994 5437 489 991 5438 982 992 5439 978 996 5440 451 993 5441 1002 994 5442 1019 998 5443 491 995 5444 978 996 5445 977 1000 5446 453 997 5447 1019 998 5448 1003 1002 5449 493 999 5450 977 1000 5451 976 1004 5452 455 1001 5453 1003 1002 5454 1004 1006 5455 495 1003 5456 976 1004 5457 975 1008 5458 457 1005 5459 1004 1006 5460 1018 1010 5461 497 1007 5462 975 1008 5463 1015 1012 5464 459 1009 5465 1018 1010 5466 1017 1014 5467 499 1011 5468 1015 1012 5469 1014 1016 5470 461 1013 5471 1017 1014 5472 1016 1018 5473 501 1015 5474 1014 1016 5475 1013 1020 5476 463 1017 5477 1016 1018 5478 1005 1022 5479 503 1019 5480 1013 1020 5481 1012 1023 5482 465 1021 5483 1005 1022 5484 1006 648 5485 505 645 5486 1012 1023 5487 1011 1026 5488 467 1024 5489 1006 648 5490 1007 1034 5491 507 1025 5492 1011 1026 5493 974 1029 5494 469 1027 5495 1008 1028 5496 1023 1031 5497 447 905 5498 974 1029 5499 973 1032 5500 471 1030 5501 1023 1031 5502 981 987 5503 694 989 5504 973 1032 5505 972 1035 5506 473 1033 5507 1007 1034 5508 1008 1028 5509 702 906 5510 972 1035 5511 971 1037 5512 475 1036 5513 971 1037 5514 983 976 5515 477 977 5516</p>
        </triangles>
      </mesh>
    </geometry>
  </library_geometries>
  <library_visual_scenes>
    <visual_scene id="Scene" name="Scene">
      <node id="body" name="body" type="NODE">
        <matrix sid="transform">1 0 0 0 0 1 0 0 0 0 1 0 0 0 0 1</matrix>
        <instance_geometry url="#Cylinder_001-mesh" name="body">
          <bind_material>
            <technique_common>
              <instance_material symbol="White-material" target="#White-material">
                <bind_vertex_input semantic="UVMap" input_semantic="TEXCOORD" input_set="0"/>
              </instance_material>
              <instance_material symbol="Black-material" target="#Black-material">
                <bind_vertex_input semantic="UVMap" input_semantic="TEXCOORD" input_set="0"/>
              </instance_material>
            </technique_common>
          </bind_material>
        </instance_geometry>
      </node>
    </visual_scene>
  </library_visual_scenes>
  <scene>
    <instance_visual_scene url="#Scene"/>
  </scene>
</COLLADA>