<?xml version="1.0" encoding="utf-8"?>
<COLLADA xmlns="http://www.collada.org/2005/11/COLLADASchema" version="1.4.1" xmlns:xsi="http://www.w3.org/2001/XMLSchema-instance">
  <asset>
    <contributor>
      <author>Blender User</author>
      <authoring_tool>Blender 4.5.0 commit date:2025-07-14, commit time:17:45, hash:8cb6b388974a</authoring_tool>
    </contributor>
    <created>2025-09-05T14:28:21</created>
    <modified>2025-09-05T14:28:21</modified>
    <unit name="meter" meter="1"/>
    <up_axis>Z_UP</up_axis>
  </asset>
  <library_effects>
    <effect id="White-effect">
      <profile_COMMON>
        <technique sid="common">
          <lambert>
            <emission>
              <color sid="emission">0 0 0 1</color>
            </emission>
            <diffuse>
              <color sid="diffuse">0.8 0.8 0.8 1</color>
            </diffuse>
            <index_of_refraction>
              <float sid="ior">1.5</float>
            </index_of_refraction>
          </lambert>
        </technique>
      </profile_COMMON>
    </effect>
    <effect id="Black-effect">
      <profile_COMMON>
        <technique sid="common">
          <lambert>
            <emission>
              <color sid="emission">0 0 0 1</color>
            </emission>
            <diffuse>
              <color sid="diffuse">0 0 0 1</color>
            </diffuse>
            <index_of_refraction>
              <float sid="ior">1.5</float>
            </index_of_refraction>
          </lambert>
        </technique>
      </profile_COMMON>
    </effect>
  </library_effects>
  <library_images/>
  <library_materials>
    <material id="White-material" name="White">
      <instance_effect url="#White-effect"/>
    </material>
    <material id="Black-material" name="Black">
      <instance_effect url="#Black-effect"/>
    </material>
  </library_materials>
  <library_geometries>
    <geometry id="Cylinder_003-mesh" name="Cylinder.003">
      <mesh>
        <source id="Cylinder_003-mesh-positions">
          <float_array id="Cylinder_003-mesh-positions-array" count="3072">0.02749693 0 -0.004999995 0.02249091 0 0.004999995 0.02736455 -0.002695143 -0.004999995 0.02238261 -0.002204477 0.004999995 0.02696859 -0.005364358 -0.004999995 0.02205878 -0.004387736 0.004999995 0.02631294 -0.007981896 -0.004999995 0.02152246 -0.006528735 0.004999995 0.02540385 -0.0105226 -0.004999995 0.02077889 -0.00860691 0.004999995 0.02425014 -0.01296198 -0.004999995 0.01983523 -0.01060211 0.004999995 0.02286291 -0.01527649 -0.004999995 0.01870054 -0.01249527 0.004999995 0.02125543 -0.01744389 -0.004999995 0.01738572 -0.0142681 0.004999995 0.01944327 -0.01944327 -0.004999995 0.01590347 -0.01590347 0.004999995 0.01744389 -0.02125543 -0.004999995 0.0142681 -0.01738572 0.004999995 0.01527649 -0.02286291 -0.004999995 0.01249527 -0.01870054 0.004999995 0.01296198 -0.02425014 -0.004999995 0.01060211 -0.01983523 0.004999995 0.0105226 -0.02540385 -0.004999995 0.00860691 -0.02077889 0.004999995 0.007981896 -0.02631294 -0.004999995 0.006528735 -0.02152246 0.004999995 0.005364358 -0.02696859 -0.004999995 0.004387736 -0.02205878 0.004999995 0.002695143 -0.02736455 -0.004999995 0.002204477 -0.02238261 0.004999995 0 -0.02749693 -0.004999995 0 -0.02249091 0.004999995 -0.002695143 -0.02736455 -0.004999995 -0.002204477 -0.02238261 0.004999995 -0.005364358 -0.02696859 -0.004999995 -0.004387736 -0.02205878 0.004999995 -0.007981896 -0.02631294 -0.004999995 -0.006528735 -0.02152246 0.004999995 -0.0105226 -0.02540385 -0.004999995 -0.00860691 -0.02077889 0.004999995 -0.01296198 -0.02425014 -0.004999995 -0.01060211 -0.01983523 0.004999995 -0.01527649 -0.02286291 -0.004999995 -0.01249527 -0.01870054 0.004999995 -0.01744389 -0.02125543 -0.004999995 -0.0142681 -0.01738572 0.004999995 -0.01944327 -0.01944327 -0.004999995 -0.01590347 -0.01590347 0.004999995 -0.02125543 -0.01744389 -0.004999995 -0.01738572 -0.0142681 0.004999995 -0.02286291 -0.01527649 -0.004999995 -0.01870054 -0.01249527 0.004999995 -0.02425014 -0.01296198 -0.004999995 -0.01983523 -0.01060211 0.004999995 -0.02540385 -0.0105226 -0.004999995 -0.02077889 -0.00860691 0.004999995 -0.02631294 -0.007981896 -0.004999995 -0.02152246 -0.006528735 0.004999995 -0.02696859 -0.005364358 -0.004999995 -0.02205878 -0.004387736 0.004999995 -0.02736455 -0.002695143 -0.004999995 -0.02238261 -0.002204477 0.004999995 -0.02749693 0 -0.004999995 -0.02249091 0 0.004999995 -0.02736455 0.002695143 -0.004999995 -0.02238261 0.002204477 0.004999995 -0.02696859 0.005364358 -0.004999995 -0.02205878 0.004387736 0.004999995 -0.02631294 0.007981896 -0.004999995 -0.02152246 0.006528735 0.004999995 -0.02540385 0.0105226 -0.004999995 -0.02077889 0.00860691 0.004999995 -0.02425014 0.01296198 -0.004999995 -0.01983523 0.01060211 0.004999995 -0.02286291 0.01527649 -0.004999995 -0.01870054 0.01249527 0.004999995 -0.02125543 0.01744389 -0.004999995 -0.01738572 0.0142681 0.004999995 -0.01944327 0.01944327 -0.004999995 -0.01590347 0.01590347 0.004999995 -0.01744389 0.02125543 -0.004999995 -0.0142681 0.01738572 0.004999995 -0.01527649 0.02286291 -0.004999995 -0.01249527 0.01870054 0.004999995 -0.01296198 0.02425014 -0.004999995 -0.01060211 0.01983523 0.004999995 -0.0105226 0.02540385 -0.004999995 -0.00860691 0.02077889 0.004999995 -0.007981896 0.02631294 -0.004999995 -0.006528735 0.02152246 0.004999995 -0.005364358 0.02696859 -0.004999995 -0.004387736 0.02205878 0.004999995 -0.002695143 0.02736455 -0.004999995 -0.002204477 0.02238261 0.004999995 0 0.02749693 -0.004999995 0 0.02249091 0.004999995 0.002695143 0.02736455 -0.004999995 0.002204477 0.02238261 0.004999995 0.005364358 0.02696859 -0.004999995 0.004387736 0.02205878 0.004999995 0.007981896 0.02631294 -0.004999995 0.006528735 0.02152246 0.004999995 0.0105226 0.02540385 -0.004999995 0.00860691 0.02077889 0.004999995 0.01296198 0.02425014 -0.004999995 0.01060211 0.01983523 0.004999995 0.01527649 0.02286291 -0.004999995 0.01249527 0.01870054 0.004999995 0.01744389 0.02125543 -0.004999995 0.0142681 0.01738572 0.004999995 0.01944327 0.01944327 -0.004999995 0.01590347 0.01590347 0.004999995 0.02125543 0.01744389 -0.004999995 0.01738572 0.0142681 0.004999995 0.02286291 0.01527649 -0.004999995 0.01870054 0.01249527 0.004999995 0.02425014 0.01296198 -0.004999995 0.01983523 0.01060211 0.004999995 0.02540385 0.0105226 -0.004999995 0.02077889 0.00860691 0.004999995 0.02631294 0.007981896 -0.004999995 0.02152246 0.006528735 0.004999995 0.02696859 0.005364358 -0.004999995 0.02205878 0.004387736 0.004999995 0.02736455 0.002695143 -0.004999995 0.02238261 0.002204477 0.004999995 0.02999997 0 0.002499997 0.02985548 -0.002940475 0.002499997 0.02942353 -0.005852699 0.002499997 0.02870815 -0.008708536 0.002499997 0.02771633 -0.01148045 0.002499997 0.0264576 -0.01414185 0.002499997 0.02494406 -0.01666706 0.002499997 0.02319025 -0.01903176 0.002499997 0.02121317 -0.02121317 0.002499997 0.01903176 -0.02319025 0.002499997 0.01666706 -0.02494406 0.002499997 0.01414185 -0.0264576 0.002499997 0.01148045 -0.02771633 0.002499997 0.008708536 -0.02870815 0.002499997 0.005852699 -0.02942353 0.002499997 0.002940475 -0.02985548 0.002499997 0 -0.02999997 0.002499997 -0.002940475 -0.02985548 0.002499997 -0.005852699 -0.02942353 0.002499997 -0.008708536 -0.02870815 0.002499997 -0.01148045 -0.02771633 0.002499997 -0.01414185 -0.0264576 0.002499997 -0.01666706 -0.02494406 0.002499997 -0.01903176 -0.02319025 0.002499997 -0.02121317 -0.02121317 0.002499997 -0.02319025 -0.01903176 0.002499997 -0.02494406 -0.01666706 0.002499997 -0.0264576 -0.01414185 0.002499997 -0.02771633 -0.01148045 0.002499997 -0.02870815 -0.008708536 0.002499997 -0.02942353 -0.005852699 0.002499997 -0.02985548 -0.002940475 0.002499997 -0.02999997 0 0.002499997 -0.02985548 0.002940475 0.002499997 -0.02942353 0.005852699 0.002499997 -0.02870815 0.008708536 0.002499997 -0.02771633 0.01148045 0.002499997 -0.0264576 0.01414185 0.002499997 -0.02494406 0.01666706 0.002499997 -0.02319025 0.01903176 0.002499997 -0.02121317 0.02121317 0.002499997 -0.01903176 0.02319025 0.002499997 -0.01666706 0.02494406 0.002499997 -0.01414185 0.0264576 0.002499997 -0.01148045 0.02771633 0.002499997 -0.008708536 0.02870815 0.002499997 -0.005852699 0.02942353 0.002499997 -0.002940475 0.02985548 0.002499997 0 0.02999997 0.002499997 0.002940475 0.02985548 0.002499997 0.005852699 0.02942353 0.002499997 0.008708536 0.02870815 0.002499997 0.01148045 0.02771633 0.002499997 0.01414185 0.0264576 0.002499997 0.01666706 0.02494406 0.002499997 0.01903176 0.02319025 0.002499997 0.02121317 0.02121317 0.002499997 0.02319025 0.01903176 0.002499997 0.02494406 0.01666706 0.002499997 0.0264576 0.01414185 0.002499997 0.02771633 0.01148045 0.002499997 0.02870815 0.008708536 0.002499997 0.02942353 0.005852699 0.002499997 0.02985548 0.002940475 0.002499997 0.02985548 -0.002940475 -0.002499997 0.02942353 -0.005852699 -0.002499997 0.02870815 -0.008708536 -0.002499997 0.02771633 -0.01148045 -0.002499997 0.0264576 -0.01414185 -0.002499997 0.02494406 -0.01666706 -0.002499997 0.02319025 -0.01903176 -0.002499997 0.02121317 -0.02121317 -0.002499997 0.01903176 -0.02319025 -0.002499997 0.01666706 -0.02494406 -0.002499997 0.01414185 -0.0264576 -0.002499997 0.01148045 -0.02771633 -0.002499997 0.008708536 -0.02870815 -0.002499997 0.005852699 -0.02942353 -0.002499997 0.002940475 -0.02985548 -0.002499997 0 -0.02999997 -0.002499997 -0.002940475 -0.02985548 -0.002499997 -0.005852699 -0.02942353 -0.002499997 -0.008708536 -0.02870815 -0.002499997 -0.01148045 -0.02771633 -0.002499997 -0.01414185 -0.0264576 -0.002499997 -0.01666706 -0.02494406 -0.002499997 -0.01903176 -0.02319025 -0.002499997 -0.02121317 -0.02121317 -0.002499997 -0.02319025 -0.01903176 -0.002499997 -0.02494406 -0.01666706 -0.002499997 -0.0264576 -0.01414185 -0.002499997 -0.02771633 -0.01148045 -0.002499997 -0.02870815 -0.008708536 -0.002499997 -0.02942353 -0.005852699 -0.002499997 -0.02985548 -0.002940475 -0.002499997 -0.02999997 0 -0.002499997 -0.02985548 0.002940475 -0.002499997 -0.02942353 0.005852699 -0.002499997 -0.02870815 0.008708536 -0.002499997 -0.02771633 0.01148045 -0.002499997 -0.0264576 0.01414185 -0.002499997 -0.02494406 0.01666706 -0.002499997 -0.02319025 0.01903176 -0.002499997 -0.02121317 0.02121317 -0.002499997 -0.01903176 0.02319025 -0.002499997 -0.01666706 0.02494406 -0.002499997 -0.01414185 0.0264576 -0.002499997 -0.01148045 0.02771633 -0.002499997 -0.008708536 0.02870815 -0.002499997 -0.005852699 0.02942353 -0.002499997 -0.002940475 0.02985548 -0.002499997 0 0.02999997 -0.002499997 0.002940475 0.02985548 -0.002499997 0.005852699 0.02942353 -0.002499997 0.008708536 0.02870815 -0.002499997 0.01148045 0.02771633 -0.002499997 0.01414185 0.0264576 -0.002499997 0.01666706 0.02494406 -0.002499997 0.01903176 0.02319025 -0.002499997 0.02121317 0.02121317 -0.002499997 0.02319025 0.01903176 -0.002499997 0.02494406 0.01666706 -0.002499997 0.0264576 0.01414185 -0.002499997 0.02771633 0.01148045 -0.002499997 0.02870815 0.008708536 -0.002499997 0.02942353 0.005852699 -0.002499997 0.02985548 0.002940475 -0.002499997 0.02999997 0 -0.002499997 0.02849996 0 -0.002499997 0.02836275 -0.002793431 0.002499997 0.02795237 -0.00556004 0.002499997 0.02727276 -0.008273065 0.002499997 0.02633053 -0.01090645 0.002499997 0.02513474 -0.01343476 0.002499997 0.02369683 -0.01583373 0.002499997 0.02203077 -0.01808017 0.002499997 0.0201525 -0.0201525 0.002499997 0.01808017 -0.02203077 0.002499997 0.01583373 -0.02369683 0.002499997 0.01343476 -0.02513474 0.002499997 0.01090645 -0.02633053 0.002499997 0.008273065 -0.02727276 0.002499997 0.00556004 -0.02795237 0.002499997 0.002793431 -0.02836275 0.002499997 0 -0.02849996 0.002499997 -0.002793431 -0.02836275 0.002499997 -0.00556004 -0.02795237 0.002499997 -0.008273065 -0.02727276 0.002499997 -0.01090645 -0.02633053 0.002499997 -0.01343476 -0.02513474 0.002499997 -0.01583373 -0.02369683 0.002499997 -0.01808017 -0.02203077 0.002499997 -0.0201525 -0.0201525 0.002499997 -0.02203077 -0.01808017 0.002499997 -0.02369683 -0.01583373 0.002499997 -0.02513474 -0.01343476 0.002499997 -0.02633053 -0.01090645 0.002499997 -0.02727276 -0.008273065 0.002499997 -0.02795237 -0.00556004 0.002499997 -0.02836275 -0.002793431 0.002499997 -0.02849996 0 0.002499997 -0.02836275 0.002793431 0.002499997 -0.02795237 0.00556004 0.002499997 -0.02727276 0.008273065 0.002499997 -0.02633053 0.01090645 0.002499997 -0.02513474 0.01343476 0.002499997 -0.02369683 0.01583373 0.002499997 -0.02203077 0.01808017 0.002499997 -0.0201525 0.0201525 0.002499997 -0.01808017 0.02203077 0.002499997 -0.01583373 0.02369683 0.002499997 -0.01343476 0.02513474 0.002499997 -0.01090645 0.02633053 0.002499997 -0.008273065 0.02727276 0.002499997 -0.00556004 0.02795237 0.002499997 -0.002793431 0.02836275 0.002499997 0 0.02849996 0.002499997 0.002793431 0.02836275 0.002499997 0.00556004 0.02795237 0.002499997 0.008273065 0.02727276 0.002499997 0.01090645 0.02633053 0.002499997 0.01343476 0.02513474 0.002499997 0.01583373 0.02369683 0.002499997 0.01808017 0.02203077 0.002499997 0.0201525 0.0201525 0.002499997 0.02203077 0.01808017 0.002499997 0.02369683 0.01583373 0.002499997 0.02513474 0.01343476 0.002499997 0.02633053 0.01090645 0.002499997 0.02727276 0.008273065 0.002499997 0.02795237 0.00556004 0.002499997 0.02836275 0.002793431 0.002499997 0.02849996 0 0.002499997 0.02836275 -0.002793431 -0.002499997 0.02795237 -0.00556004 -0.002499997 0.02727276 -0.008273065 -0.002499997 0.02633053 -0.01090645 -0.002499997 0.02513474 -0.01343476 -0.002499997 0.02369683 -0.01583373 -0.002499997 0.02203077 -0.01808017 -0.002499997 0.0201525 -0.0201525 -0.002499997 0.01808017 -0.02203077 -0.002499997 0.01583373 -0.02369683 -0.002499997 0.01343476 -0.02513474 -0.002499997 0.01090645 -0.02633053 -0.002499997 0.008273065 -0.02727276 -0.002499997 0.00556004 -0.02795237 -0.002499997 0.002793431 -0.02836275 -0.002499997 0 -0.02849996 -0.002499997 -0.002793431 -0.02836275 -0.002499997 -0.00556004 -0.02795237 -0.002499997 -0.008273065 -0.02727276 -0.002499997 -0.01090645 -0.02633053 -0.002499997 -0.01343476 -0.02513474 -0.002499997 -0.01583373 -0.02369683 -0.002499997 -0.01808017 -0.02203077 -0.002499997 -0.0201525 -0.0201525 -0.002499997 -0.02203077 -0.01808017 -0.002499997 -0.02369683 -0.01583373 -0.002499997 -0.02513474 -0.01343476 -0.002499997 -0.02633053 -0.01090645 -0.002499997 -0.02727276 -0.008273065 -0.002499997 -0.02795237 -0.00556004 -0.002499997 -0.02836275 -0.002793431 -0.002499997 -0.02849996 0 -0.002499997 -0.02836275 0.002793431 -0.002499997 -0.02795237 0.00556004 -0.002499997 -0.02727276 0.008273065 -0.002499997 -0.02633053 0.01090645 -0.002499997 -0.02513474 0.01343476 -0.002499997 -0.02369683 0.01583373 -0.002499997 -0.02203077 0.01808017 -0.002499997 -0.0201525 0.0201525 -0.002499997 -0.01808017 0.02203077 -0.002499997 -0.01583373 0.02369683 -0.002499997 -0.01343476 0.02513474 -0.002499997 -0.01090645 0.02633053 -0.002499997 -0.008273065 0.02727276 -0.002499997 -0.00556004 0.02795237 -0.002499997 -0.002793431 0.02836275 -0.002499997 0 0.02849996 -0.002499997 0.002793431 0.02836275 -0.002499997 0.00556004 0.02795237 -0.002499997 0.008273065 0.02727276 -0.002499997 0.01090645 0.02633053 -0.002499997 0.01343476 0.02513474 -0.002499997 0.01583373 0.02369683 -0.002499997 0.01808017 0.02203077 -0.002499997 0.0201525 0.0201525 -0.002499997 0.02203077 0.01808017 -0.002499997 0.02369683 0.01583373 -0.002499997 0.02513474 0.01343476 -0.002499997 0.02633053 0.01090645 -0.002499997 0.02727276 0.008273065 -0.002499997 0.02795237 0.00556004 -0.002499997 0.02836275 0.002793431 -0.002499997 0.02985548 -0.002940475 0.004999995 0.02999997 0 0.004999995 0.02942353 -0.005852699 0.004999995 0.02870815 -0.008708536 0.004999995 0.02771633 -0.01148045 0.004999995 0.0264576 -0.01414185 0.004999995 0.02494406 -0.01666706 0.004999995 0.02319025 -0.01903176 0.004999995 0.02121317 -0.02121317 0.004999995 0.01903176 -0.02319025 0.004999995 0.01666706 -0.02494406 0.004999995 0.01414185 -0.0264576 0.004999995 0.01148045 -0.02771633 0.004999995 0.008708536 -0.02870815 0.004999995 0.005852699 -0.02942353 0.004999995 0.002940475 -0.02985548 0.004999995 0 -0.02999997 0.004999995 -0.002940475 -0.02985548 0.004999995 -0.005852699 -0.02942353 0.004999995 -0.008708536 -0.02870815 0.004999995 -0.01148045 -0.02771633 0.004999995 -0.01414185 -0.0264576 0.004999995 -0.01666706 -0.02494406 0.004999995 -0.01903176 -0.02319025 0.004999995 -0.02121317 -0.02121317 0.004999995 -0.02319025 -0.01903176 0.004999995 -0.02494406 -0.01666706 0.004999995 -0.0264576 -0.01414185 0.004999995 -0.02771633 -0.01148045 0.004999995 -0.02870815 -0.008708536 0.004999995 -0.02942353 -0.005852699 0.004999995 -0.02985548 -0.002940475 0.004999995 -0.02999997 0 0.004999995 -0.02985548 0.002940475 0.004999995 -0.02942353 0.005852699 0.004999995 -0.02870815 0.008708536 0.004999995 -0.02771633 0.01148045 0.004999995 -0.0264576 0.01414185 0.004999995 -0.02494406 0.01666706 0.004999995 -0.02319025 0.01903176 0.004999995 -0.02121317 0.02121317 0.004999995 -0.01903176 0.02319025 0.004999995 -0.01666706 0.02494406 0.004999995 -0.01414185 0.0264576 0.004999995 -0.01148045 0.02771633 0.004999995 -0.008708536 0.02870815 0.004999995 -0.005852699 0.02942353 0.004999995 -0.002940475 0.02985548 0.004999995 0 0.02999997 0.004999995 0.002940475 0.02985548 0.004999995 0.005852699 0.02942353 0.004999995 0.008708536 0.02870815 0.004999995 0.01148045 0.02771633 0.004999995 0.01414185 0.0264576 0.004999995 0.01666706 0.02494406 0.004999995 0.01903176 0.02319025 0.004999995 0.02121317 0.02121317 0.004999995 0.02319025 0.01903176 0.004999995 0.02494406 0.01666706 0.004999995 0.0264576 0.01414185 0.004999995 0.02771633 0.01148045 0.004999995 0.02870815 0.008708536 0.004999995 0.02942353 0.005852699 0.004999995 0.02985548 0.002940475 0.004999995 0.02736455 -0.002695143 0.004999995 0.02749693 0 0.004999995 0.02696859 -0.005364358 0.004999995 0.02631294 -0.007981896 0.004999995 0.02540385 -0.0105226 0.004999995 0.02425014 -0.01296198 0.004999995 0.02286291 -0.01527649 0.004999995 0.02125543 -0.01744389 0.004999995 0.01944327 -0.01944327 0.004999995 0.01744389 -0.02125543 0.004999995 0.01527649 -0.02286291 0.004999995 0.01296198 -0.02425014 0.004999995 0.0105226 -0.02540385 0.004999995 0.007981896 -0.02631294 0.004999995 0.005364358 -0.02696859 0.004999995 0.002695143 -0.02736455 0.004999995 0 -0.02749693 0.004999995 -0.002695143 -0.02736455 0.004999995 -0.005364358 -0.02696859 0.004999995 -0.007981896 -0.02631294 0.004999995 -0.0105226 -0.02540385 0.004999995 -0.01296198 -0.02425014 0.004999995 -0.01527649 -0.02286291 0.004999995 -0.01744389 -0.02125543 0.004999995 -0.01944327 -0.01944327 0.004999995 -0.02125543 -0.01744389 0.004999995 -0.02286291 -0.01527649 0.004999995 -0.02425014 -0.01296198 0.004999995 -0.02540385 -0.0105226 0.004999995 -0.02631294 -0.007981896 0.004999995 -0.02696859 -0.005364358 0.004999995 -0.02736455 -0.002695143 0.004999995 -0.02749693 0 0.004999995 -0.02736455 0.002695143 0.004999995 -0.02696859 0.005364358 0.004999995 -0.02631294 0.007981896 0.004999995 -0.02540385 0.0105226 0.004999995 -0.02425014 0.01296198 0.004999995 -0.02286291 0.01527649 0.004999995 -0.02125543 0.01744389 0.004999995 -0.01944327 0.01944327 0.004999995 -0.01744389 0.02125543 0.004999995 -0.01527649 0.02286291 0.004999995 -0.01296198 0.02425014 0.004999995 -0.0105226 0.02540385 0.004999995 -0.007981896 0.02631294 0.004999995 -0.005364358 0.02696859 0.004999995 -0.002695143 0.02736455 0.004999995 0 0.02749693 0.004999995 0.002695143 0.02736455 0.004999995 0.005364358 0.02696859 0.004999995 0.007981896 0.02631294 0.004999995 0.0105226 0.02540385 0.004999995 0.01296198 0.02425014 0.004999995 0.01527649 0.02286291 0.004999995 0.01744389 0.02125543 0.004999995 0.01944327 0.01944327 0.004999995 0.02125543 0.01744389 0.004999995 0.02286291 0.01527649 0.004999995 0.02425014 0.01296198 0.004999995 0.02540385 0.0105226 0.004999995 0.02631294 0.007981896 0.004999995 0.02696859 0.005364358 0.004999995 0.02736455 0.002695143 0.004999995 0.02736455 -0.002695143 0.003999948 0.02749693 0 0.003999948 0.02696859 -0.005364358 0.003999948 0.02631294 -0.007981896 0.003999948 0.02540385 -0.0105226 0.003999948 0.02425014 -0.01296198 0.003999948 0.02286291 -0.01527649 0.003999948 0.02125543 -0.01744389 0.003999948 0.01944327 -0.01944327 0.003999948 0.01744389 -0.02125543 0.003999948 0.01527649 -0.02286291 0.003999948 0.01296198 -0.02425014 0.003999948 0.0105226 -0.02540385 0.003999948 0.007981896 -0.02631294 0.003999948 0.005364358 -0.02696859 0.003999948 0.002695143 -0.02736455 0.003999948 0 -0.02749693 0.003999948 -0.002695143 -0.02736455 0.003999948 -0.005364358 -0.02696859 0.003999948 -0.007981896 -0.02631294 0.003999948 -0.0105226 -0.02540385 0.003999948 -0.01296198 -0.02425014 0.003999948 -0.01527649 -0.02286291 0.003999948 -0.01744389 -0.02125543 0.003999948 -0.01944327 -0.01944327 0.003999948 -0.02125543 -0.01744389 0.003999948 -0.02286291 -0.01527649 0.003999948 -0.02425014 -0.01296198 0.003999948 -0.02540385 -0.0105226 0.003999948 -0.02631294 -0.007981896 0.003999948 -0.02696859 -0.005364358 0.003999948 -0.02736455 -0.002695143 0.003999948 -0.02749693 0 0.003999948 -0.02736455 0.002695143 0.003999948 -0.02696859 0.005364358 0.003999948 -0.02631294 0.007981896 0.003999948 -0.02540385 0.0105226 0.003999948 -0.02425014 0.01296198 0.003999948 -0.02286291 0.01527649 0.003999948 -0.02125543 0.01744389 0.003999948 -0.01944327 0.01944327 0.003999948 -0.01744389 0.02125543 0.003999948 -0.01527649 0.02286291 0.003999948 -0.01296198 0.02425014 0.003999948 -0.0105226 0.02540385 0.003999948 -0.007981896 0.02631294 0.003999948 -0.005364358 0.02696859 0.003999948 -0.002695143 0.02736455 0.003999948 0 0.02749693 0.003999948 0.002695143 0.02736455 0.003999948 0.005364358 0.02696859 0.003999948 0.007981896 0.02631294 0.003999948 0.0105226 0.02540385 0.003999948 0.01296198 0.02425014 0.003999948 0.01527649 0.02286291 0.003999948 0.01744389 0.02125543 0.003999948 0.01944327 0.01944327 0.003999948 0.02125543 0.01744389 0.003999948 0.02286291 0.01527649 0.003999948 0.02425014 0.01296198 0.003999948 0.02540385 0.0105226 0.003999948 0.02631294 0.007981896 0.003999948 0.02696859 0.005364358 0.003999948 0.02736455 0.002695143 0.003999948 0.02487361 -0.00244981 0.003999948 0.02499395 0 0.003999948 0.02451372 -0.004876077 0.003999948 0.02391773 -0.007255315 0.003999948 0.02309137 -0.009564757 0.003999948 0.02204269 -0.01178205 0.003999948 0.02078169 -0.01388585 0.003999948 0.01932054 -0.01585596 0.003999948 0.01767337 -0.01767337 0.003999948 0.01585596 -0.01932054 0.003999948 0.01388585 -0.02078169 0.003999948 0.01178205 -0.02204269 0.003999948 0.009564757 -0.02309137 0.003999948 0.007255315 -0.02391773 0.003999948 0.004876077 -0.02451372 0.003999948 0.00244981 -0.02487361 0.003999948 0 -0.02499395 0.003999948 -0.00244981 -0.02487361 0.003999948 -0.004876077 -0.02451372 0.003999948 -0.007255315 -0.02391773 0.003999948 -0.009564757 -0.02309137 0.003999948 -0.01178205 -0.02204269 0.003999948 -0.01388585 -0.02078169 0.003999948 -0.01585596 -0.01932054 0.003999948 -0.01767337 -0.01767337 0.003999948 -0.01932054 -0.01585596 0.003999948 -0.02078169 -0.01388585 0.003999948 -0.02204269 -0.01178205 0.003999948 -0.02309137 -0.009564757 0.003999948 -0.02391773 -0.007255315 0.003999948 -0.02451372 -0.004876077 0.003999948 -0.02487361 -0.00244981 0.003999948 -0.02499395 0 0.003999948 -0.02487361 0.00244981 0.003999948 -0.02451372 0.004876077 0.003999948 -0.02391773 0.007255315 0.003999948 -0.02309137 0.009564757 0.003999948 -0.02204269 0.01178205 0.003999948 -0.02078169 0.01388585 0.003999948 -0.01932054 0.01585596 0.003999948 -0.01767337 0.01767337 0.003999948 -0.01585596 0.01932054 0.003999948 -0.01388585 0.02078169 0.003999948 -0.01178205 0.02204269 0.003999948 -0.009564757 0.02309137 0.003999948 -0.007255315 0.02391773 0.003999948 -0.004876077 0.02451372 0.003999948 -0.00244981 0.02487361 0.003999948 0 0.02499395 0.003999948 0.00244981 0.02487361 0.003999948 0.004876077 0.02451372 0.003999948 0.007255315 0.02391773 0.003999948 0.009564757 0.02309137 0.003999948 0.01178205 0.02204269 0.003999948 0.01388585 0.02078169 0.003999948 0.01585596 0.01932054 0.003999948 0.01767337 0.01767337 0.003999948 0.01932054 0.01585596 0.003999948 0.02078169 0.01388585 0.003999948 0.02204269 0.01178205 0.003999948 0.02309137 0.009564757 0.003999948 0.02391773 0.007255315 0.003999948 0.02451372 0.004876077 0.003999948 0.02487361 0.00244981 0.003999948 0.02999997 0 -0.004999995 0.02942353 -0.005852699 -0.004999995 0.02870815 -0.008708536 -0.004999995 0.02771633 -0.01148045 -0.004999995 0.0264576 -0.01414185 -0.004999995 0.02494406 -0.01666706 -0.004999995 0.01903176 -0.02319025 -0.004999995 0 -0.02999997 -0.004999995 -0.002940475 -0.02985548 -0.004999995 -0.01666706 -0.02494406 -0.004999995 -0.0264576 -0.01414185 -0.004999995 -0.02771633 -0.01148045 -0.004999995 -0.02985548 -0.002940475 -0.004999995 -0.02999997 0 -0.004999995 -0.02771633 0.01148045 -0.004999995 -0.0264576 0.01414185 -0.004999995 -0.02319025 0.01903176 -0.004999995 -0.01414185 0.0264576 -0.004999995 -0.008708536 0.02870815 -0.004999995 0.002940475 0.02985548 -0.004999995 0.008708536 0.02870815 -0.004999995 0.01903176 0.02319025 -0.004999995 0.02121317 0.02121317 -0.004999995 0.02319025 0.01903176 -0.004999995 0.02771633 0.01148045 -0.004999995 0.02985548 0.002940475 -0.004999995 0.02985548 -0.002940475 -0.004999995 0.02121317 -0.02121317 -0.004999995 0.01666706 -0.02494406 -0.004999995 0.01148045 -0.02771633 -0.004999995 -0.005852699 -0.02942353 -0.004999995 -0.02870815 -0.008708536 -0.004999995 -0.02870815 0.008708536 -0.004999995 -0.01903176 0.02319025 -0.004999995 -0.01666706 0.02494406 -0.004999995 -0.01148045 0.02771633 -0.004999995 -0.005852699 0.02942353 -0.004999995 -0.002940475 0.02985548 -0.004999995 0.01148045 0.02771633 -0.004999995 0.02494406 0.01666706 -0.004999995 0.0264576 0.01414185 -0.004999995 0.02870815 0.008708536 -0.004999995 0.02319025 -0.01903176 -0.004999995 0.01414185 -0.0264576 -0.004999995 0.008708536 -0.02870815 -0.004999995 0.005852699 -0.02942353 -0.004999995 0.002940475 -0.02985548 -0.004999995 -0.008708536 -0.02870815 -0.004999995 -0.01148045 -0.02771633 -0.004999995 -0.01414185 -0.0264576 -0.004999995 -0.01903176 -0.02319025 -0.004999995 -0.02121317 -0.02121317 -0.004999995 -0.02319025 -0.01903176 -0.004999995 -0.02494406 -0.01666706 -0.004999995 -0.02942353 -0.005852699 -0.004999995 -0.02985548 0.002940475 -0.004999995 -0.02942353 0.005852699 -0.004999995 -0.02494406 0.01666706 -0.004999995 -0.02121317 0.02121317 -0.004999995 0 0.02999997 -0.004999995 0.005852699 0.02942353 -0.004999995 0.01414185 0.0264576 -0.004999995 0.01666706 0.02494406 -0.004999995 0.02942353 0.005852699 -0.004999995 0.02487361 -0.00244981 0.004999995 0.02499395 0 0.004999995 0.02451372 -0.004876077 0.004999995 0.02391773 -0.007255315 0.004999995 0.02309137 -0.009564757 0.004999995 0.02204269 -0.01178205 0.004999995 0.02078169 -0.01388585 0.004999995 0.01932054 -0.01585596 0.004999995 0.01767337 -0.01767337 0.004999995 0.01585596 -0.01932054 0.004999995 0.01388585 -0.02078169 0.004999995 0.01178205 -0.02204269 0.004999995 0.009564757 -0.02309137 0.004999995 0.007255315 -0.02391773 0.004999995 0.004876077 -0.02451372 0.004999995 0.00244981 -0.02487361 0.004999995 0 -0.02499395 0.004999995 -0.00244981 -0.02487361 0.004999995 -0.004876077 -0.02451372 0.004999995 -0.007255315 -0.02391773 0.004999995 -0.009564757 -0.02309137 0.004999995 -0.01178205 -0.02204269 0.004999995 -0.01388585 -0.02078169 0.004999995 -0.01585596 -0.01932054 0.004999995 -0.01767337 -0.01767337 0.004999995 -0.01932054 -0.01585596 0.004999995 -0.02078169 -0.01388585 0.004999995 -0.02204269 -0.01178205 0.004999995 -0.02309137 -0.009564757 0.004999995 -0.02391773 -0.007255315 0.004999995 -0.02451372 -0.004876077 0.004999995 -0.02487361 -0.00244981 0.004999995 -0.02499395 0 0.004999995 -0.02487361 0.00244981 0.004999995 -0.02451372 0.004876077 0.004999995 -0.02391773 0.007255315 0.004999995 -0.02309137 0.009564757 0.004999995 -0.02204269 0.01178205 0.004999995 -0.02078169 0.01388585 0.004999995 -0.01932054 0.01585596 0.004999995 -0.01767337 0.01767337 0.004999995 -0.01585596 0.01932054 0.004999995 -0.01388585 0.02078169 0.004999995 -0.01178205 0.02204269 0.004999995 -0.009564757 0.02309137 0.004999995 -0.007255315 0.02391773 0.004999995 -0.004876077 0.02451372 0.004999995 -0.00244981 0.02487361 0.004999995 0 0.02499395 0.004999995 0.00244981 0.02487361 0.004999995 0.004876077 0.02451372 0.004999995 0.007255315 0.02391773 0.004999995 0.009564757 0.02309137 0.004999995 0.01178205 0.02204269 0.004999995 0.01388585 0.02078169 0.004999995 0.01585596 0.01932054 0.004999995 0.01767337 0.01767337 0.004999995 0.01932054 0.01585596 0.004999995 0.02078169 0.01388585 0.004999995 0.02204269 0.01178205 0.004999995 0.02309137 0.009564757 0.004999995 0.02391773 0.007255315 0.004999995 0.02451372 0.004876077 0.004999995 0.02487361 0.00244981 0.004999995 0.02487361 -0.00244981 0.003999948 0.02499395 0 0.003999948 0.02451372 -0.004876077 0.003999948 0.02391773 -0.007255315 0.003999948 0.02309137 -0.009564757 0.003999948 0.02204269 -0.01178205 0.003999948 0.02078169 -0.01388585 0.003999948 0.01932054 -0.01585596 0.003999948 0.01767337 -0.01767337 0.003999948 0.01585596 -0.01932054 0.003999948 0.01388585 -0.02078169 0.003999948 0.01178205 -0.02204269 0.003999948 0.009564757 -0.02309137 0.003999948 0.007255315 -0.02391773 0.003999948 0.004876077 -0.02451372 0.003999948 0.00244981 -0.02487361 0.003999948 0 -0.02499395 0.003999948 -0.00244981 -0.02487361 0.003999948 -0.004876077 -0.02451372 0.003999948 -0.007255315 -0.02391773 0.003999948 -0.009564757 -0.02309137 0.003999948 -0.01178205 -0.02204269 0.003999948 -0.01388585 -0.02078169 0.003999948 -0.01585596 -0.01932054 0.003999948 -0.01767337 -0.01767337 0.003999948 -0.01932054 -0.01585596 0.003999948 -0.02078169 -0.01388585 0.003999948 -0.02204269 -0.01178205 0.003999948 -0.02309137 -0.009564757 0.003999948 -0.02391773 -0.007255315 0.003999948 -0.02451372 -0.004876077 0.003999948 -0.02487361 -0.00244981 0.003999948 -0.02499395 0 0.003999948 -0.02487361 0.00244981 0.003999948 -0.02451372 0.004876077 0.003999948 -0.02391773 0.007255315 0.003999948 -0.02309137 0.009564757 0.003999948 -0.02204269 0.01178205 0.003999948 -0.02078169 0.01388585 0.003999948 -0.01932054 0.01585596 0.003999948 -0.01767337 0.01767337 0.003999948 -0.01585596 0.01932054 0.003999948 -0.01388585 0.02078169 0.003999948 -0.01178205 0.02204269 0.003999948 -0.009564757 0.02309137 0.003999948 -0.007255315 0.02391773 0.003999948 -0.004876077 0.02451372 0.003999948 -0.00244981 0.02487361 0.003999948 0 0.02499395 0.003999948 0.00244981 0.02487361 0.003999948 0.004876077 0.02451372 0.003999948 0.007255315 0.02391773 0.003999948 0.009564757 0.02309137 0.003999948 0.01178205 0.02204269 0.003999948 0.01388585 0.02078169 0.003999948 0.01585596 0.01932054 0.003999948 0.01767337 0.01767337 0.003999948 0.01932054 0.01585596 0.003999948 0.02078169 0.01388585 0.003999948 0.02204269 0.01178205 0.003999948 0.02309137 0.009564757 0.003999948 0.02391773 0.007255315 0.003999948 0.02451372 0.004876077 0.003999948 0.02487361 0.00244981 0.003999948 0.02736455 -0.002695143 0.003999948 0.02749693 0 0.003999948 0.02696859 -0.005364358 0.003999948 0.02631294 -0.007981896 0.003999948 0.02540385 -0.0105226 0.003999948 0.02425014 -0.01296198 0.003999948 0.02286291 -0.01527649 0.003999948 0.02125543 -0.01744389 0.003999948 0.01944327 -0.01944327 0.003999948 0.01744389 -0.02125543 0.003999948 0.01527649 -0.02286291 0.003999948 0.01296198 -0.02425014 0.003999948 0.0105226 -0.02540385 0.003999948 0.007981896 -0.02631294 0.003999948 0.005364358 -0.02696859 0.003999948 0.002695143 -0.02736455 0.003999948 0 -0.02749693 0.003999948 -0.002695143 -0.02736455 0.003999948 -0.005364358 -0.02696859 0.003999948 -0.007981896 -0.02631294 0.003999948 -0.0105226 -0.02540385 0.003999948 -0.01296198 -0.02425014 0.003999948 -0.01527649 -0.02286291 0.003999948 -0.01744389 -0.02125543 0.003999948 -0.01944327 -0.01944327 0.003999948 -0.02125543 -0.01744389 0.003999948 -0.02286291 -0.01527649 0.003999948 -0.02425014 -0.01296198 0.003999948 -0.02540385 -0.0105226 0.003999948 -0.02631294 -0.007981896 0.003999948 -0.02696859 -0.005364358 0.003999948 -0.02736455 -0.002695143 0.003999948 -0.02749693 0 0.003999948 -0.02736455 0.002695143 0.003999948 -0.02696859 0.005364358 0.003999948 -0.02631294 0.007981896 0.003999948 -0.02540385 0.0105226 0.003999948 -0.02425014 0.01296198 0.003999948 -0.02286291 0.01527649 0.003999948 -0.02125543 0.01744389 0.003999948 -0.01944327 0.01944327 0.003999948 -0.01744389 0.02125543 0.003999948 -0.01527649 0.02286291 0.003999948 -0.01296198 0.02425014 0.003999948 -0.0105226 0.02540385 0.003999948 -0.007981896 0.02631294 0.003999948 -0.005364358 0.02696859 0.003999948 -0.002695143 0.02736455 0.003999948 0 0.02749693 0.003999948 0.002695143 0.02736455 0.003999948 0.005364358 0.02696859 0.003999948 0.007981896 0.02631294 0.003999948 0.0105226 0.02540385 0.003999948 0.01296198 0.02425014 0.003999948 0.01527649 0.02286291 0.003999948 0.01744389 0.02125543 0.003999948 0.01944327 0.01944327 0.003999948 0.02125543 0.01744389 0.003999948 0.02286291 0.01527649 0.003999948 0.02425014 0.01296198 0.003999948 0.02540385 0.0105226 0.003999948 0.02631294 0.007981896 0.003999948 0.02696859 0.005364358 0.003999948 0.02736455 0.002695143 0.003999948 0.02849996 0 -0.002499997 0.02836275 -0.002793431 0.002499997 0.02795237 -0.00556004 0.002499997 0.02727276 -0.008273065 0.002499997 0.02633053 -0.01090645 0.002499997 0.02513474 -0.01343476 0.002499997 0.02369683 -0.01583373 0.002499997 0.02203077 -0.01808017 0.002499997 0.0201525 -0.0201525 0.002499997 0.01808017 -0.02203077 0.002499997 0.01583373 -0.02369683 0.002499997 0.01343476 -0.02513474 0.002499997 0.01090645 -0.02633053 0.002499997 0.008273065 -0.02727276 0.002499997 0.00556004 -0.02795237 0.002499997 0.002793431 -0.02836275 0.002499997 0 -0.02849996 0.002499997 -0.002793431 -0.02836275 0.002499997 -0.00556004 -0.02795237 0.002499997 -0.008273065 -0.02727276 0.002499997 -0.01090645 -0.02633053 0.002499997 -0.01343476 -0.02513474 0.002499997 -0.01583373 -0.02369683 0.002499997 -0.01808017 -0.02203077 0.002499997 -0.0201525 -0.0201525 0.002499997 -0.02203077 -0.01808017 0.002499997 -0.02369683 -0.01583373 0.002499997 -0.02513474 -0.01343476 0.002499997 -0.02633053 -0.01090645 0.002499997 -0.02727276 -0.008273065 0.002499997 -0.02795237 -0.00556004 0.002499997 -0.02836275 -0.002793431 0.002499997 -0.02849996 0 0.002499997 -0.02836275 0.002793431 0.002499997 -0.02795237 0.00556004 0.002499997 -0.02727276 0.008273065 0.002499997 -0.02633053 0.01090645 0.002499997 -0.02513474 0.01343476 0.002499997 -0.02369683 0.01583373 0.002499997 -0.02203077 0.01808017 0.002499997 -0.0201525 0.0201525 0.002499997 -0.01808017 0.02203077 0.002499997 -0.01583373 0.02369683 0.002499997 -0.01343476 0.02513474 0.002499997 -0.01090645 0.02633053 0.002499997 -0.008273065 0.02727276 0.002499997 -0.00556004 0.02795237 0.002499997 -0.002793431 0.02836275 0.002499997 0 0.02849996 0.002499997 0.002793431 0.02836275 0.002499997 0.00556004 0.02795237 0.002499997 0.008273065 0.02727276 0.002499997 0.01090645 0.02633053 0.002499997 0.01343476 0.02513474 0.002499997 0.01583373 0.02369683 0.002499997 0.01808017 0.02203077 0.002499997 0.0201525 0.0201525 0.002499997 0.02203077 0.01808017 0.002499997 0.02369683 0.01583373 0.002499997 0.02513474 0.01343476 0.002499997 0.02633053 0.01090645 0.002499997 0.02727276 0.008273065 0.002499997 0.02795237 0.00556004 0.002499997 0.02836275 0.002793431 0.002499997 0.02849996 0 0.002499997 0.02836275 -0.002793431 -0.002499997 0.02795237 -0.00556004 -0.002499997 0.02727276 -0.008273065 -0.002499997 0.02633053 -0.01090645 -0.002499997 0.02513474 -0.01343476 -0.002499997 0.02369683 -0.01583373 -0.002499997 0.02203077 -0.01808017 -0.002499997 0.0201525 -0.0201525 -0.002499997 0.01808017 -0.02203077 -0.002499997 0.01583373 -0.02369683 -0.002499997 0.01343476 -0.02513474 -0.002499997 0.01090645 -0.02633053 -0.002499997 0.008273065 -0.02727276 -0.002499997 0.00556004 -0.02795237 -0.002499997 0.002793431 -0.02836275 -0.002499997 0 -0.02849996 -0.002499997 -0.002793431 -0.02836275 -0.002499997 -0.00556004 -0.02795237 -0.002499997 -0.008273065 -0.02727276 -0.002499997 -0.01090645 -0.02633053 -0.002499997 -0.01343476 -0.02513474 -0.002499997 -0.01583373 -0.02369683 -0.002499997 -0.01808017 -0.02203077 -0.002499997 -0.0201525 -0.0201525 -0.002499997 -0.02203077 -0.01808017 -0.002499997 -0.02369683 -0.01583373 -0.002499997 -0.02513474 -0.01343476 -0.002499997 -0.02633053 -0.01090645 -0.002499997 -0.02727276 -0.008273065 -0.002499997 -0.02795237 -0.00556004 -0.002499997 -0.02836275 -0.002793431 -0.002499997 -0.02849996 0 -0.002499997 -0.02836275 0.002793431 -0.002499997 -0.02795237 0.00556004 -0.002499997 -0.02727276 0.008273065 -0.002499997 -0.02633053 0.01090645 -0.002499997 -0.02513474 0.01343476 -0.002499997 -0.02369683 0.01583373 -0.002499997 -0.02203077 0.01808017 -0.002499997 -0.0201525 0.0201525 -0.002499997 -0.01808017 0.02203077 -0.002499997 -0.01583373 0.02369683 -0.002499997 -0.01343476 0.02513474 -0.002499997 -0.01090645 0.02633053 -0.002499997 -0.008273065 0.02727276 -0.002499997 -0.00556004 0.02795237 -0.002499997 -0.002793431 0.02836275 -0.002499997 0 0.02849996 -0.002499997 0.002793431 0.02836275 -0.002499997 0.00556004 0.02795237 -0.002499997 0.008273065 0.02727276 -0.002499997 0.01090645 0.02633053 -0.002499997 0.01343476 0.02513474 -0.002499997 0.01583373 0.02369683 -0.002499997 0.01808017 0.02203077 -0.002499997 0.0201525 0.0201525 -0.002499997 0.02203077 0.01808017 -0.002499997 0.02369683 0.01583373 -0.002499997 0.02513474 0.01343476 -0.002499997 0.02633053 0.01090645 -0.002499997 0.02727276 0.008273065 -0.002499997 0.02795237 0.00556004 -0.002499997 0.02836275 0.002793431 -0.002499997</float_array>
          <technique_common>
            <accessor source="#Cylinder_003-mesh-positions-array" count="1024" stride="3">
              <param name="X" type="float"/>
              <param name="Y" type="float"/>
              <param name="Z" type="float"/>
            </accessor>
          </technique_common>
        </source>
        <source id="Cylinder_003-mesh-normals">
          <float_array id="Cylinder_003-mesh-normals-array" count="2283">0.7178205 -8.53229e-7 0.6962282 0.7143715 -0.07035863 -0.6962206 0.7178281 8.53642e-7 -0.6962205 0.7143529 -0.07035845 0.6962397 0.7040353 -0.14004 -0.6962207 0.7040222 -0.140039 0.6962341 0.6869118 -0.2083716 -0.6962281 0.6869113 -0.2083733 0.6962281 0.6631936 -0.2747032 -0.696213 0.6631689 -0.2746947 0.6962398 0.6330683 -0.3383806 -0.6962205 0.6330561 -0.3383761 0.6962339 0.5968526 -0.3988034 -0.6962205 0.5968455 -0.3988004 0.6962283 0.554889 -0.4553845 -0.6962206 0.5548737 -0.4553742 0.6962396 0.5075817 -0.5075805 -0.6962206 0.507575 -0.5075764 0.6962283 0.455386 -0.5548879 -0.6962206 0.4553731 -0.5548745 0.6962397 0.3988043 -0.5968519 -0.6962205 0.3987991 -0.5968463 0.6962283 0.3383787 -0.6330609 -0.6962283 0.3383748 -0.6330568 0.6962339 0.2747042 -0.6631931 -0.696213 0.274693 -0.6631696 0.6962398 0.2083734 -0.6869113 -0.696228 0.2083718 -0.6869117 0.6962281 0.1400417 -0.7040349 -0.6962207 0.1400371 -0.7040226 0.696234 0.07036107 -0.7143788 -0.6962129 0.07035684 -0.714353 0.6962397 8.539e-7 -0.7178205 -0.6962283 -8.55604e-7 -0.7178205 0.6962283 -0.07035863 -0.7143715 -0.6962206 -0.07035851 -0.7143529 0.6962397 -0.1400412 -0.7040427 -0.6962129 -0.1400391 -0.7040222 0.6962341 -0.2083718 -0.6869118 -0.696228 -0.2083734 -0.6869112 0.6962281 -0.2747029 -0.6631937 -0.6962131 -0.2746943 -0.6631692 0.6962398 -0.3383774 -0.6330615 -0.6962283 -0.3383761 -0.6330561 0.6962339 -0.3988032 -0.5968527 -0.6962205 -0.3988001 -0.5968456 0.6962283 -0.4553847 -0.5548887 -0.6962206 -0.4553743 -0.5548736 0.6962396 -0.5075805 -0.5075817 -0.6962206 -0.5075763 -0.5075752 0.6962283 -0.554888 -0.4553858 -0.6962206 -0.5548747 -0.4553729 0.6962397 -0.5968517 -0.3988047 -0.6962205 -0.5968463 -0.3987991 0.6962283 -0.6330676 -0.3383821 -0.6962206 -0.6330569 -0.3383746 0.6962339 -0.6631929 -0.2747046 -0.696213 -0.6631695 -0.2746932 0.6962398 -0.6869113 -0.2083733 -0.6962281 -0.6869118 -0.2083716 0.696228 -0.7040349 -0.1400417 -0.6962207 -0.7040225 -0.1400374 0.6962341 -0.7143712 -0.07036036 -0.6962207 -0.714353 -0.07035678 0.6962397 -0.7178281 -8.57003e-7 -0.6962205 -0.7178205 8.54081e-7 0.6962282 -0.7143715 0.07035863 -0.6962206 -0.7143529 0.07035845 0.6962397 -0.7040426 0.1400414 -0.6962129 -0.7040222 0.140039 0.6962341 -0.6869118 0.2083716 -0.696228 -0.6869113 0.2083733 0.6962281 -0.6631866 0.2747003 -0.6962208 -0.6631689 0.2746947 0.6962398 -0.6330683 0.3383807 -0.6962205 -0.6330561 0.3383761 0.6962339 -0.5968525 0.3988033 -0.6962205 -0.5968455 0.3988004 0.6962283 -0.554889 0.4553846 -0.6962206 -0.5548737 0.4553742 0.6962396 -0.5075816 0.5075805 -0.6962205 -0.507575 0.5075764 0.6962283 -0.4553907 0.5548936 -0.6962129 -0.4553731 0.5548745 0.6962397 -0.3988001 0.5968456 -0.6962283 -0.3987991 0.5968463 0.6962283 -0.3383822 0.6330675 -0.6962205 -0.3383748 0.6330568 0.6962339 -0.2747042 0.6631931 -0.696213 -0.274693 0.6631696 0.6962398 -0.2083734 0.6869113 -0.696228 -0.2083718 0.6869117 0.6962281 -0.1400417 0.7040349 -0.6962207 -0.1400371 0.7040226 0.696234 -0.07036107 0.7143788 -0.6962129 -0.07035684 0.714353 0.6962397 -8.539e-7 0.7178205 -0.6962283 8.55604e-7 0.7178205 0.6962283 0.07035934 0.714379 -0.6962128 0.07035851 0.7143529 0.6962397 0.1400397 0.7040353 -0.6962206 0.1400391 0.7040222 0.6962341 0.2083718 0.6869118 -0.696228 0.2083734 0.6869112 0.6962281 0.2747029 0.6631937 -0.6962131 0.2746943 0.6631692 0.6962398 0.338381 0.6330682 -0.6962205 0.3383761 0.6330561 0.6962339 0.398799 0.5968464 -0.6962283 0.3988001 0.5968456 0.6962283 0.4553896 0.5548946 -0.6962129 0.4553743 0.5548736 0.6962396 0.5075805 0.5075817 -0.6962206 0.5075763 0.5075752 0.6962283 0.554888 0.4553858 -0.6962206 0.5548747 0.4553729 0.6962397 0.5968517 0.3988046 -0.6962205 0.5968463 0.3987991 0.6962283 0.6330676 0.3383821 -0.6962205 0.6330569 0.3383746 0.6962339 0.663186 0.2747018 -0.6962208 0.6631695 0.2746932 0.6962398 0.6869113 0.2083733 -0.696228 0.6869118 0.2083716 0.696228 0.7040423 0.1400431 -0.6962129 0 0 1 0 0 1 0 0 1 0.7040225 0.1400374 0.6962341 0.7143712 0.07036036 -0.6962206 0.714353 0.07035678 0.6962397 0 0 -1 0 0 -1 0 0 -1 0.5552994 0.8310636 -0.03124046 -0.663186 0.2747017 0.6962208 -0.4222396 0.1280848 0.8973896 -0.4076693 0.1688621 0.8973803 0.9564731 -0.2901436 -0.03124099 0.7067649 0.7067651 -0.03108841 0.6340842 0.7726325 -0.03124719 -0.7040424 0.1400431 0.6962129 -0.6869113 0.2083733 0.696228 0.881495 -0.4711688 -0.03108853 0.9234281 -0.3824974 -0.03124684 0.7726359 0.6340856 -0.03113412 -0.4391061 0.04324799 0.8973937 -0.43276 0.08608072 0.8973902 0.8310635 -0.5552994 -0.03124397 0.831064 0.5552987 -0.0312438 -0.7143713 0.07036036 0.6962206 -0.4412307 -1.55058e-7 0.8973938 0.7726367 -0.6340869 -0.03108859 0.8814911 0.4711661 -0.0312438 -0.7178281 8.53908e-7 0.6962205 -0.4391061 -0.04324829 0.8973937 0.7067651 -0.7067649 -0.03108835 0.9234286 0.3824967 -0.03124314 -0.7143714 -0.07035863 0.6962207 -0.4327605 -0.0860812 0.8973898 0.6340837 -0.772633 -0.03124392 0.9564766 0.2901437 -0.03113108 -0.7040353 -0.14004 0.6962206 -0.4222578 -0.1280907 0.8973801 0.5552986 -0.8310641 -0.03124415 -0.6631936 -0.2747032 0.696213 -0.6869118 -0.2083716 0.6962281 0.4711664 -0.881491 -0.03124004 0.9947037 0.09796941 -0.03108835 0.98031 0.1949945 -0.03113722 -0.3891308 -0.2079946 0.8973937 -0.4076685 -0.1688622 0.8973806 0.9995166 0 -0.03108888 -0.6330683 -0.3383806 0.6962205 -0.3668924 -0.2451499 0.8973805 0.2901433 -0.9564767 -0.0311312 0.3824967 -0.9234283 -0.0312469 -0.5968526 -0.3988034 0.6962205 -0.3410758 -0.2799139 0.8973938 -0.554889 -0.4553845 0.6962206 -0.3119972 -0.3119972 0.8973937 0.1949951 -0.9803115 -0.03108799 -0.5075816 -0.5075805 0.6962206 -0.2799311 -0.3410969 0.8973805 -1.08579e-6 -0.9995154 -0.0311309 0.09796959 -0.9947023 -0.03113728 -0.455386 -0.5548879 0.6962206 -0.2451495 -0.3668926 0.8973805 -0.3988043 -0.5968519 0.6962205 -0.2080077 -0.3891554 0.89738 -0.09797054 -0.9947036 -0.03108799 -0.2747042 -0.6631931 0.696213 -0.3383787 -0.6330608 0.6962283 -0.2901437 -0.9564731 -0.03124105 -0.1949949 -0.98031 -0.03113722 -0.1280847 -0.4222397 0.8973897 -0.1688619 -0.4076686 0.8973807 -0.1400417 -0.704035 0.6962206 -0.2083734 -0.6869113 0.696228 -0.4711662 -0.881491 -0.03124004 -0.3824975 -0.9234281 -0.0312469 -0.07036107 -0.7143788 0.6962129 -0.08607941 -0.4327528 0.8973937 4.78804e-7 -0.4412392 0.8973895 -0.04324889 -0.4391134 0.8973901 -0.5552989 -0.8310638 -0.03124409 0.07035863 -0.7143714 0.6962206 -8.539e-7 -0.7178205 0.6962283 -0.6340871 -0.7726365 -0.03108853 0.1400412 -0.7040427 0.6962129 0.04324847 -0.4391061 0.8973937 -0.7067652 -0.7067649 -0.03108835 0.1280909 -0.4222579 0.8973801 0.0860809 -0.4327599 0.8973901 -0.7726331 -0.6340836 -0.03124392 0.2747029 -0.6631937 0.6962131 0.2083718 -0.6869118 0.696228 -0.8310679 -0.5553014 -0.03108865 0.7143715 0.07035863 0.6962206 0.4412335 0 0.8973924 0.7178281 -8.57317e-7 0.6962205 0.2080076 -0.3891554 0.89738 0.1688622 -0.4076684 0.8973806 -0.8814911 -0.4711658 -0.03124386 0.7040427 0.1400414 0.6962129 0.439114 0.04324913 0.8973898 0.3988032 -0.5968527 0.6962205 0.3383774 -0.6330615 0.6962283 -0.9564766 -0.2901437 -0.03113114 -0.9234285 -0.3824965 -0.03124684 0.4222579 0.1280907 0.8973802 0.4327598 0.08608102 0.8973901 0.4553847 -0.5548887 0.6962206 0.2451497 -0.3668925 0.8973805 0.6631866 0.2747003 0.6962208 0.5075805 -0.5075817 0.6962205 0.279914 -0.3410757 0.8973938 -0.9803115 -0.1949948 -0.03108811 0.6330683 0.3383807 0.6962205 0.4076691 0.1688624 0.8973803 0.554888 -0.4553858 0.6962206 0.3119973 -0.3119972 0.8973938 -0.9947037 -0.09796935 -0.03108829 0.5968525 0.3988034 0.6962205 0.3891548 0.2080075 0.8973804 0.5968517 -0.3988046 0.6962205 0.3410969 -0.279931 0.8973804 -0.9995167 4.11178e-7 -0.03108859 0.554889 0.4553846 0.6962206 0.3668765 0.2451391 0.8973899 0.6330676 -0.3383821 0.6962206 0.3668699 -0.2451344 0.8973938 -0.9947023 0.09797006 -0.03113383 0.5075816 0.5075805 0.6962206 0.3410758 0.2799138 0.8973938 0.6631929 -0.2747046 0.696213 0.3891549 -0.2080072 0.8973804 -0.9564731 0.2901434 -0.03124094 -0.9803098 0.1949952 -0.03113722 0.4553907 0.5548937 0.6962129 0.3120162 0.3120167 0.8973804 0.4222396 -0.1280848 0.8973897 0.4076687 -0.1688619 0.8973806 0.2451499 0.3668931 0.8973801 0.2799308 0.3410964 0.8973807 0.704035 -0.1400417 0.6962206 0.6869113 -0.2083733 0.6962281 -0.9234282 0.3824973 -0.03124314 0.3383823 0.6330675 0.6962206 0.3988001 0.5968456 0.6962283 0.7143713 -0.07036036 0.6962206 0.4327528 -0.08607929 0.8973937 -0.8814907 0.4711666 -0.0312438 0.2747042 0.6631931 0.696213 0.208007 0.389155 0.8973804 0.4391034 -0.04324787 0.8973951 -0.8310665 0.555301 -0.03113394 0.1280827 0.422232 0.8973934 0.1688543 0.4076509 0.8973902 -0.7726369 0.6340867 -0.03108865 0.1400417 0.704035 0.6962206 0.2083734 0.6869113 0.696228 -0.7067611 0.7067621 -0.03124374 0.07036107 0.7143788 0.6962129 0.08607941 0.4327527 0.8973937 -0.5552988 0.8310641 -0.03124046 -0.6340839 0.7726328 -0.03124719 -1.68678e-7 0.4412313 0.8973934 0.04324775 0.4391055 0.897394 -0.0703594 0.714379 0.6962129 8.539e-7 0.7178205 0.6962283 -0.4711655 0.8814914 -0.0312438 -0.08607971 0.4327527 0.8973938 -0.04324811 0.4391055 0.897394 -0.2901444 0.9564779 -0.03108519 -0.3824975 0.9234318 -0.03113722 -0.1400397 0.7040354 0.6962206 -0.1280853 0.4222396 0.8973895 -0.2747029 0.6631937 0.6962131 -0.2083718 0.6869118 0.696228 -0.1949951 0.9803115 -0.03108829 -0.2080075 0.3891547 0.8973804 -0.168862 0.4076685 0.8973806 3.82105e-7 0.9995169 -0.03108501 -0.09796905 0.9947037 -0.03109198 -0.338381 0.6330682 0.6962205 -0.2451502 0.3668929 0.8973801 -0.4553896 0.5548946 0.6962129 -0.398799 0.5968464 0.6962283 0.1949958 0.9803113 -0.03108835 0.09796983 0.9947036 -0.03109198 -0.3119972 0.3119972 0.8973937 -0.279931 0.3410962 0.8973807 0.2901447 0.9564763 -0.03113067 -0.5075805 0.5075817 0.6962205 -0.3410821 0.2799187 0.8973898 -0.554888 0.4553858 0.6962206 -0.3668926 0.2451496 0.8973804 0.9947037 -0.09796971 -0.03108805 0.4711666 0.8814907 -0.0312438 0.3824969 0.9234283 -0.03124707 -0.5968517 0.3988046 0.6962205 -0.3891549 0.2080073 0.8973804 0.98031 -0.1949953 -0.03113359 -0.6330676 0.3383821 0.6962205 0.7143531 -0.07035678 -0.6962397 0.7178205 8.54081e-7 -0.6962282 0.7040225 -0.1400374 -0.6962341 0.6869118 -0.2083716 -0.696228 0.6631695 -0.2746932 -0.6962398 0.6330569 -0.3383746 -0.6962339 0.5968463 -0.3987991 -0.6962283 0.5548747 -0.4553729 -0.6962397 0.5075762 -0.5075752 -0.6962283 0.4553743 -0.5548736 -0.6962396 0.3988001 -0.5968456 -0.6962283 0.3383761 -0.6330562 -0.6962339 0.2746942 -0.6631691 -0.6962398 0.2083734 -0.6869112 -0.6962281 0.1400392 -0.7040222 -0.6962341 0.07035851 -0.7143529 -0.6962397 8.55604e-7 -0.7178205 -0.6962283 -0.07035684 -0.7143531 -0.6962397 -0.1400371 -0.7040226 -0.6962341 -0.2083718 -0.6869117 -0.6962281 -0.274693 -0.6631696 -0.6962398 -0.3383748 -0.6330568 -0.6962339 -0.3987991 -0.5968463 -0.6962283 -0.4553731 -0.5548745 -0.6962397 -0.507575 -0.5075764 -0.6962283 -0.5548737 -0.4553742 -0.6962396 -0.5968455 -0.3988004 -0.6962283 -0.6330561 -0.338376 -0.6962339 -0.6631689 -0.2746947 -0.6962398 -0.6869112 -0.2083733 -0.6962281 -0.7040222 -0.140039 -0.6962341 -0.7143529 -0.07035845 -0.6962397 -0.7178205 -8.54081e-7 -0.6962282 -0.7143531 0.07035678 -0.6962397 -0.7040225 0.1400374 -0.6962341 -0.6631695 0.2746932 -0.6962398 -0.6330569 0.3383746 -0.6962339 -0.5968463 0.3987991 -0.6962283 -0.5548747 0.4553729 -0.6962397 -0.5075762 0.5075752 -0.6962283 -0.4553743 0.5548736 -0.6962396 -0.3988001 0.5968456 -0.6962283 -0.3383761 0.6330562 -0.6962339 -0.2746942 0.6631691 -0.6962398 -0.2083734 0.6869112 -0.6962281 -0.1400392 0.7040222 -0.6962341 -0.07035851 0.7143529 -0.6962397 -8.55604e-7 0.7178205 -0.6962283 0.07035684 0.7143531 -0.6962397 0.1400371 0.7040226 -0.6962341 0.2083718 0.6869117 -0.6962281 0.274693 0.6631696 -0.6962398 0.3383748 0.6330568 -0.6962339 0.3987991 0.5968463 -0.6962283 0.4553731 0.5548745 -0.6962397 0.507575 0.5075764 -0.6962283 0.5548737 0.4553742 -0.6962396 0.5968455 0.3988004 -0.6962283 0.6330561 0.338376 -0.6962339 0.6631689 0.2746947 -0.6962398 0.6869112 0.2083733 -0.6962281 0.7040222 0.140039 -0.6962341 0.7143529 0.07035845 -0.6962397 -0.6956879 -8.98646e-7 0.7183442 -0.6823329 0.1357233 0.7183322 -0.6923627 0.06819093 0.7183201 -0.6657319 0.2019467 0.7183443 -0.6135535 0.3279495 0.7183323 -0.6427551 0.2662372 0.71832 -0.5784437 0.3865028 0.7183443 -0.4919262 0.4919251 0.7183442 -0.5377938 0.4413548 0.7183202 -0.3865039 0.5784429 0.7183443 -0.4413562 0.5377926 0.7183202 -0.3279513 0.6135528 0.7183321 -0.2019485 0.6657315 0.7183443 -0.2662388 0.6427543 0.7183201 -0.135725 0.6823326 0.7183322 -9.95283e-7 0.6956879 0.7183443 -0.06819188 0.6923627 0.7183202 0.1357236 0.6823328 0.7183322 0.06819015 0.6923629 0.7183201 0.2019469 0.665732 0.7183443 0.3279496 0.6135535 0.7183323 0.2662373 0.6427551 0.7183201 0.3865026 0.5784438 0.7183443 0.4919249 0.4919264 0.7183442 0.4413549 0.5377936 0.7183201 0.5784427 0.3865043 0.7183443 0.5377926 0.4413562 0.7183202 0.6135529 0.3279511 0.7183321 0.6657314 0.2019484 0.7183443 0.6427543 0.266239 0.7183201 0.6823325 0.1357251 0.7183322 0.6956879 8.98646e-7 0.7183443 0.6923626 0.06819272 0.7183202 0.6823329 -0.1357233 0.7183322 0.6923627 -0.06819093 0.7183201 0.6657319 -0.2019467 0.7183443 0.6135535 -0.3279495 0.7183323 0.6427551 -0.2662372 0.71832 0.5784437 -0.3865028 0.7183443 0.4919262 -0.4919251 0.7183442 0.5377938 -0.4413548 0.7183202 0.3865039 -0.5784429 0.7183443 0.4413562 -0.5377926 0.7183202 0.3279513 -0.6135528 0.7183321 0.2019485 -0.6657315 0.7183443 0.2662388 -0.6427543 0.7183201 0.135725 -0.6823326 0.7183322 9.95283e-7 -0.6956879 0.7183443 0.06819188 -0.6923627 0.7183202 -0.1357236 -0.6823328 0.7183322 -0.06819015 -0.6923629 0.7183201 -0.2019469 -0.665732 0.7183443 -0.3279496 -0.6135535 0.7183323 -0.2662373 -0.6427551 0.7183201 -0.3865026 -0.5784438 0.7183443 -0.4919249 -0.4919264 0.7183442 -0.4413549 -0.5377936 0.7183201 -0.5784427 -0.3865043 0.7183443 -0.5377926 -0.4413562 0.7183202 -0.6135529 -0.3279511 0.7183321 -0.6657314 -0.2019484 0.7183443 -0.6427543 -0.266239 0.7183201 -0.6823325 -0.1357251 0.7183322 -0.6923626 -0.06819272 0.7183202 -0.6631641 -0.2746909 0.6962459 -0.3891488 -0.2080047 0.8973836 -0.6330377 -0.3383644 0.6962563 -0.2132671 -0.3989941 0.8918077 -0.4502332 0.0443446 0.8918092 -0.3668754 -0.2451386 0.8973904 -0.5968326 -0.3987891 0.6962457 -0.1731312 -0.4179736 0.8918092 -0.3410915 -0.2799273 0.8973837 -0.5548624 -0.4553627 0.6962562 -0.1313247 -0.4329174 0.8918164 -0.3120017 -0.3120025 0.8973903 -0.5075644 -0.5075629 0.696246 -0.08826214 -0.4437216 0.8918077 -0.2799264 -0.3410922 0.8973836 -0.455364 -0.5548612 0.6962562 -0.04434412 -0.4502333 0.8918092 -0.2451379 -0.366876 0.8973903 -0.3987882 -0.5968272 0.6962509 -6.56918e-7 -0.4524177 0.8918062 -0.2080004 -0.3891432 0.897387 -0.3383706 -0.633046 0.6962459 0.04434305 -0.4502333 0.8918092 -0.1688485 -0.4076383 0.8973969 -0.2746884 -0.6631543 0.6962562 0.08825784 -0.443705 0.8918164 -0.128084 -0.4222383 0.8973903 -0.2083668 -0.68689 0.696251 0.1313287 -0.4329341 0.8918077 -0.08608222 -0.432766 0.897387 -0.1400376 -0.7040109 0.6962458 0.1731204 -0.4179506 0.8918221 -0.04324764 -0.4391075 0.897393 -0.0703563 -0.714337 0.6962562 0.2132513 -0.398967 0.8918237 4.60999e-7 -0.4412376 0.8973903 -7.31202e-7 -0.7178034 0.6962459 0.2513493 -0.3761719 0.8918063 0.04325038 -0.4391266 0.8973837 0.07035499 -0.7143372 0.6962562 0.2870066 -0.3497194 0.8918092 0.08607816 -0.4327404 0.8973999 0.1400361 -0.7040112 0.6962458 0.3199071 -0.3199081 0.8918063 0.1280872 -0.4222444 0.897387 0.2083636 -0.6868859 0.6962561 0.3497186 -0.2870075 0.8918092 0.1688577 -0.4076564 0.8973869 0.2746908 -0.6631641 0.6962459 0.3761711 -0.2513504 0.8918062 0.7178034 -8.7034e-7 0.6962459 0.4391265 0.04325062 0.8973836 0.7143371 0.07035493 0.6962562 0.2080045 -0.3891489 0.8973836 0.3383641 -0.6330379 0.6962563 0.3989941 -0.2132671 0.8918076 0.4327404 0.08607786 0.8973999 0.7040113 0.1400355 0.6962459 0.2451388 -0.3668754 0.8973904 0.3987895 -0.5968323 0.6962458 0.4179736 -0.1731311 0.8918092 0.4222444 0.1280871 0.897387 0.6868858 0.2083638 0.6962561 0.2799271 -0.3410916 0.8973837 0.4553624 -0.5548626 0.6962562 0.4329174 -0.1313247 0.8918163 0.4076565 0.1688575 0.897387 0.6631641 0.2746909 0.6962459 0.3120025 -0.3120017 0.8973903 0.5075631 -0.5075641 0.6962459 0.4437216 -0.08826208 0.8918077 0.3891488 0.2080047 0.8973836 0.6330377 0.3383644 0.6962563 0.3410922 -0.2799265 0.8973837 0.5548611 -0.4553642 0.6962562 0.4502332 -0.0443446 0.8918092 0.3668754 0.2451386 0.8973904 0.5968326 0.3987891 0.6962457 0.366876 -0.2451381 0.8973904 0.5968272 -0.3987883 0.6962509 0.4524176 -5.84117e-7 0.8918062 0.3410915 0.2799273 0.8973837 0.5548624 0.4553627 0.6962562 0.3891432 -0.2080004 0.897387 0.6330459 -0.3383706 0.6962459 0.4502333 0.04434347 0.8918092 0.3120017 0.3120025 0.8973903 0.5075644 0.5075629 0.696246 0.4076383 -0.1688485 0.8973969 0.6631543 -0.2746882 0.6962562 0.443705 0.08825755 0.8918164 0.2799264 0.3410922 0.8973836 0.455364 0.5548612 0.6962562 0.4222382 -0.128084 0.8973903 0.68689 -0.2083668 0.696251 0.4329341 0.1313287 0.8918076 0.2451379 0.366876 0.8973903 0.3987882 0.5968272 0.6962509 0.4327473 -0.08607816 0.8973965 0.7040109 -0.1400372 0.6962458 0.4179506 0.1731204 0.8918221 0.2079876 0.3891193 0.8974003 0.3383706 0.633046 0.6962459 0.4412376 5.34339e-7 0.8973903 -0.4524176 5.84136e-7 0.8918062 0.4391266 -0.04324954 0.8973836 -0.4437019 0.08825814 0.8918179 -0.4179736 0.1731311 0.8918092 -0.4329366 0.1313306 0.8918062 -0.3989942 0.2132671 0.8918076 -0.3497186 0.2870074 0.8918092 -0.3761711 0.2513504 0.8918062 -0.2870066 0.3497194 0.8918092 -0.3199071 0.3199081 0.8918063 -0.2132513 0.398967 0.8918235 -0.2513335 0.3761482 0.8918206 -0.1731312 0.4179768 0.8918077 -0.1313229 0.4329149 0.8918179 -0.04434305 0.4502335 0.8918092 -0.08826172 0.4437247 0.8918063 0.04434412 0.4502333 0.8918092 6.57455e-7 0.4524177 0.8918062 0.08825826 0.4437019 0.8918179 0.1731312 0.4179736 0.8918093 0.1313305 0.4329366 0.8918061 0.2132671 0.3989942 0.8918077 0.2870075 0.3497186 0.8918092 0.2513502 0.3761712 0.8918062 0.3497195 0.2870065 0.8918092 0.3199079 0.3199073 0.8918063 0.3989921 0.2132647 0.8918092 0.3761484 0.2513335 0.8918207 -0.4076565 -0.1688575 0.897387 -0.4222444 -0.1280871 0.897387 -0.4327592 -0.08608162 0.8973903 -0.4412376 -5.34601e-7 0.8973903 -0.4391074 -0.04324871 0.8973931 -0.4327473 0.08607816 0.8973965 -0.4391266 0.04324954 0.8973836 -0.4222382 0.128084 0.8973903 -0.3891193 0.2079876 0.8974003 -0.4076634 0.1688589 0.8973836 -0.366876 0.2451381 0.8973903 -0.3120025 0.3120017 0.8973903 -0.3410922 0.2799265 0.8973837 -0.2451388 0.3668754 0.8973904 -0.2799271 0.3410916 0.8973837 -0.1688577 0.4076564 0.8973869 -0.2080045 0.3891489 0.8973836 -0.1280872 0.4222444 0.897387 -0.08608192 0.4327592 0.8973904 -4.60475e-7 0.4412376 0.8973903 -0.04324847 0.4391075 0.8973931 0.08607846 0.4327473 0.8973965 0.04324954 0.4391267 0.8973836 0.128084 0.4222383 0.8973903 0.1688589 0.4076634 0.8973836 -0.2870075 -0.3497186 0.8918092 -0.2513502 -0.3761712 0.8918062 -0.3497195 -0.2870065 0.8918092 -0.3199079 -0.3199073 0.8918063 -0.398967 -0.2132513 0.8918237 -0.3761484 -0.2513335 0.8918207 -0.4179768 -0.1731313 0.8918077 -0.4329149 -0.1313228 0.8918179 -0.4502333 -0.04434347 0.8918092 -0.4437248 -0.08826148 0.8918063 -0.6868858 -0.2083638 0.6962561 -0.7040113 -0.1400355 0.6962459 -0.7143371 -0.07035493 0.6962562 -0.7178034 8.7034e-7 0.6962459 -0.7143369 0.07035666 0.6962562 -0.7040109 0.1400372 0.6962458 -0.68689 0.2083668 0.696251 -0.6631543 0.2746882 0.6962562 -0.6330459 0.3383706 0.6962459 -0.5968272 0.3987883 0.6962509 -0.5548611 0.4553642 0.6962562 -0.5075631 0.5075641 0.6962459 -0.4553624 0.5548626 0.6962562 -0.3987895 0.5968323 0.6962458 -0.3383641 0.6330379 0.6962563 -0.2746908 0.6631641 0.6962459 -0.2083636 0.6868859 0.6962561 -0.1400361 0.7040112 0.6962458 -0.07035499 0.7143372 0.6962562 7.31202e-7 0.7178034 0.6962459 0.0703563 0.714337 0.6962562 0.1400376 0.7040109 0.6962458 0.2083668 0.68689 0.696251 0.2746884 0.6631543 0.6962562 0.7143369 -0.07035666 0.6962562 0 0 -1 0 0 -1 0 -2.21499e-7 -1 0 0 -1 0 0 -1 0 0 -1 0 1.23855e-6 -1 0 0 -1 0 1.19926e-6 -1 0 0 -1 0 1.23446e-6 -1 0 -1.75381e-7 -1 0 0 -1 0 0 -1 0 2.4651e-6 -1 0 0 -1 0 0 -1 0 0 -1 0 2.4651e-6 -1 0 0 -1 0 0 -1 0 0 -1 0 1.23446e-6 -1 0 0 -1 0 0 -1 0 6.21298e-7 -1 0 0 -1 0 -1.24556e-7 -1 0 1.94022e-7 -1 0 -2.21499e-7 -1 0 0 -1 0 0 -1 0 2.21499e-7 -1 0 0 -1 0 0 -1 0 0 -1 0 -1.23855e-6 -1 0 0 -1 0 -1.19926e-6 -1 0 0 -1 0 -1.23446e-6 -1 0 1.75381e-7 -1 0 0 -1 0 0 -1 0 -2.4651e-6 -1 0 0 -1 0 0 -1 0 -2.4651e-6 -1 0 0 -1 0 0 -1 0 0 -1 0 -1.23446e-6 -1 0 0 -1 0 0 -1 0 -6.21298e-7 -1 0 0 -1 0 1.24556e-7 -1 0 -1.94022e-7 -1 0 2.21499e-7 -1 0 0 1 0 2.00311e-7 1 0 0 1 0 -8.98398e-7 1 0 0 1 0 0 1 0 -1.14667e-6 1 0 0 1 0 0 1 0 1.76024e-6 1 0 2.44985e-6 1 0 -1.03552e-6 1 0 -2.65511e-7 1 0 0 1 0 2.98483e-7 1 0 1.84524e-6 1 0 0 1 0 -1.82365e-6 1 0 1.82362e-6 1 0 0 1 0 0 1 0 0 1 0 0 1 0 0 1 0 9.22606e-7 1 0 0 1 0 0 1 0 5.4629e-7 1 0 0 1 0 0 1 0 -2.00311e-7 1 0 0 1 0 8.98398e-7 1 0 0 1 0 0 1 0 1.14667e-6 1 0 0 1 0 0 1 0 -1.76024e-6 1 0 -2.44985e-6 1 0 1.03552e-6 1 0 2.65511e-7 1 0 0 1 0 -2.98483e-7 1 0 -1.84524e-6 1 0 0 1 0 1.82365e-6 1 0 -1.82362e-6 1 0 0 1 0 0 1 0 0 1 0 0 1 0 0 1 0 -9.22606e-7 1 0 0 1 0 0 1 0 -5.4629e-7 1 0 0 1</float_array>
          <technique_common>
            <accessor source="#Cylinder_003-mesh-normals-array" count="761" stride="3">
              <param name="X" type="float"/>
              <param name="Y" type="float"/>
              <param name="Z" type="float"/>
            </accessor>
          </technique_common>
        </source>
        <source id="Cylinder_003-mesh-map-0">
          <float_array id="Cylinder_003-mesh-map-0-array" count="12264">1 1 0.9843751 0.8750001 1 0.875 0.984375 1 0.96875 0.875 0.9843751 0.8750001 0.96875 1 0.953125 0.875 0.96875 0.875 0.953125 1 0.9375 0.875 0.953125 0.875 0.9375 1 0.921875 0.875 0.9375 0.875 0.921875 1 0.90625 0.875 0.921875 0.875 0.90625 1 0.890625 0.875 0.90625 0.875 0.890625 1 0.875 0.875 0.890625 0.875 0.875 1 0.8593751 0.8750001 0.875 0.875 0.859375 1 0.84375 0.875 0.8593751 0.8750001 0.84375 1 0.828125 0.875 0.84375 0.875 0.828125 1 0.8125 0.875 0.828125 0.875 0.8125 1 0.796875 0.875 0.8125 0.875 0.796875 1 0.78125 0.875 0.796875 0.875 0.78125 1 0.765625 0.875 0.78125 0.875 0.765625 1 0.75 0.875 0.765625 0.875 0.75 1 0.734375 0.8750001 0.75 0.875 0.734375 1 0.71875 0.875 0.734375 0.8750001 0.71875 1 0.703125 0.875 0.71875 0.875 0.703125 1 0.6875 0.875 0.703125 0.875 0.6875 1 0.671875 0.875 0.6875 0.875 0.671875 1 0.65625 0.875 0.671875 0.875 0.65625 1 0.640625 0.875 0.65625 0.875 0.640625 1 0.625 0.875 0.640625 0.875 0.625 1 0.609375 0.8750001 0.625 0.875 0.609375 1 0.59375 0.875 0.609375 0.8750001 0.59375 1 0.578125 0.875 0.59375 0.875 0.578125 1 0.5625 0.875 0.578125 0.875 0.5625 1 0.546875 0.875 0.5625 0.875 0.546875 1 0.53125 0.875 0.546875 0.875 0.53125 1 0.515625 0.875 0.53125 0.875 0.515625 1 0.5 0.875 0.515625 0.875 0.5 1 0.484375 0.8750001 0.5 0.875 0.484375 1 0.46875 0.875 0.484375 0.8750001 0.46875 1 0.453125 0.875 0.46875 0.875 0.453125 1 0.4375 0.875 0.453125 0.875 0.4375 1 0.421875 0.875 0.4375 0.875 0.421875 1 0.40625 0.875 0.421875 0.875 0.40625 1 0.390625 0.875 0.40625 0.875 0.390625 1 0.375 0.875 0.390625 0.875 0.375 1 0.359375 0.8750001 0.375 0.875 0.359375 1 0.34375 0.875 0.359375 0.8750001 0.34375 1 0.328125 0.875 0.34375 0.875 0.328125 1 0.3125 0.875 0.328125 0.875 0.3125 1 0.296875 0.875 0.3125 0.875 0.296875 1 0.28125 0.875 0.296875 0.875 0.28125 1 0.265625 0.875 0.28125 0.875 0.265625 1 0.25 0.875 0.265625 0.875 0.25 1 0.234375 0.8750001 0.25 0.875 0.234375 1 0.21875 0.875 0.234375 0.8750001 0.21875 1 0.203125 0.875 0.21875 0.875 0.203125 1 0.1875 0.875 0.203125 0.875 0.1875 1 0.171875 0.875 0.1875 0.875 0.171875 1 0.15625 0.875 0.171875 0.875 0.15625 1 0.140625 0.875 0.15625 0.875 0.140625 1 0.125 0.875 0.140625 0.875 0.125 1 0.109375 0.8750001 0.125 0.875 0.109375 1 0.09375 0.875 0.109375 0.8750001 0.09375 1 0.078125 0.875 0.09375 0.875 0.078125 1 0.0625 0.875 0.078125 0.875 0.0625 1 0.046875 0.875 0.0625 0.875 0.046875 1 0.03125 0.875 0.046875 0.875 0.2148978 0.0735296 0.4264704 0.2148978 0.2851022 0.4264703 0.03125 1 0.015625 0.875 0.03125 0.875 0.015625 1 0 0.875 0.015625 0.875 0.7715614 0.03108334 0.5310834 0.2284386 0.7284385 0.4689166 0.140625 0.875 0.15625 0.875 0.15625 0.875 0.4375 0.625 0.453125 0.625 0.4375 0.625 0.9375 0.875 0.953125 0.875 0.953125 0.875 0.140625 0.875 0.125 0.875 0.140625 0.875 0.46875 0.625 0.453125 0.625 0.453125 0.625 0.9375 0.875 0.921875 0.875 0.9375 0.875 0.125 0.875 0.109375 0.8750001 0.125 0.875 0.46875 0.625 0.484375 0.625 0.46875 0.625 0.921875 0.875 0.90625 0.875 0.921875 0.875 0.109375 0.8750001 0.09375 0.875 0.109375 0.8750001 0.484375 0.625 0.5 0.625 0.484375 0.625 0.90625 0.875 0.890625 0.875 0.90625 0.875 0.09375 0.875 0.078125 0.875 0.09375 0.875 0.5 0.625 0.515625 0.625 0.5 0.625 0.890625 0.875 0.875 0.875 0.890625 0.875 0.078125 0.875 0.0625 0.875 0.078125 0.875 0.515625 0.625 0.53125 0.625 0.515625 0.625 0.875 0.875 0.8593751 0.8750001 0.875 0.875 0.0625 0.875 0.046875 0.875 0.0625 0.875 0.53125 0.625 0.546875 0.625 0.53125 0.625 0.8593751 0.8750001 0.84375 0.875 0.8593751 0.8750001 0.03125 0.875 0.046875 0.875 0.046875 0.875 0.5625 0.625 0.546875 0.625 0.546875 0.625 0.84375 0.875 0.828125 0.875 0.84375 0.875 0.03125 0.875 0.015625 0.875 0.03125 0.875 0.5625 0.625 0.578125 0.625 0.5625 0.625 0.8125 0.875 0.828125 0.875 0.828125 0.875 0.015625 0.875 0 0.875 0.015625 0.875 0.578125 0.625 0.59375 0.625 0.578125 0.625 0.8125 0.875 0.796875 0.875 0.8125 0.875 0.59375 0.625 0.609375 0.625 0.59375 0.625 0.78125 0.875 0.796875 0.875 0.796875 0.875 0.609375 0.625 0.625 0.625 0.609375 0.625 0.765625 0.875 0.78125 0.875 0.78125 0.875 0.625 0.625 0.640625 0.625 0.625 0.625 0.765625 0.875 0.75 0.875 0.765625 0.875 0.640625 0.625 0.65625 0.625 0.640625 0.625 0.734375 0.8750001 0.75 0.875 0.75 0.875 0.65625 0.625 0.671875 0.625 0.65625 0.625 0.71875 0.875 0.734375 0.8750001 0.734375 0.8750001 0.6875 0.625 0.671875 0.625 0.671875 0.625 0.71875 0.875 0.703125 0.875 0.71875 0.875 0.6875 0.625 0.703125 0.625 0.6875 0.625 0.6875 0.875 0.703125 0.875 0.703125 0.875 0.71875 0.625 0.703125 0.625 0.703125 0.625 0.6875 0.875 0.671875 0.875 0.6875 0.875 0.734375 0.625 0.71875 0.625 0.71875 0.625 0.65625 0.875 0.671875 0.875 0.671875 0.875 0.734375 0.625 0.75 0.625 0.734375 0.625 0.640625 0.875 0.65625 0.875 0.65625 0.875 0.765625 0.625 0.75 0.625 0.75 0.625 0.625 0.875 0.640625 0.875 0.640625 0.875 0.78125 0.625 0.765625 0.625 0.765625 0.625 0.609375 0.8750001 0.625 0.875 0.625 0.875 0.78125 0.625 0.796875 0.625 0.78125 0.625 0.59375 0.875 0.609375 0.8750001 0.609375 0.8750001 0.8125 0.625 0.796875 0.625 0.796875 0.625 0.578125 0.875 0.59375 0.875 0.59375 0.875 0.015625 0.625 0 0.625 0 0.625 0.8125 0.625 0.828125 0.625 0.8125 0.625 0.5625 0.875 0.578125 0.875 0.578125 0.875 0.03125 0.625 0.015625 0.625 0.015625 0.625 0.84375 0.625 0.828125 0.625 0.828125 0.625 0.5625 0.875 0.546875 0.875 0.5625 0.875 0.03125 0.625 0.046875 0.625 0.03125 0.625 0.8593751 0.625 0.84375 0.625 0.84375 0.625 0.53125 0.875 0.546875 0.875 0.546875 0.875 0.0625 0.625 0.046875 0.625 0.046875 0.625 0.875 0.625 0.8593751 0.625 0.8593751 0.625 0.515625 0.875 0.53125 0.875 0.53125 0.875 0.078125 0.625 0.0625 0.625 0.0625 0.625 0.890625 0.625 0.875 0.625 0.875 0.625 0.5 0.875 0.515625 0.875 0.515625 0.875 0.09375 0.625 0.078125 0.625 0.078125 0.625 0.90625 0.625 0.890625 0.625 0.890625 0.625 0.484375 0.8750001 0.5 0.875 0.5 0.875 0.109375 0.625 0.09375 0.625 0.09375 0.625 0.921875 0.625 0.90625 0.625 0.90625 0.625 0.46875 0.875 0.484375 0.8750001 0.484375 0.8750001 0.125 0.625 0.109375 0.625 0.109375 0.625 0.9375 0.625 0.921875 0.625 0.921875 0.625 0.46875 0.875 0.453125 0.875 0.46875 0.875 0.140625 0.625 0.125 0.625 0.125 0.625 0.9375 0.625 0.953125 0.625 0.9375 0.625 0.4375 0.875 0.453125 0.875 0.453125 0.875 0.140625 0.625 0.15625 0.625 0.140625 0.625 0.96875 0.625 0.953125 0.625 0.953125 0.625 0.421875 0.875 0.4375 0.875 0.4375 0.875 0.171875 0.625 0.15625 0.625 0.15625 0.625 0.9843751 0.625 0.96875 0.625 0.96875 0.625 0.40625 0.875 0.421875 0.875 0.421875 0.875 0.1875 0.625 0.171875 0.625 0.171875 0.625 1 0.625 0.9843751 0.625 0.9843751 0.625 0.390625 0.875 0.40625 0.875 0.40625 0.875 0.1875 0.625 0.203125 0.625 0.1875 0.625 0.375 0.875 0.390625 0.875 0.390625 0.875 0.21875 0.625 0.203125 0.625 0.203125 0.625 0.359375 0.8750001 0.375 0.875 0.375 0.875 0.234375 0.625 0.21875 0.625 0.21875 0.625 0.359375 0.8750001 0.34375 0.875 0.359375 0.8750001 0.234375 0.625 0.25 0.625 0.234375 0.625 0.328125 0.875 0.34375 0.875 0.34375 0.875 0.265625 0.625 0.25 0.625 0.25 0.625 0.3125 0.875 0.328125 0.875 0.328125 0.875 0.265625 0.625 0.28125 0.625 0.265625 0.625 0.3125 0.875 0.296875 0.875 0.3125 0.875 0.28125 0.625 0.296875 0.625 0.28125 0.625 0.28125 0.875 0.296875 0.875 0.296875 0.875 0.3125 0.625 0.296875 0.625 0.296875 0.625 0.265625 0.875 0.28125 0.875 0.28125 0.875 0.3125 0.625 0.328125 0.625 0.3125 0.625 0.265625 0.875 0.25 0.875 0.265625 0.875 0.328125 0.625 0.34375 0.625 0.328125 0.625 0.234375 0.8750001 0.25 0.875 0.25 0.875 0.359375 0.625 0.34375 0.625 0.34375 0.625 0.234375 0.8750001 0.21875 0.875 0.234375 0.8750001 0.359375 0.625 0.375 0.625 0.359375 0.625 0.21875 0.875 0.203125 0.875 0.21875 0.875 0.375 0.625 0.390625 0.625 0.375 0.625 0.1875 0.875 0.203125 0.875 0.203125 0.875 0.390625 0.625 0.40625 0.625 0.390625 0.625 1 0.875 0.9843751 0.8750001 1 0.875 0.1875 0.875 0.171875 0.875 0.1875 0.875 0.40625 0.625 0.421875 0.625 0.40625 0.625 0.9843751 0.8750001 0.96875 0.875 0.9843751 0.8750001 0.171875 0.875 0.15625 0.875 0.171875 0.875 0.421875 0.625 0.4375 0.625 0.421875 0.625 0.96875 0.875 0.953125 0.875 0.96875 0.875 1 0.625 0.984375 0.5 1 0.5 0.9843751 0.625 0.96875 0.5 0.984375 0.5 0.96875 0.625 0.953125 0.5 0.96875 0.5 0.953125 0.625 0.9375 0.5 0.953125 0.5 0.9375 0.625 0.921875 0.5 0.9375 0.5 0.921875 0.625 0.90625 0.5 0.921875 0.5 0.90625 0.625 0.890625 0.5 0.90625 0.5 0.890625 0.625 0.875 0.5 0.890625 0.5 0.875 0.625 0.859375 0.5 0.875 0.5 0.8593751 0.625 0.84375 0.5 0.859375 0.5 0.84375 0.625 0.828125 0.5 0.84375 0.5 0.828125 0.625 0.8125 0.5 0.828125 0.5 0.8125 0.625 0.796875 0.5 0.8125 0.5 0.796875 0.625 0.78125 0.5 0.796875 0.5 0.78125 0.625 0.765625 0.5 0.78125 0.5 0.765625 0.625 0.75 0.5 0.765625 0.5 0.75 0.625 0.734375 0.5 0.75 0.5 0.734375 0.625 0.71875 0.5 0.734375 0.5 0.71875 0.625 0.703125 0.5 0.71875 0.5 0.703125 0.625 0.6875 0.5 0.703125 0.5 0.6875 0.625 0.671875 0.5 0.6875 0.5 0.671875 0.625 0.65625 0.5 0.671875 0.5 0.65625 0.625 0.640625 0.5 0.65625 0.5 0.640625 0.625 0.625 0.5 0.640625 0.5 0.625 0.625 0.609375 0.5 0.625 0.5 0.609375 0.625 0.59375 0.5 0.609375 0.5 0.59375 0.625 0.578125 0.5 0.59375 0.5 0.578125 0.625 0.5625 0.5 0.578125 0.5 0.5625 0.625 0.546875 0.5 0.5625 0.5 0.546875 0.625 0.53125 0.5 0.546875 0.5 0.53125 0.625 0.515625 0.5 0.53125 0.5 0.515625 0.625 0.5 0.5 0.515625 0.5 0.5 0.625 0.484375 0.5 0.5 0.5 0.484375 0.625 0.46875 0.5 0.484375 0.5 0.46875 0.625 0.453125 0.5 0.46875 0.5 0.453125 0.625 0.4375 0.5 0.453125 0.5 0.4375 0.625 0.421875 0.5 0.4375 0.5 0.421875 0.625 0.40625 0.5 0.421875 0.5 0.40625 0.625 0.390625 0.5 0.40625 0.5 0.390625 0.625 0.375 0.5 0.390625 0.5 0.375 0.625 0.359375 0.5 0.375 0.5 0.359375 0.625 0.34375 0.5 0.359375 0.5 0.34375 0.625 0.328125 0.5 0.34375 0.5 0.328125 0.625 0.3125 0.5 0.328125 0.5 0.3125 0.625 0.296875 0.5 0.3125 0.5 0.296875 0.625 0.28125 0.5 0.296875 0.5 0.28125 0.625 0.265625 0.5 0.28125 0.5 0.265625 0.625 0.25 0.5 0.265625 0.5 0.25 0.625 0.234375 0.5 0.25 0.5 0.234375 0.625 0.21875 0.5 0.234375 0.5 0.21875 0.625 0.203125 0.5 0.21875 0.5 0.203125 0.625 0.1875 0.5 0.203125 0.5 0.1875 0.625 0.171875 0.5 0.1875 0.5 0.171875 0.625 0.15625 0.5 0.171875 0.5 0.15625 0.625 0.140625 0.5 0.15625 0.5 0.140625 0.625 0.125 0.5 0.140625 0.5 0.125 0.625 0.109375 0.5 0.125 0.5 0.109375 0.625 0.09375 0.5 0.109375 0.5 0.09375 0.625 0.078125 0.5 0.09375 0.5 0.078125 0.625 0.0625 0.5 0.078125 0.5 0.0625 0.625 0.046875 0.5 0.0625 0.5 0.046875 0.625 0.03125 0.5 0.046875 0.5 0.03125 0.625 0.015625 0.5 0.03125 0.5 0.015625 0.625 0 0.5 0.015625 0.5 0.015625 0.875 0.03125 0.625 0.03125 0.875 0.03125 0.875 0.046875 0.625 0.046875 0.875 0.046875 0.875 0.0625 0.625 0.0625 0.875 0.0625 0.875 0.078125 0.625 0.078125 0.875 0.078125 0.875 0.09375 0.625 0.09375 0.875 0.09375 0.875 0.109375 0.625 0.109375 0.8750001 0.109375 0.8750001 0.125 0.625 0.125 0.875 0.125 0.875 0.140625 0.625 0.140625 0.875 0.140625 0.875 0.15625 0.625 0.15625 0.875 0.15625 0.875 0.171875 0.625 0.171875 0.875 0.171875 0.875 0.1875 0.625 0.1875 0.875 0.1875 0.875 0.203125 0.625 0.203125 0.875 0.203125 0.875 0.21875 0.625 0.21875 0.875 0.21875 0.875 0.234375 0.625 0.234375 0.8750001 0.234375 0.8750001 0.25 0.625 0.25 0.875 0.25 0.875 0.265625 0.625 0.265625 0.875 0.265625 0.875 0.28125 0.625 0.28125 0.875 0.28125 0.875 0.296875 0.625 0.296875 0.875 0.296875 0.875 0.3125 0.625 0.3125 0.875 0.3125 0.875 0.328125 0.625 0.328125 0.875 0.328125 0.875 0.34375 0.625 0.34375 0.875 0.34375 0.875 0.359375 0.625 0.359375 0.8750001 0.359375 0.8750001 0.375 0.625 0.375 0.875 0.375 0.875 0.390625 0.625 0.390625 0.875 0.390625 0.875 0.40625 0.625 0.40625 0.875 0.40625 0.875 0.421875 0.625 0.421875 0.875 0.421875 0.875 0.4375 0.625 0.4375 0.875 0.4375 0.875 0.453125 0.625 0.453125 0.875 0.453125 0.875 0.46875 0.625 0.46875 0.875 0.46875 0.875 0.484375 0.625 0.484375 0.8750001 0.484375 0.8750001 0.5 0.625 0.5 0.875 0.5 0.875 0.515625 0.625 0.515625 0.875 0.515625 0.875 0.53125 0.625 0.53125 0.875 0.53125 0.875 0.546875 0.625 0.546875 0.875 0.546875 0.875 0.5625 0.625 0.5625 0.875 0.5625 0.875 0.578125 0.625 0.578125 0.875 0.578125 0.875 0.59375 0.625 0.59375 0.875 0.59375 0.875 0.609375 0.625 0.609375 0.8750001 0.609375 0.8750001 0.625 0.625 0.625 0.875 0.625 0.875 0.640625 0.625 0.640625 0.875 0.640625 0.875 0.65625 0.625 0.65625 0.875 0.65625 0.875 0.671875 0.625 0.671875 0.875 0.671875 0.875 0.6875 0.625 0.6875 0.875 0.6875 0.875 0.703125 0.625 0.703125 0.875 0.703125 0.875 0.71875 0.625 0.71875 0.875 0.71875 0.875 0.734375 0.625 0.734375 0.8750001 0.734375 0.8750001 0.75 0.625 0.75 0.875 0.75 0.875 0.765625 0.625 0.765625 0.875 0.765625 0.875 0.78125 0.625 0.78125 0.875 0.78125 0.875 0.796875 0.625 0.796875 0.875 0.796875 0.875 0.8125 0.625 0.8125 0.875 0.8125 0.875 0.828125 0.625 0.828125 0.875 0.828125 0.875 0.84375 0.625 0.84375 0.875 0.84375 0.875 0.8593751 0.625 0.8593751 0.8750001 0.8593751 0.8750001 0.875 0.625 0.875 0.875 0.875 0.875 0.890625 0.625 0.890625 0.875 0.890625 0.875 0.90625 0.625 0.90625 0.875 0.90625 0.875 0.921875 0.625 0.921875 0.875 0.921875 0.875 0.9375 0.625 0.9375 0.875 0.9375 0.875 0.953125 0.625 0.953125 0.875 0.953125 0.875 0.96875 0.625 0.96875 0.875 0.96875 0.875 0.9843751 0.625 0.9843751 0.8750001 1 0.875 0.9843751 0.625 1 0.625 0.2499999 0.4699759 0.2735241 0.4888443 0.25 0.49 0.2929151 0.465749 0.2735241 0.4888443 0.2715614 0.4689164 0.3138556 0.4605038 0.2968217 0.4853885 0.2929151 0.465749 0.3138556 0.4605038 0.341844 0.4717311 0.3196683 0.4796657 0.3536959 0.4440014 0.341844 0.4717311 0.3341811 0.4532312 0.3722121 0.4329033 0.3631352 0.4616611 0.3536959 0.4440014 0.3722121 0.4329033 0.4022544 0.4355225 0.3833369 0.4495527 0.4055464 0.4055465 0.4022544 0.4355225 0.3895513 0.4200437 0.4055464 0.4055465 0.4355225 0.4022544 0.4197056 0.4197056 0.4329032 0.372212 0.4355225 0.4022544 0.4200437 0.3895512 0.4329032 0.372212 0.4616611 0.3631352 0.4495527 0.3833369 0.4440013 0.3536959 0.4717311 0.341844 0.4616611 0.3631352 0.4605038 0.3138556 0.4717311 0.341844 0.4532312 0.3341811 0.4605038 0.3138556 0.4853885 0.2968217 0.4796657 0.3196683 0.4657492 0.2929152 0.4888443 0.2735241 0.4853885 0.2968217 0.4699759 0.25 0.4888443 0.2735241 0.4689166 0.2715615 0.4699759 0.25 0.4888443 0.2264758 0.49 0.25 0.465749 0.2070848 0.4888443 0.2264758 0.4689166 0.2284386 0.4605038 0.1861444 0.4853885 0.2031783 0.465749 0.2070848 0.4605038 0.1861444 0.4717311 0.1581559 0.4796657 0.1803317 0.4440014 0.146304 0.4717311 0.1581559 0.4532312 0.1658188 0.4329033 0.1277879 0.4616611 0.1368647 0.4440014 0.146304 0.4329033 0.1277879 0.4355225 0.09774559 0.4495527 0.1166631 0.4055464 0.09445351 0.4355225 0.09774559 0.4200436 0.1104487 0.4055464 0.09445351 0.4022544 0.0644775 0.4197056 0.08029437 0.3722119 0.06709671 0.4022544 0.0644775 0.3895512 0.07995635 0.3722119 0.06709671 0.3631352 0.03833889 0.3833369 0.05044728 0.3536959 0.05599856 0.341844 0.02826893 0.3631352 0.03833889 0.3138555 0.03949618 0.341844 0.02826893 0.3341811 0.04676878 0.3138555 0.03949618 0.2968217 0.01461154 0.3196683 0.0203343 0.2929151 0.03425085 0.2735241 0.01115566 0.2968217 0.01461154 0.25 0.03002411 0.2735241 0.01115566 0.2715614 0.03108334 0.25 0.03002411 0.2264758 0.01115566 0.25 0.00999999 0.2070848 0.03425085 0.2264758 0.01115566 0.2284385 0.03108334 0.1861443 0.03949618 0.2031783 0.01461154 0.2070848 0.03425085 0.1861443 0.03949618 0.1581559 0.02826893 0.1803317 0.0203343 0.146304 0.05599856 0.1581559 0.02826893 0.1658188 0.04676878 0.1277879 0.06709671 0.1368647 0.03833889 0.146304 0.05599856 0.1277879 0.06709671 0.09774559 0.0644775 0.1166631 0.05044728 0.09445357 0.09445351 0.09774559 0.0644775 0.1104487 0.07995629 0.09445357 0.09445351 0.0644775 0.09774559 0.08029437 0.08029437 0.06709671 0.1277879 0.0644775 0.09774559 0.07995629 0.1104487 0.06709671 0.1277879 0.03833889 0.1368647 0.05044728 0.1166631 0.05599856 0.1463041 0.02826893 0.1581559 0.03833889 0.1368647 0.03949618 0.1861444 0.02826893 0.1581559 0.04676878 0.1658189 0.03949618 0.1861444 0.01461154 0.2031783 0.0203343 0.1803317 0.03425085 0.2070848 0.01115566 0.2264758 0.01461154 0.2031783 0.03002411 0.25 0.01115566 0.2264758 0.03108334 0.2284385 0.03002411 0.25 0.01115566 0.2735241 0.00999999 0.25 0.03425085 0.2929151 0.01115566 0.2735241 0.03108334 0.2715614 0.03949618 0.3138555 0.01461154 0.2968217 0.03425085 0.2929151 0.03949618 0.3138555 0.02826893 0.341844 0.0203343 0.3196683 0.05599856 0.3536959 0.02826893 0.341844 0.04676878 0.3341811 0.06709671 0.3722121 0.03833889 0.3631352 0.05599856 0.3536959 0.06709671 0.3722121 0.0644775 0.4022544 0.05044728 0.3833369 0.09445351 0.4055464 0.0644775 0.4022544 0.07995629 0.3895512 0.09445351 0.4055464 0.09774559 0.4355225 0.08029437 0.4197056 0.1277879 0.4329032 0.09774559 0.4355225 0.1104487 0.4200437 0.1277879 0.4329032 0.1368647 0.4616611 0.1166631 0.4495527 0.1463041 0.4440012 0.1581559 0.4717311 0.1368647 0.4616611 0.1861443 0.4605039 0.1581559 0.4717311 0.1658188 0.453231 0.1861443 0.4605039 0.2031783 0.4853885 0.1803317 0.4796657 0.2070848 0.465749 0.2264758 0.4888443 0.2031783 0.4853885 0.2499999 0.4699759 0.2264758 0.4888443 0.2284385 0.4689164 0.3265182 0.06526863 0.3442566 0.07365828 0.3442566 0.07365828 0.04676878 0.3341811 0.05599856 0.3536959 0.05599856 0.3536959 0.2499999 0.4699759 0.2715614 0.4689164 0.2715614 0.4689164 0.3442566 0.07365828 0.3610872 0.08374613 0.3610872 0.08374613 0.03949618 0.3138555 0.04676878 0.3341811 0.04676878 0.3341811 0.3610872 0.08374613 0.3768481 0.0954352 0.3768481 0.0954352 0.03425085 0.2929151 0.03949618 0.3138555 0.03949618 0.3138555 0.3768481 0.0954352 0.3913874 0.1086127 0.3913874 0.1086127 0.03108334 0.2715614 0.03425085 0.2929151 0.03425085 0.2929151 0.3913874 0.1086127 0.4045647 0.1231519 0.4045647 0.1231519 0.03002411 0.25 0.03108334 0.2715614 0.03108334 0.2715614 0.4045647 0.1231519 0.4162538 0.1389127 0.4162538 0.1389127 0.03108334 0.2284385 0.03002411 0.25 0.03002411 0.25 0.4162538 0.1389127 0.4263418 0.1557433 0.4263418 0.1557433 0.03425085 0.2070848 0.03108334 0.2284385 0.03108334 0.2284385 0.4263418 0.1557433 0.4347314 0.1734817 0.4347314 0.1734817 0.03949618 0.1861444 0.03425085 0.2070848 0.03425085 0.2070848 0.4347314 0.1734817 0.4413419 0.1919571 0.4413419 0.1919571 0.04676878 0.1658189 0.03949618 0.1861444 0.03949618 0.1861444 0.4413419 0.1919571 0.4461098 0.2109913 0.4461098 0.2109913 0.05599856 0.1463041 0.04676878 0.1658189 0.04676878 0.1658189 0.4461098 0.2109913 0.4489889 0.2304013 0.4489889 0.2304013 0.06709671 0.1277879 0.05599856 0.1463041 0.05599856 0.1463041 0.4489889 0.2304013 0.4499518 0.25 0.4499518 0.25 0.07995629 0.1104487 0.06709671 0.1277879 0.06709671 0.1277879 0.4499518 0.25 0.4489889 0.2695988 0.4489889 0.2695988 0.09445357 0.09445351 0.07995629 0.1104487 0.07995629 0.1104487 0.4489889 0.2695988 0.4461098 0.2890087 0.4461098 0.2890087 0.1104487 0.07995629 0.09445357 0.09445351 0.09445357 0.09445351 0.4461098 0.2890087 0.4413419 0.3080429 0.4413419 0.3080429 0.1277879 0.06709671 0.1104487 0.07995629 0.1104487 0.07995629 0.4413419 0.3080429 0.4347313 0.3265182 0.4347313 0.3265182 0.146304 0.05599856 0.1277879 0.06709671 0.1277879 0.06709671 0.25 0.4499519 0.2304013 0.4489888 0.2304013 0.4489888 0.4347313 0.3265182 0.4263416 0.3442566 0.4263416 0.3442566 0.1658188 0.04676878 0.146304 0.05599856 0.146304 0.05599856 0.2304013 0.4489888 0.2109913 0.4461098 0.2109913 0.4461098 0.4263416 0.3442566 0.4162538 0.3610872 0.4162538 0.3610872 0.1861443 0.03949618 0.1658188 0.04676878 0.1658188 0.04676878 0.2109913 0.4461098 0.191957 0.4413419 0.191957 0.4413419 0.4162538 0.3610872 0.4045648 0.3768481 0.4045648 0.3768481 0.2070848 0.03425085 0.1861443 0.03949618 0.1861443 0.03949618 0.191957 0.4413419 0.1734817 0.4347313 0.1734817 0.4347313 0.4045648 0.3768481 0.3913873 0.3913873 0.3913873 0.3913873 0.2284385 0.03108334 0.2070848 0.03425085 0.2070848 0.03425085 0.1734817 0.4347313 0.1557433 0.4263417 0.1557433 0.4263417 0.3913873 0.3913873 0.3768481 0.4045648 0.3768481 0.4045648 0.25 0.03002411 0.2284385 0.03108334 0.2284385 0.03108334 0.1557433 0.4263417 0.1389127 0.4162538 0.1389127 0.4162538 0.3768481 0.4045648 0.3610873 0.4162539 0.3610873 0.4162539 0.2715614 0.03108334 0.25 0.03002411 0.25 0.03002411 0.1389127 0.4162538 0.1231519 0.4045649 0.1231519 0.4045649 0.3610873 0.4162539 0.3442566 0.4263417 0.3442566 0.4263417 0.2929151 0.03425085 0.2715614 0.03108334 0.2715614 0.03108334 0.1231519 0.4045649 0.1086128 0.3913873 0.1086128 0.3913873 0.3442566 0.4263417 0.3265182 0.4347312 0.3265182 0.4347312 0.3138555 0.03949618 0.2929151 0.03425085 0.2929151 0.03425085 0.1086128 0.3913873 0.0954352 0.3768481 0.0954352 0.3768481 0.3265182 0.4347312 0.3080429 0.4413419 0.3080429 0.4413419 0.3341811 0.04676878 0.3138555 0.03949618 0.3138555 0.03949618 0.0954352 0.3768481 0.08374613 0.3610874 0.08374613 0.3610874 0.3080429 0.4413419 0.2890087 0.4461097 0.2890087 0.4461097 0.3536959 0.05599856 0.3341811 0.04676878 0.3341811 0.04676878 0.08374613 0.3610874 0.07365828 0.3442567 0.07365828 0.3442567 0.25 0.4499519 0.2715614 0.4689164 0.2499999 0.4699759 0.2890087 0.4461097 0.2715614 0.4689164 0.2695987 0.4489888 0.3080429 0.4413419 0.2929151 0.465749 0.2890087 0.4461097 0.3080429 0.4413419 0.3341811 0.4532312 0.3138556 0.4605038 0.3442566 0.4263417 0.3341811 0.4532312 0.3265182 0.4347312 0.3610873 0.4162539 0.3536959 0.4440014 0.3442566 0.4263417 0.3610873 0.4162539 0.3895513 0.4200437 0.3722121 0.4329033 0.3913873 0.3913873 0.3895513 0.4200437 0.3768481 0.4045648 0.3913873 0.3913873 0.4200437 0.3895512 0.4055464 0.4055465 0.4162538 0.3610872 0.4200437 0.3895512 0.4045648 0.3768481 0.4162538 0.3610872 0.4440013 0.3536959 0.4329032 0.372212 0.4347313 0.3265182 0.4440013 0.3536959 0.4263416 0.3442566 0.4413419 0.3080429 0.4532312 0.3341811 0.4347313 0.3265182 0.4461098 0.2890087 0.4605038 0.3138556 0.4413419 0.3080429 0.4461098 0.2890087 0.4689166 0.2715615 0.4657492 0.2929152 0.4499518 0.25 0.4689166 0.2715615 0.4489889 0.2695988 0.4499518 0.25 0.4689166 0.2284386 0.4699759 0.25 0.4461098 0.2109913 0.4689166 0.2284386 0.4489889 0.2304013 0.4413419 0.1919571 0.465749 0.2070848 0.4461098 0.2109913 0.4413419 0.1919571 0.4532312 0.1658188 0.4605038 0.1861444 0.4263418 0.1557433 0.4532312 0.1658188 0.4347314 0.1734817 0.4162538 0.1389127 0.4440014 0.146304 0.4263418 0.1557433 0.4162538 0.1389127 0.4200436 0.1104487 0.4329033 0.1277879 0.3913874 0.1086127 0.4200436 0.1104487 0.4045647 0.1231519 0.3913874 0.1086127 0.3895512 0.07995635 0.4055464 0.09445351 0.3610872 0.08374613 0.3895512 0.07995635 0.3768481 0.0954352 0.3610872 0.08374613 0.3536959 0.05599856 0.3722119 0.06709671 0.3265182 0.06526863 0.3536959 0.05599856 0.3442566 0.07365828 0.3080428 0.05865806 0.3341811 0.04676878 0.3265182 0.06526863 0.2890087 0.05389022 0.3138555 0.03949618 0.3080428 0.05865806 0.2890087 0.05389022 0.2715614 0.03108334 0.2929151 0.03425085 0.25 0.05004823 0.2715614 0.03108334 0.2695987 0.05101102 0.25 0.05004823 0.2284385 0.03108334 0.25 0.03002411 0.2109913 0.05389022 0.2284385 0.03108334 0.2304013 0.05101102 0.191957 0.05865806 0.2070848 0.03425085 0.2109913 0.05389022 0.191957 0.05865806 0.1658188 0.04676878 0.1861443 0.03949618 0.1557433 0.07365828 0.1658188 0.04676878 0.1734817 0.06526863 0.1389127 0.08374613 0.146304 0.05599856 0.1557433 0.07365828 0.1389127 0.08374613 0.1104487 0.07995629 0.1277879 0.06709671 0.1086127 0.1086127 0.1104487 0.07995629 0.1231519 0.0954352 0.1086127 0.1086127 0.07995629 0.1104487 0.09445357 0.09445351 0.08374613 0.1389127 0.07995629 0.1104487 0.0954352 0.1231519 0.08374613 0.1389127 0.05599856 0.1463041 0.06709671 0.1277879 0.06526863 0.1734818 0.05599856 0.1463041 0.07365828 0.1557434 0.05865806 0.191957 0.04676878 0.1658189 0.06526863 0.1734818 0.05389028 0.2109913 0.03949618 0.1861444 0.05865806 0.191957 0.05389028 0.2109913 0.03108334 0.2284385 0.03425085 0.2070848 0.05004823 0.25 0.03108334 0.2284385 0.05101108 0.2304013 0.05004823 0.25 0.03108334 0.2715614 0.03002411 0.25 0.05389022 0.2890087 0.03108334 0.2715614 0.05101102 0.2695987 0.05865806 0.3080429 0.03425085 0.2929151 0.05389022 0.2890087 0.05865806 0.3080429 0.04676878 0.3341811 0.03949618 0.3138555 0.07365828 0.3442567 0.04676878 0.3341811 0.06526863 0.3265181 0.08374613 0.3610874 0.05599856 0.3536959 0.07365828 0.3442567 0.08374613 0.3610874 0.07995629 0.3895512 0.06709671 0.3722121 0.1086128 0.3913873 0.07995629 0.3895512 0.0954352 0.3768481 0.1086128 0.3913873 0.1104487 0.4200437 0.09445351 0.4055464 0.1389127 0.4162538 0.1104487 0.4200437 0.1231519 0.4045649 0.1389127 0.4162538 0.1463041 0.4440012 0.1277879 0.4329032 0.1734817 0.4347313 0.1463041 0.4440012 0.1557433 0.4263417 0.191957 0.4413419 0.1658188 0.453231 0.1734817 0.4347313 0.2109913 0.4461098 0.1861443 0.4605039 0.191957 0.4413419 0.2109913 0.4461098 0.2284385 0.4689164 0.2070848 0.465749 0.25 0.4499519 0.2284385 0.4689164 0.2304013 0.4489888 0.2715614 0.4689164 0.2929151 0.465749 0.2929151 0.465749 0.05599856 0.3536959 0.06709671 0.3722121 0.06709671 0.3722121 0.3080428 0.05865806 0.3265182 0.06526863 0.3265182 0.06526863 0.2929151 0.465749 0.3138556 0.4605038 0.3138556 0.4605038 0.06709671 0.3722121 0.07995629 0.3895512 0.07995629 0.3895512 0.2890087 0.05389022 0.3080428 0.05865806 0.3080428 0.05865806 0.3138556 0.4605038 0.3341811 0.4532312 0.3341811 0.4532312 0.07995629 0.3895512 0.09445351 0.4055464 0.09445351 0.4055464 0.2695987 0.05101102 0.2890087 0.05389022 0.2890087 0.05389022 0.3341811 0.4532312 0.3536959 0.4440014 0.3536959 0.4440014 0.09445351 0.4055464 0.1104487 0.4200437 0.1104487 0.4200437 0.25 0.05004823 0.2695987 0.05101102 0.2695987 0.05101102 0.3536959 0.4440014 0.3722121 0.4329033 0.3722121 0.4329033 0.1104487 0.4200437 0.1277879 0.4329032 0.1277879 0.4329032 0.2304013 0.05101102 0.25 0.05004823 0.25 0.05004823 0.3722121 0.4329033 0.3895513 0.4200437 0.3895513 0.4200437 0.1277879 0.4329032 0.1463041 0.4440012 0.1463041 0.4440012 0.2109913 0.05389022 0.2304013 0.05101102 0.2304013 0.05101102 0.3895513 0.4200437 0.4055464 0.4055465 0.4055464 0.4055465 0.1463041 0.4440012 0.1658188 0.453231 0.1658188 0.453231 0.191957 0.05865806 0.2109913 0.05389022 0.2109913 0.05389022 0.4055464 0.4055465 0.4200437 0.3895512 0.4200437 0.3895512 0.1658188 0.453231 0.1861443 0.4605039 0.1861443 0.4605039 0.1734817 0.06526863 0.191957 0.05865806 0.191957 0.05865806 0.4200437 0.3895512 0.4329032 0.372212 0.4329032 0.372212 0.1861443 0.4605039 0.2070848 0.465749 0.2070848 0.465749 0.1557433 0.07365828 0.1734817 0.06526863 0.1734817 0.06526863 0.4329032 0.372212 0.4440013 0.3536959 0.4440013 0.3536959 0.2070848 0.465749 0.2284385 0.4689164 0.2284385 0.4689164 0.1389127 0.08374613 0.1557433 0.07365828 0.1557433 0.07365828 0.4440013 0.3536959 0.4532312 0.3341811 0.4532312 0.3341811 0.2284385 0.4689164 0.2499999 0.4699759 0.2499999 0.4699759 0.1231519 0.0954352 0.1389127 0.08374613 0.1389127 0.08374613 0.4532312 0.3341811 0.4605038 0.3138556 0.4605038 0.3138556 0.1086127 0.1086127 0.1231519 0.0954352 0.1231519 0.0954352 0.4605038 0.3138556 0.4657492 0.2929152 0.4657492 0.2929152 0.0954352 0.1231519 0.1086127 0.1086127 0.1086127 0.1086127 0.4657492 0.2929152 0.4689166 0.2715615 0.4689166 0.2715615 0.08374613 0.1389127 0.0954352 0.1231519 0.0954352 0.1231519 0.4689166 0.2715615 0.4699759 0.25 0.4699759 0.25 0.07365828 0.1557434 0.08374613 0.1389127 0.08374613 0.1389127 0.4699759 0.25 0.4689166 0.2284386 0.4689166 0.2284386 0.06526863 0.1734818 0.07365828 0.1557434 0.07365828 0.1557434 0.4689166 0.2284386 0.465749 0.2070848 0.465749 0.2070848 0.05865806 0.191957 0.06526863 0.1734818 0.06526863 0.1734818 0.465749 0.2070848 0.4605038 0.1861444 0.4605038 0.1861444 0.05389028 0.2109913 0.05865806 0.191957 0.05865806 0.191957 0.4605038 0.1861444 0.4532312 0.1658188 0.4532312 0.1658188 0.05101108 0.2304013 0.05389028 0.2109913 0.05389028 0.2109913 0.4532312 0.1658188 0.4440014 0.146304 0.4440014 0.146304 0.05004823 0.25 0.05101108 0.2304013 0.05101108 0.2304013 0.4440014 0.146304 0.4329033 0.1277879 0.4329033 0.1277879 0.05101102 0.2695987 0.05004823 0.25 0.05004823 0.25 0.4329033 0.1277879 0.4200436 0.1104487 0.4200436 0.1104487 0.05389022 0.2890087 0.05101102 0.2695987 0.05101102 0.2695987 0.4200436 0.1104487 0.4055464 0.09445351 0.4055464 0.09445351 0.05865806 0.3080429 0.05389022 0.2890087 0.05389022 0.2890087 0.4055464 0.09445351 0.3895512 0.07995635 0.3895512 0.07995635 0.06526863 0.3265181 0.05865806 0.3080429 0.05865806 0.3080429 0.3895512 0.07995635 0.3722119 0.06709671 0.3722119 0.06709671 0.2695987 0.4489888 0.25 0.4499519 0.25 0.4499519 0.07365828 0.3442567 0.06526863 0.3265181 0.06526863 0.3265181 0.3722119 0.06709671 0.3536959 0.05599856 0.3536959 0.05599856 0.2890087 0.4461097 0.2695987 0.4489888 0.2695987 0.4489888 0.7500001 0.4699759 0.7735241 0.4888443 0.7715614 0.4689164 0.7929149 0.465749 0.7735241 0.4888443 0.7968217 0.4853885 0.8138555 0.4605039 0.7968217 0.4853885 0.8196683 0.4796657 0.8138555 0.4605039 0.841844 0.4717311 0.8341808 0.4532311 0.8536956 0.4440013 0.841844 0.4717311 0.8631352 0.4616611 0.8722121 0.4329031 0.8631352 0.4616611 0.8833369 0.4495527 0.8722121 0.4329031 0.9022544 0.4355225 0.8895513 0.4200437 0.9055463 0.4055464 0.9022544 0.4355225 0.9197056 0.4197056 0.9055463 0.4055464 0.9355225 0.4022544 0.9200437 0.3895512 0.932903 0.3722121 0.9355225 0.4022544 0.9495527 0.3833369 0.932903 0.3722121 0.9616611 0.3631352 0.9440014 0.3536959 0.9440014 0.3536959 0.9717311 0.341844 0.9532312 0.3341811 0.9605038 0.3138555 0.9717311 0.341844 0.9796657 0.3196683 0.9605038 0.3138555 0.9853885 0.2968217 0.965749 0.2929151 0.965749 0.2929151 0.9888443 0.2735241 0.9689165 0.2715614 0.9699756 0.25 0.9888443 0.2735241 0.99 0.25 0.9699756 0.25 0.9888443 0.2264758 0.9689166 0.2284386 0.965749 0.2070848 0.9888443 0.2264758 0.9853885 0.2031783 0.9605038 0.1861443 0.9853885 0.2031783 0.9796657 0.1803317 0.9605038 0.1861443 0.9717311 0.1581559 0.9532313 0.1658189 0.9440013 0.1463041 0.9717311 0.1581559 0.9616611 0.1368647 0.9329031 0.1277879 0.9616611 0.1368647 0.9495527 0.1166631 0.9329031 0.1277879 0.9355225 0.09774559 0.9200436 0.1104487 0.9055466 0.09445351 0.9355225 0.09774559 0.9197056 0.08029437 0.9055466 0.09445351 0.9022544 0.0644775 0.8895513 0.07995629 0.8722121 0.06709671 0.9022544 0.0644775 0.8833369 0.05044728 0.8722121 0.06709671 0.8631352 0.03833889 0.8536959 0.05599856 0.8536959 0.05599856 0.841844 0.02826893 0.8341809 0.04676878 0.8138556 0.03949618 0.841844 0.02826893 0.8196683 0.0203343 0.8138556 0.03949618 0.7968217 0.01461154 0.7929152 0.03425085 0.7929152 0.03425085 0.7735241 0.01115566 0.7715614 0.03108334 0.75 0.03002411 0.7735241 0.01115566 0.75 0.00999999 0.75 0.03002411 0.7264759 0.01115566 0.7284386 0.03108334 0.7070848 0.03425085 0.7264759 0.01115566 0.7031784 0.01461154 0.6861443 0.03949618 0.7031784 0.01461154 0.6803317 0.0203343 0.6861443 0.03949618 0.658156 0.02826893 0.6658186 0.04676878 0.646304 0.05599856 0.658156 0.02826893 0.6368648 0.03833889 0.6277878 0.06709671 0.6368648 0.03833889 0.6166632 0.05044728 0.6277878 0.06709671 0.5977456 0.0644775 0.6104487 0.07995635 0.5944535 0.09445351 0.5977456 0.0644775 0.5802944 0.08029437 0.5944535 0.09445351 0.5644775 0.09774559 0.5799564 0.1104487 0.5670967 0.1277879 0.5644775 0.09774559 0.5504473 0.1166631 0.5670967 0.1277879 0.5383389 0.1368647 0.5559986 0.146304 0.5559986 0.146304 0.5282689 0.1581559 0.5467688 0.1658188 0.5394962 0.1861444 0.5282689 0.1581559 0.5203343 0.1803317 0.5394962 0.1861444 0.5146116 0.2031783 0.5342509 0.2070848 0.5342509 0.2070848 0.5111557 0.2264758 0.5310834 0.2284386 0.5300241 0.25 0.5111557 0.2264758 0.51 0.25 0.5300241 0.25 0.5111557 0.2735241 0.5310834 0.2715615 0.5342508 0.2929151 0.5111557 0.2735241 0.5146116 0.2968217 0.5394961 0.3138556 0.5146116 0.2968217 0.5203343 0.3196683 0.5394961 0.3138556 0.5282689 0.341844 0.5467688 0.3341811 0.5559986 0.3536959 0.5282689 0.341844 0.5383389 0.3631352 0.5670967 0.372212 0.5383389 0.3631352 0.5504473 0.3833369 0.5670967 0.372212 0.5644775 0.4022544 0.5799564 0.3895512 0.5944535 0.4055464 0.5644775 0.4022544 0.5802944 0.4197056 0.5944535 0.4055464 0.5977456 0.4355225 0.6104488 0.4200436 0.6277879 0.4329032 0.5977456 0.4355225 0.6166632 0.4495527 0.6277879 0.4329032 0.6368648 0.4616611 0.6463041 0.4440014 0.6463041 0.4440014 0.658156 0.4717311 0.6658189 0.4532312 0.6861444 0.4605038 0.658156 0.4717311 0.6803317 0.4796657 0.6861444 0.4605038 0.7031784 0.4853885 0.7070848 0.4657491 0.7070848 0.4657491 0.7264759 0.4888443 0.7284385 0.4689166 0.7500001 0.4699759 0.7264759 0.4888443 0.75 0.49 0 0.875 0.015625 0.625 0.015625 0.875 0.2499999 0.4299277 0.2695987 0.4489888 0.25 0.4499519 0.2851022 0.4264703 0.2695987 0.4489888 0.267636 0.4290612 0.2851022 0.4264703 0.3080429 0.4413419 0.2890087 0.4461097 0.3022302 0.4221799 0.3265182 0.4347312 0.3080429 0.4413419 0.3348173 0.4086819 0.3265182 0.4347312 0.3188553 0.4162315 0.3348173 0.4086819 0.3610873 0.4162539 0.3442566 0.4263417 0.3499624 0.3996044 0.3768481 0.4045648 0.3610873 0.4162539 0.377228 0.377228 0.3768481 0.4045648 0.3641449 0.389086 0.377228 0.377228 0.4045648 0.3768481 0.3913873 0.3913873 0.3996043 0.3499625 0.4045648 0.3768481 0.3890859 0.3641449 0.3996043 0.3499625 0.4263416 0.3442566 0.4162538 0.3610872 0.4162315 0.3188553 0.4263416 0.3442566 0.408682 0.3348173 0.4162315 0.3188553 0.4413419 0.3080429 0.4347313 0.3265182 0.4264703 0.2851022 0.4413419 0.3080429 0.42218 0.3022302 0.4264703 0.2851022 0.4489889 0.2695988 0.4461098 0.2890087 0.4299276 0.25 0.4489889 0.2695988 0.4290612 0.267636 0.4299276 0.25 0.4489889 0.2304013 0.4499518 0.25 0.4264704 0.2148978 0.4489889 0.2304013 0.4290612 0.2323639 0.4264704 0.2148978 0.4413419 0.1919571 0.4461098 0.2109913 0.42218 0.1977697 0.4347314 0.1734817 0.4413419 0.1919571 0.4086819 0.1651826 0.4347314 0.1734817 0.4162315 0.1811447 0.4086819 0.1651826 0.4162538 0.1389127 0.4263418 0.1557433 0.3996044 0.1500375 0.4045647 0.1231519 0.4162538 0.1389127 0.3772282 0.1227719 0.4045647 0.1231519 0.389086 0.1358551 0.3772282 0.1227719 0.3768481 0.0954352 0.3913874 0.1086127 0.3499625 0.1003956 0.3768481 0.0954352 0.3641449 0.110914 0.3499625 0.1003956 0.3442566 0.07365828 0.3610872 0.08374613 0.3188552 0.08376848 0.3442566 0.07365828 0.3348172 0.09131801 0.3188552 0.08376848 0.3080428 0.05865806 0.3265182 0.06526863 0.2851021 0.0735296 0.3080428 0.05865806 0.3022302 0.07781994 0.2851021 0.0735296 0.2695987 0.05101102 0.2890087 0.05389022 0.25 0.07007235 0.2695987 0.05101102 0.267636 0.07093876 0.25 0.07007235 0.2304013 0.05101102 0.25 0.05004823 0.2148978 0.0735296 0.2304013 0.05101102 0.232364 0.07093876 0.2148978 0.0735296 0.191957 0.05865806 0.2109913 0.05389022 0.1977698 0.07781994 0.1734817 0.06526863 0.191957 0.05865806 0.1651826 0.09131801 0.1734817 0.06526863 0.1811447 0.08376854 0.1651826 0.09131801 0.1389127 0.08374613 0.1557433 0.07365828 0.1500376 0.1003956 0.1231519 0.0954352 0.1389127 0.08374613 0.1227719 0.1227719 0.1231519 0.0954352 0.135855 0.1109141 0.1227719 0.1227719 0.0954352 0.1231519 0.1086127 0.1086127 0.1003956 0.1500375 0.0954352 0.1231519 0.1109141 0.1358551 0.1003956 0.1500375 0.07365828 0.1557434 0.08374613 0.1389127 0.08376848 0.1811447 0.07365828 0.1557434 0.09131801 0.1651826 0.08376848 0.1811447 0.05865806 0.191957 0.06526863 0.1734818 0.0735296 0.2148978 0.05865806 0.191957 0.07781994 0.1977698 0.0735296 0.2148978 0.05101108 0.2304013 0.05389028 0.2109913 0.07007235 0.25 0.05101108 0.2304013 0.07093876 0.2323641 0.07007235 0.25 0.05101102 0.2695987 0.05004823 0.25 0.0735296 0.2851021 0.05101102 0.2695987 0.07093876 0.267636 0.0735296 0.2851021 0.05865806 0.3080429 0.05389022 0.2890087 0.07781994 0.3022302 0.06526863 0.3265181 0.05865806 0.3080429 0.09131795 0.3348174 0.06526863 0.3265181 0.08376854 0.3188554 0.09131795 0.3348174 0.08374613 0.3610874 0.07365828 0.3442567 0.1003956 0.3499624 0.0954352 0.3768481 0.08374613 0.3610874 0.1227719 0.3772282 0.0954352 0.3768481 0.110914 0.3641451 0.1227719 0.3772282 0.1231519 0.4045649 0.1086128 0.3913873 0.1500375 0.3996044 0.1231519 0.4045649 0.1358551 0.3890861 0.1500375 0.3996044 0.1557433 0.4263417 0.1389127 0.4162538 0.1811447 0.4162315 0.1557433 0.4263417 0.1651826 0.4086821 0.1811447 0.4162315 0.191957 0.4413419 0.1734817 0.4347313 0.2148978 0.4264703 0.191957 0.4413419 0.1977697 0.4221801 0.2148978 0.4264703 0.2304013 0.4489888 0.2109913 0.4461098 0.2499999 0.4299277 0.2304013 0.4489888 0.2323641 0.4290612 0.07365828 0.3442567 0.08374613 0.3610874 0.08374613 0.3610874 0.3442566 0.07365828 0.3265182 0.06526863 0.3265182 0.06526863 0.2890087 0.4461097 0.2695987 0.4489888 0.2695987 0.4489888 0.08374613 0.3610874 0.0954352 0.3768481 0.0954352 0.3768481 0.3080428 0.05865806 0.3265182 0.06526863 0.3265182 0.06526863 0.2890087 0.4461097 0.3080429 0.4413419 0.3080429 0.4413419 0.0954352 0.3768481 0.1086128 0.3913873 0.1086128 0.3913873 0.2890087 0.05389022 0.3080428 0.05865806 0.3080428 0.05865806 0.3080429 0.4413419 0.3265182 0.4347312 0.3265182 0.4347312 0.1086128 0.3913873 0.1231519 0.4045649 0.1231519 0.4045649 0.2695987 0.05101102 0.2890087 0.05389022 0.2890087 0.05389022 0.3265182 0.4347312 0.3442566 0.4263417 0.3442566 0.4263417 0.1231519 0.4045649 0.1389127 0.4162538 0.1389127 0.4162538 0.25 0.05004823 0.2695987 0.05101102 0.2695987 0.05101102 0.3442566 0.4263417 0.3610873 0.4162539 0.3610873 0.4162539 0.1389127 0.4162538 0.1557433 0.4263417 0.1557433 0.4263417 0.2304013 0.05101102 0.25 0.05004823 0.25 0.05004823 0.3610873 0.4162539 0.3768481 0.4045648 0.3768481 0.4045648 0.1557433 0.4263417 0.1734817 0.4347313 0.1734817 0.4347313 0.2109913 0.05389022 0.2304013 0.05101102 0.2304013 0.05101102 0.3768481 0.4045648 0.3913873 0.3913873 0.3913873 0.3913873 0.1734817 0.4347313 0.191957 0.4413419 0.191957 0.4413419 0.191957 0.05865806 0.2109913 0.05389022 0.2109913 0.05389022 0.3913873 0.3913873 0.4045648 0.3768481 0.4045648 0.3768481 0.191957 0.4413419 0.2109913 0.4461098 0.2109913 0.4461098 0.1734817 0.06526863 0.191957 0.05865806 0.191957 0.05865806 0.4045648 0.3768481 0.4162538 0.3610872 0.4162538 0.3610872 0.2109913 0.4461098 0.2304013 0.4489888 0.2304013 0.4489888 0.1557433 0.07365828 0.1734817 0.06526863 0.1734817 0.06526863 0.4162538 0.3610872 0.4263416 0.3442566 0.4263416 0.3442566 0.2304013 0.4489888 0.25 0.4499519 0.25 0.4499519 0.1389127 0.08374613 0.1557433 0.07365828 0.1557433 0.07365828 0.4263416 0.3442566 0.4347313 0.3265182 0.4347313 0.3265182 0.1231519 0.0954352 0.1389127 0.08374613 0.1389127 0.08374613 0.4347313 0.3265182 0.4413419 0.3080429 0.4413419 0.3080429 0.1086127 0.1086127 0.1231519 0.0954352 0.1231519 0.0954352 0.4413419 0.3080429 0.4461098 0.2890087 0.4461098 0.2890087 0.0954352 0.1231519 0.1086127 0.1086127 0.1086127 0.1086127 0.4461098 0.2890087 0.4489889 0.2695988 0.4489889 0.2695988 0.08374613 0.1389127 0.0954352 0.1231519 0.0954352 0.1231519 0.4489889 0.2695988 0.4499518 0.25 0.4499518 0.25 0.07365828 0.1557434 0.08374613 0.1389127 0.08374613 0.1389127 0.4499518 0.25 0.4489889 0.2304013 0.4489889 0.2304013 0.06526863 0.1734818 0.07365828 0.1557434 0.07365828 0.1557434 0.4489889 0.2304013 0.4461098 0.2109913 0.4461098 0.2109913 0.05865806 0.191957 0.06526863 0.1734818 0.06526863 0.1734818 0.4461098 0.2109913 0.4413419 0.1919571 0.4413419 0.1919571 0.05389028 0.2109913 0.05865806 0.191957 0.05865806 0.191957 0.4413419 0.1919571 0.4347314 0.1734817 0.4347314 0.1734817 0.05101108 0.2304013 0.05389028 0.2109913 0.05389028 0.2109913 0.4347314 0.1734817 0.4263418 0.1557433 0.4263418 0.1557433 0.05004823 0.25 0.05101108 0.2304013 0.05101108 0.2304013 0.4263418 0.1557433 0.4162538 0.1389127 0.4162538 0.1389127 0.05101102 0.2695987 0.05004823 0.25 0.05004823 0.25 0.4162538 0.1389127 0.4045647 0.1231519 0.4045647 0.1231519 0.05389022 0.2890087 0.05101102 0.2695987 0.05101102 0.2695987 0.4045647 0.1231519 0.3913874 0.1086127 0.3913874 0.1086127 0.05865806 0.3080429 0.05389022 0.2890087 0.05389022 0.2890087 0.3913874 0.1086127 0.3768481 0.0954352 0.3768481 0.0954352 0.06526863 0.3265181 0.05865806 0.3080429 0.05865806 0.3080429 0.3768481 0.0954352 0.3610872 0.08374613 0.3610872 0.08374613 0.07365828 0.3442567 0.06526863 0.3265181 0.06526863 0.3265181 0.3610872 0.08374613 0.3442566 0.07365828 0.3442566 0.07365828 0.2695987 0.4489888 0.25 0.4499519 0.25 0.4499519 0.03425085 0.2070848 0.03949618 0.1861444 0.03949618 0.1861444 0.4605038 0.1861444 0.4532312 0.1658188 0.4532312 0.1658188 0.03108334 0.2284385 0.03425085 0.2070848 0.03425085 0.2070848 0.4532312 0.1658188 0.4440014 0.146304 0.4440014 0.146304 0.03002411 0.25 0.03108334 0.2284385 0.03108334 0.2284385 0.4440014 0.146304 0.4329033 0.1277879 0.4329033 0.1277879 0.03108334 0.2715614 0.03002411 0.25 0.03002411 0.25 0.4329033 0.1277879 0.4200436 0.1104487 0.4200436 0.1104487 0.03425085 0.2929151 0.03108334 0.2715614 0.03108334 0.2715614 0.4200436 0.1104487 0.4055464 0.09445351 0.4055464 0.09445351 0.03949618 0.3138555 0.03425085 0.2929151 0.03425085 0.2929151 0.4055464 0.09445351 0.3895512 0.07995635 0.3895512 0.07995635 0.04676878 0.3341811 0.03949618 0.3138555 0.03949618 0.3138555 0.3895512 0.07995635 0.3722119 0.06709671 0.3722119 0.06709671 0.05599856 0.3536959 0.04676878 0.3341811 0.04676878 0.3341811 0.3722119 0.06709671 0.3536959 0.05599856 0.3536959 0.05599856 0.2715614 0.4689164 0.2499999 0.4699759 0.2499999 0.4699759 0.05599856 0.3536959 0.06709671 0.3722121 0.06709671 0.3722121 0.3341811 0.04676878 0.3536959 0.05599856 0.3536959 0.05599856 0.2715614 0.4689164 0.2929151 0.465749 0.2929151 0.465749 0.06709671 0.3722121 0.07995629 0.3895512 0.07995629 0.3895512 0.3138555 0.03949618 0.3341811 0.04676878 0.3341811 0.04676878 0.2929151 0.465749 0.3138556 0.4605038 0.3138556 0.4605038 0.07995629 0.3895512 0.09445351 0.4055464 0.09445351 0.4055464 0.2929151 0.03425085 0.3138555 0.03949618 0.3138555 0.03949618 0.3138556 0.4605038 0.3341811 0.4532312 0.3341811 0.4532312 0.09445351 0.4055464 0.1104487 0.4200437 0.1104487 0.4200437 0.2715614 0.03108334 0.2929151 0.03425085 0.2929151 0.03425085 0.3341811 0.4532312 0.3536959 0.4440014 0.3536959 0.4440014 0.1104487 0.4200437 0.1277879 0.4329032 0.1277879 0.4329032 0.25 0.03002411 0.2715614 0.03108334 0.2715614 0.03108334 0.3536959 0.4440014 0.3722121 0.4329033 0.3722121 0.4329033 0.1277879 0.4329032 0.1463041 0.4440012 0.1463041 0.4440012 0.2284385 0.03108334 0.25 0.03002411 0.25 0.03002411 0.3722121 0.4329033 0.3895513 0.4200437 0.3895513 0.4200437 0.1463041 0.4440012 0.1658188 0.453231 0.1658188 0.453231 0.2070848 0.03425085 0.2284385 0.03108334 0.2284385 0.03108334 0.3895513 0.4200437 0.4055464 0.4055465 0.4055464 0.4055465 0.1658188 0.453231 0.1861443 0.4605039 0.1861443 0.4605039 0.1861443 0.03949618 0.2070848 0.03425085 0.2070848 0.03425085 0.4055464 0.4055465 0.4200437 0.3895512 0.4200437 0.3895512 0.1861443 0.4605039 0.2070848 0.465749 0.2070848 0.465749 0.1658188 0.04676878 0.1861443 0.03949618 0.1861443 0.03949618 0.4200437 0.3895512 0.4329032 0.372212 0.4329032 0.372212 0.2070848 0.465749 0.2284385 0.4689164 0.2284385 0.4689164 0.146304 0.05599856 0.1658188 0.04676878 0.1658188 0.04676878 0.4329032 0.372212 0.4440013 0.3536959 0.4440013 0.3536959 0.2284385 0.4689164 0.2499999 0.4699759 0.2499999 0.4699759 0.1277879 0.06709671 0.146304 0.05599856 0.146304 0.05599856 0.4440013 0.3536959 0.4532312 0.3341811 0.4532312 0.3341811 0.1104487 0.07995629 0.1277879 0.06709671 0.1277879 0.06709671 0.4532312 0.3341811 0.4605038 0.3138556 0.4605038 0.3138556 0.09445357 0.09445351 0.1104487 0.07995629 0.1104487 0.07995629 0.4605038 0.3138556 0.4657492 0.2929152 0.4657492 0.2929152 0.07995629 0.1104487 0.09445357 0.09445351 0.09445357 0.09445351 0.4657492 0.2929152 0.4689166 0.2715615 0.4689166 0.2715615 0.06709671 0.1277879 0.07995629 0.1104487 0.07995629 0.1104487 0.4689166 0.2715615 0.4699759 0.25 0.4699759 0.25 0.05599856 0.1463041 0.06709671 0.1277879 0.06709671 0.1277879 0.4699759 0.25 0.4689166 0.2284386 0.4689166 0.2284386 0.04676878 0.1658189 0.05599856 0.1463041 0.05599856 0.1463041 0.4689166 0.2284386 0.465749 0.2070848 0.465749 0.2070848 0.03949618 0.1861444 0.04676878 0.1658189 0.04676878 0.1658189 0.465749 0.2070848 0.4605038 0.1861444 0.4605038 0.1861444 0.78125 0.875 0.765625 0.875 0.765625 0.875 0.59375 0.625 0.609375 0.625 0.609375 0.625 0.796875 0.875 0.78125 0.875 0.78125 0.875 0.578125 0.625 0.59375 0.625 0.59375 0.625 0.8125 0.875 0.796875 0.875 0.796875 0.875 0.5625 0.625 0.578125 0.625 0.578125 0.625 0.015625 0.875 0 0.875 0 0.875 0.828125 0.875 0.8125 0.875 0.8125 0.875 0.546875 0.625 0.5625 0.625 0.5625 0.625 0.03125 0.875 0.015625 0.875 0.015625 0.875 0.84375 0.875 0.828125 0.875 0.828125 0.875 0.53125 0.625 0.546875 0.625 0.546875 0.625 0.046875 0.875 0.03125 0.875 0.03125 0.875 0.8593751 0.8750001 0.84375 0.875 0.84375 0.875 0.515625 0.625 0.53125 0.625 0.53125 0.625 0.0625 0.875 0.046875 0.875 0.046875 0.875 0.875 0.875 0.8593751 0.8750001 0.8593751 0.8750001 0.5 0.625 0.515625 0.625 0.515625 0.625 0.078125 0.875 0.0625 0.875 0.0625 0.875 0.890625 0.875 0.875 0.875 0.875 0.875 0.484375 0.625 0.5 0.625 0.5 0.625 0.09375 0.875 0.078125 0.875 0.078125 0.875 0.90625 0.875 0.890625 0.875 0.890625 0.875 0.46875 0.625 0.484375 0.625 0.484375 0.625 0.109375 0.8750001 0.09375 0.875 0.09375 0.875 0.921875 0.875 0.90625 0.875 0.90625 0.875 0.453125 0.625 0.46875 0.625 0.46875 0.625 0.125 0.875 0.109375 0.8750001 0.109375 0.8750001 0.9375 0.875 0.921875 0.875 0.921875 0.875 0.4375 0.625 0.453125 0.625 0.453125 0.625 0.140625 0.875 0.125 0.875 0.125 0.875 0.953125 0.875 0.9375 0.875 0.9375 0.875 0.421875 0.625 0.4375 0.625 0.4375 0.625 0.15625 0.875 0.140625 0.875 0.140625 0.875 0.96875 0.875 0.953125 0.875 0.953125 0.875 0.40625 0.625 0.421875 0.625 0.421875 0.625 0.171875 0.875 0.15625 0.875 0.15625 0.875 0.9843751 0.8750001 0.96875 0.875 0.96875 0.875 0.390625 0.625 0.40625 0.625 0.40625 0.625 0.1875 0.875 0.171875 0.875 0.171875 0.875 1 0.875 0.9843751 0.8750001 0.9843751 0.8750001 0.375 0.625 0.390625 0.625 0.390625 0.625 0.203125 0.875 0.1875 0.875 0.1875 0.875 0.359375 0.625 0.375 0.625 0.375 0.625 0.21875 0.875 0.203125 0.875 0.203125 0.875 0.34375 0.625 0.359375 0.625 0.359375 0.625 0.234375 0.8750001 0.21875 0.875 0.21875 0.875 0.328125 0.625 0.34375 0.625 0.34375 0.625 0.25 0.875 0.234375 0.8750001 0.234375 0.8750001 0.3125 0.625 0.328125 0.625 0.328125 0.625 0.265625 0.875 0.25 0.875 0.25 0.875 0.296875 0.625 0.3125 0.625 0.3125 0.625 0.28125 0.875 0.265625 0.875 0.265625 0.875 0.28125 0.625 0.296875 0.625 0.296875 0.625 0.296875 0.875 0.28125 0.875 0.28125 0.875 0.265625 0.625 0.28125 0.625 0.28125 0.625 0.3125 0.875 0.296875 0.875 0.296875 0.875 0.25 0.625 0.265625 0.625 0.265625 0.625 0.328125 0.875 0.3125 0.875 0.3125 0.875 0.234375 0.625 0.25 0.625 0.25 0.625 0.34375 0.875 0.328125 0.875 0.328125 0.875 0.21875 0.625 0.234375 0.625 0.234375 0.625 0.359375 0.8750001 0.34375 0.875 0.34375 0.875 0.203125 0.625 0.21875 0.625 0.21875 0.625 0.375 0.875 0.359375 0.8750001 0.359375 0.8750001 0.1875 0.625 0.203125 0.625 0.203125 0.625 0.390625 0.875 0.375 0.875 0.375 0.875 0.9843751 0.625 1 0.625 1 0.625 0.171875 0.625 0.1875 0.625 0.1875 0.625 0.40625 0.875 0.390625 0.875 0.390625 0.875 0.96875 0.625 0.9843751 0.625 0.9843751 0.625 0.15625 0.625 0.171875 0.625 0.171875 0.625 0.421875 0.875 0.40625 0.875 0.40625 0.875 0.953125 0.625 0.96875 0.625 0.96875 0.625 0.140625 0.625 0.15625 0.625 0.15625 0.625 0.4375 0.875 0.421875 0.875 0.421875 0.875 0.9375 0.625 0.953125 0.625 0.953125 0.625 0.125 0.625 0.140625 0.625 0.140625 0.625 0.453125 0.875 0.4375 0.875 0.4375 0.875 0.921875 0.625 0.9375 0.625 0.9375 0.625 0.109375 0.625 0.125 0.625 0.125 0.625 0.46875 0.875 0.453125 0.875 0.453125 0.875 0.90625 0.625 0.921875 0.625 0.921875 0.625 0.09375 0.625 0.109375 0.625 0.109375 0.625 0.484375 0.8750001 0.46875 0.875 0.46875 0.875 0.890625 0.625 0.90625 0.625 0.90625 0.625 0.078125 0.625 0.09375 0.625 0.09375 0.625 0.5 0.875 0.484375 0.8750001 0.484375 0.8750001 0.875 0.625 0.890625 0.625 0.890625 0.625 0.0625 0.625 0.078125 0.625 0.078125 0.625 0.515625 0.875 0.5 0.875 0.5 0.875 0.8593751 0.625 0.875 0.625 0.875 0.625 0.046875 0.625 0.0625 0.625 0.0625 0.625 0.53125 0.875 0.515625 0.875 0.515625 0.875 0.84375 0.625 0.8593751 0.625 0.8593751 0.625 0.03125 0.625 0.046875 0.625 0.046875 0.625 0.546875 0.875 0.53125 0.875 0.53125 0.875 0.828125 0.625 0.84375 0.625 0.84375 0.625 0.015625 0.625 0.03125 0.625 0.03125 0.625 0.5625 0.875 0.546875 0.875 0.546875 0.875 0.8125 0.625 0.828125 0.625 0.828125 0.625 0 0.625 0.015625 0.625 0.015625 0.625 0.578125 0.875 0.5625 0.875 0.5625 0.875 0.796875 0.625 0.8125 0.625 0.8125 0.625 0.59375 0.875 0.578125 0.875 0.578125 0.875 0.78125 0.625 0.796875 0.625 0.796875 0.625 0.609375 0.8750001 0.59375 0.875 0.59375 0.875 0.765625 0.625 0.78125 0.625 0.78125 0.625 0.625 0.875 0.609375 0.8750001 0.609375 0.8750001 0.75 0.625 0.765625 0.625 0.765625 0.625 0.640625 0.875 0.625 0.875 0.625 0.875 0.734375 0.625 0.75 0.625 0.75 0.625 0.65625 0.875 0.640625 0.875 0.640625 0.875 0.71875 0.625 0.734375 0.625 0.734375 0.625 0.671875 0.875 0.65625 0.875 0.65625 0.875 0.703125 0.625 0.71875 0.625 0.71875 0.625 0.6875 0.875 0.671875 0.875 0.671875 0.875 0.6875 0.625 0.703125 0.625 0.703125 0.625 0.703125 0.875 0.6875 0.875 0.6875 0.875 0.671875 0.625 0.6875 0.625 0.6875 0.625 0.71875 0.875 0.703125 0.875 0.703125 0.875 0.65625 0.625 0.671875 0.625 0.671875 0.625 0.734375 0.8750001 0.71875 0.875 0.71875 0.875 0.640625 0.625 0.65625 0.625 0.65625 0.625 0.75 0.875 0.734375 0.8750001 0.734375 0.8750001 0.625 0.625 0.640625 0.625 0.640625 0.625 0.765625 0.875 0.75 0.875 0.75 0.875 0.609375 0.625 0.625 0.625 0.625 0.625 1 1 0.984375 1 0.9843751 0.8750001 0.984375 1 0.96875 1 0.96875 0.875 0.96875 1 0.953125 1 0.953125 0.875 0.953125 1 0.9375 1 0.9375 0.875 0.9375 1 0.921875 1 0.921875 0.875 0.921875 1 0.90625 1 0.90625 0.875 0.90625 1 0.890625 1 0.890625 0.875 0.890625 1 0.875 1 0.875 0.875 0.875 1 0.859375 1 0.8593751 0.8750001 0.859375 1 0.84375 1 0.84375 0.875 0.84375 1 0.828125 1 0.828125 0.875 0.828125 1 0.8125 1 0.8125 0.875 0.8125 1 0.796875 1 0.796875 0.875 0.796875 1 0.78125 1 0.78125 0.875 0.78125 1 0.765625 1 0.765625 0.875 0.765625 1 0.75 1 0.75 0.875 0.75 1 0.734375 1 0.734375 0.8750001 0.734375 1 0.71875 1 0.71875 0.875 0.71875 1 0.703125 1 0.703125 0.875 0.703125 1 0.6875 1 0.6875 0.875 0.6875 1 0.671875 1 0.671875 0.875 0.671875 1 0.65625 1 0.65625 0.875 0.65625 1 0.640625 1 0.640625 0.875 0.640625 1 0.625 1 0.625 0.875 0.625 1 0.609375 1 0.609375 0.8750001 0.609375 1 0.59375 1 0.59375 0.875 0.59375 1 0.578125 1 0.578125 0.875 0.578125 1 0.5625 1 0.5625 0.875 0.5625 1 0.546875 1 0.546875 0.875 0.546875 1 0.53125 1 0.53125 0.875 0.53125 1 0.515625 1 0.515625 0.875 0.515625 1 0.5 1 0.5 0.875 0.5 1 0.484375 1 0.484375 0.8750001 0.484375 1 0.46875 1 0.46875 0.875 0.46875 1 0.453125 1 0.453125 0.875 0.453125 1 0.4375 1 0.4375 0.875 0.4375 1 0.421875 1 0.421875 0.875 0.421875 1 0.40625 1 0.40625 0.875 0.40625 1 0.390625 1 0.390625 0.875 0.390625 1 0.375 1 0.375 0.875 0.375 1 0.359375 1 0.359375 0.8750001 0.359375 1 0.34375 1 0.34375 0.875 0.34375 1 0.328125 1 0.328125 0.875 0.328125 1 0.3125 1 0.3125 0.875 0.3125 1 0.296875 1 0.296875 0.875 0.296875 1 0.28125 1 0.28125 0.875 0.28125 1 0.265625 1 0.265625 0.875 0.265625 1 0.25 1 0.25 0.875 0.25 1 0.234375 1 0.234375 0.8750001 0.234375 1 0.21875 1 0.21875 0.875 0.21875 1 0.203125 1 0.203125 0.875 0.203125 1 0.1875 1 0.1875 0.875 0.1875 1 0.171875 1 0.171875 0.875 0.171875 1 0.15625 1 0.15625 0.875 0.15625 1 0.140625 1 0.140625 0.875 0.140625 1 0.125 1 0.125 0.875 0.125 1 0.109375 1 0.109375 0.8750001 0.109375 1 0.09375 1 0.09375 0.875 0.09375 1 0.078125 1 0.078125 0.875 0.078125 1 0.0625 1 0.0625 0.875 0.0625 1 0.046875 1 0.046875 0.875 0.046875 1 0.03125 1 0.03125 0.875 0.2851022 0.4264703 0.267636 0.4290612 0.2499999 0.4299277 0.2499999 0.4299277 0.2323641 0.4290612 0.2148978 0.4264703 0.2148978 0.4264703 0.1977697 0.4221801 0.1811447 0.4162315 0.1811447 0.4162315 0.1651826 0.4086821 0.2148978 0.4264703 0.1651826 0.4086821 0.1500375 0.3996044 0.2148978 0.4264703 0.1500375 0.3996044 0.1358551 0.3890861 0.1227719 0.3772282 0.1227719 0.3772282 0.110914 0.3641451 0.1500375 0.3996044 0.110914 0.3641451 0.1003956 0.3499624 0.1500375 0.3996044 0.1003956 0.3499624 0.09131795 0.3348174 0.08376854 0.3188554 0.08376854 0.3188554 0.07781994 0.3022302 0.0735296 0.2851021 0.0735296 0.2851021 0.07093876 0.267636 0.07007235 0.25 0.07007235 0.25 0.07093876 0.2323641 0.0735296 0.2148978 0.0735296 0.2148978 0.07781994 0.1977698 0.08376848 0.1811447 0.08376848 0.1811447 0.09131801 0.1651826 0.0735296 0.2148978 0.09131801 0.1651826 0.1003956 0.1500375 0.0735296 0.2148978 0.1003956 0.1500375 0.1109141 0.1358551 0.1227719 0.1227719 0.1227719 0.1227719 0.135855 0.1109141 0.1003956 0.1500375 0.135855 0.1109141 0.1500376 0.1003956 0.1003956 0.1500375 0.1500376 0.1003956 0.1651826 0.09131801 0.1811447 0.08376854 0.1811447 0.08376854 0.1977698 0.07781994 0.2148978 0.0735296 0.2148978 0.0735296 0.232364 0.07093876 0.25 0.07007235 0.25 0.07007235 0.267636 0.07093876 0.2851021 0.0735296 0.2851021 0.0735296 0.3022302 0.07781994 0.3188552 0.08376848 0.3188552 0.08376848 0.3348172 0.09131801 0.2851021 0.0735296 0.3348172 0.09131801 0.3499625 0.1003956 0.2851021 0.0735296 0.3499625 0.1003956 0.3641449 0.110914 0.3772282 0.1227719 0.3772282 0.1227719 0.389086 0.1358551 0.3499625 0.1003956 0.389086 0.1358551 0.3996044 0.1500375 0.3499625 0.1003956 0.3996044 0.1500375 0.4086819 0.1651826 0.4162315 0.1811447 0.4162315 0.1811447 0.42218 0.1977697 0.4264704 0.2148978 0.4264704 0.2148978 0.4290612 0.2323639 0.4299276 0.25 0.4299276 0.25 0.4290612 0.267636 0.4264703 0.2851022 0.4264703 0.2851022 0.42218 0.3022302 0.4162315 0.3188553 0.4162315 0.3188553 0.408682 0.3348173 0.4264703 0.2851022 0.408682 0.3348173 0.3996043 0.3499625 0.4264703 0.2851022 0.3996043 0.3499625 0.3890859 0.3641449 0.377228 0.377228 0.377228 0.377228 0.3641449 0.389086 0.3996043 0.3499625 0.3641449 0.389086 0.3499624 0.3996044 0.3996043 0.3499625 0.3499624 0.3996044 0.3348173 0.4086819 0.3188553 0.4162315 0.3188553 0.4162315 0.3022302 0.4221799 0.2851022 0.4264703 0.2851022 0.4264703 0.2499999 0.4299277 0.1500375 0.3996044 0.2499999 0.4299277 0.2148978 0.4264703 0.1500375 0.3996044 0.1003956 0.3499624 0.08376854 0.3188554 0.1500375 0.3996044 0.08376854 0.3188554 0.0735296 0.2851021 0.1500375 0.3996044 0.0735296 0.2851021 0.07007235 0.25 0.1003956 0.1500375 0.07007235 0.25 0.0735296 0.2148978 0.1003956 0.1500375 0.1500376 0.1003956 0.1811447 0.08376854 0.1003956 0.1500375 0.1811447 0.08376854 0.2148978 0.0735296 0.1003956 0.1500375 0.2148978 0.0735296 0.25 0.07007235 0.3499625 0.1003956 0.25 0.07007235 0.2851021 0.0735296 0.3499625 0.1003956 0.3996044 0.1500375 0.4162315 0.1811447 0.3499625 0.1003956 0.4162315 0.1811447 0.4264704 0.2148978 0.3499625 0.1003956 0.4264704 0.2148978 0.4299276 0.25 0.3996043 0.3499625 0.4299276 0.25 0.4264703 0.2851022 0.3996043 0.3499625 0.3499624 0.3996044 0.3188553 0.4162315 0.3996043 0.3499625 0.3188553 0.4162315 0.2851022 0.4264703 0.3996043 0.3499625 0.2851022 0.4264703 0.1500375 0.3996044 0.0735296 0.2851021 0.0735296 0.2851021 0.1003956 0.1500375 0.2148978 0.0735296 0.2148978 0.0735296 0.3499625 0.1003956 0.4264704 0.2148978 0.4264704 0.2148978 0.3996043 0.3499625 0.2851022 0.4264703 0.2851022 0.4264703 0.0735296 0.2851021 0.2148978 0.0735296 0.03125 1 0.015625 1 0.015625 0.875 0.015625 1 0 1 0 0.875 0.7284385 0.4689166 0.7500001 0.4699759 0.7715614 0.4689164 0.7715614 0.4689164 0.7929149 0.465749 0.8138555 0.4605039 0.8138555 0.4605039 0.8341808 0.4532311 0.8895513 0.4200437 0.8341808 0.4532311 0.8536956 0.4440013 0.8895513 0.4200437 0.8536956 0.4440013 0.8722121 0.4329031 0.8895513 0.4200437 0.8895513 0.4200437 0.9055463 0.4055464 0.9200437 0.3895512 0.9200437 0.3895512 0.932903 0.3722121 0.9440014 0.3536959 0.9440014 0.3536959 0.9532312 0.3341811 0.9689165 0.2715614 0.9532312 0.3341811 0.9605038 0.3138555 0.9689165 0.2715614 0.9605038 0.3138555 0.965749 0.2929151 0.9689165 0.2715614 0.9689165 0.2715614 0.9699756 0.25 0.9689166 0.2284386 0.9689166 0.2284386 0.965749 0.2070848 0.9605038 0.1861443 0.9605038 0.1861443 0.9532313 0.1658189 0.9200436 0.1104487 0.9532313 0.1658189 0.9440013 0.1463041 0.9200436 0.1104487 0.9440013 0.1463041 0.9329031 0.1277879 0.9200436 0.1104487 0.9200436 0.1104487 0.9055466 0.09445351 0.8895513 0.07995629 0.8895513 0.07995629 0.8722121 0.06709671 0.8536959 0.05599856 0.8536959 0.05599856 0.8341809 0.04676878 0.7715614 0.03108334 0.8341809 0.04676878 0.8138556 0.03949618 0.7715614 0.03108334 0.8138556 0.03949618 0.7929152 0.03425085 0.7715614 0.03108334 0.7715614 0.03108334 0.75 0.03002411 0.7284386 0.03108334 0.7284386 0.03108334 0.7070848 0.03425085 0.6861443 0.03949618 0.6861443 0.03949618 0.6658186 0.04676878 0.6104487 0.07995635 0.6658186 0.04676878 0.646304 0.05599856 0.6104487 0.07995635 0.646304 0.05599856 0.6277878 0.06709671 0.6104487 0.07995635 0.6104487 0.07995635 0.5944535 0.09445351 0.5799564 0.1104487 0.5799564 0.1104487 0.5670967 0.1277879 0.5559986 0.146304 0.5559986 0.146304 0.5467688 0.1658188 0.5310834 0.2284386 0.5467688 0.1658188 0.5394962 0.1861444 0.5310834 0.2284386 0.5394962 0.1861444 0.5342509 0.2070848 0.5310834 0.2284386 0.5310834 0.2284386 0.5300241 0.25 0.5310834 0.2715615 0.5310834 0.2715615 0.5342508 0.2929151 0.5394961 0.3138556 0.5394961 0.3138556 0.5467688 0.3341811 0.5799564 0.3895512 0.5467688 0.3341811 0.5559986 0.3536959 0.5799564 0.3895512 0.5559986 0.3536959 0.5670967 0.372212 0.5799564 0.3895512 0.5799564 0.3895512 0.5944535 0.4055464 0.6104488 0.4200436 0.6104488 0.4200436 0.6277879 0.4329032 0.6463041 0.4440014 0.6463041 0.4440014 0.6658189 0.4532312 0.7284385 0.4689166 0.6658189 0.4532312 0.6861444 0.4605038 0.7284385 0.4689166 0.6861444 0.4605038 0.7070848 0.4657491 0.7284385 0.4689166 0.7284385 0.4689166 0.7715614 0.4689164 0.8895513 0.4200437 0.7715614 0.4689164 0.8138555 0.4605039 0.8895513 0.4200437 0.8895513 0.4200437 0.9200437 0.3895512 0.9440014 0.3536959 0.9689165 0.2715614 0.9689166 0.2284386 0.9200436 0.1104487 0.9689166 0.2284386 0.9605038 0.1861443 0.9200436 0.1104487 0.9200436 0.1104487 0.8895513 0.07995629 0.8536959 0.05599856 0.7715614 0.03108334 0.7284386 0.03108334 0.6104487 0.07995635 0.7284386 0.03108334 0.6861443 0.03949618 0.6104487 0.07995635 0.6104487 0.07995635 0.5799564 0.1104487 0.5559986 0.146304 0.5310834 0.2284386 0.5310834 0.2715615 0.5799564 0.3895512 0.5310834 0.2715615 0.5394961 0.3138556 0.5799564 0.3895512 0.5799564 0.3895512 0.6104488 0.4200436 0.6463041 0.4440014 0.8895513 0.4200437 0.9440014 0.3536959 0.9689165 0.2715614 0.9200436 0.1104487 0.8536959 0.05599856 0.7715614 0.03108334 0.6104487 0.07995635 0.5559986 0.146304 0.5310834 0.2284386 0.5799564 0.3895512 0.6463041 0.4440014 0.7284385 0.4689166 0.7284385 0.4689166 0.8895513 0.4200437 0.9689165 0.2715614 0.9689165 0.2715614 0.9200436 0.1104487 0.7715614 0.03108334 0.7715614 0.03108334 0.6104487 0.07995635 0.5310834 0.2284386 0.5310834 0.2284386 0.5799564 0.3895512 0.7284385 0.4689166 0.7284385 0.4689166 0.9689165 0.2715614 0.7715614 0.03108334 0.140625 0.875 0.140625 0.875 0.15625 0.875 0.4375 0.625 0.453125 0.625 0.453125 0.625 0.9375 0.875 0.9375 0.875 0.953125 0.875 0.140625 0.875 0.125 0.875 0.125 0.875 0.46875 0.625 0.46875 0.625 0.453125 0.625 0.9375 0.875 0.921875 0.875 0.921875 0.875 0.125 0.875 0.109375 0.8750001 0.109375 0.8750001 0.46875 0.625 0.484375 0.625 0.484375 0.625 0.921875 0.875 0.90625 0.875 0.90625 0.875 0.109375 0.8750001 0.09375 0.875 0.09375 0.875 0.484375 0.625 0.5 0.625 0.5 0.625 0.90625 0.875 0.890625 0.875 0.890625 0.875 0.09375 0.875 0.078125 0.875 0.078125 0.875 0.5 0.625 0.515625 0.625 0.515625 0.625 0.890625 0.875 0.875 0.875 0.875 0.875 0.078125 0.875 0.0625 0.875 0.0625 0.875 0.515625 0.625 0.53125 0.625 0.53125 0.625 0.875 0.875 0.8593751 0.8750001 0.8593751 0.8750001 0.0625 0.875 0.046875 0.875 0.046875 0.875 0.53125 0.625 0.546875 0.625 0.546875 0.625 0.8593751 0.8750001 0.84375 0.875 0.84375 0.875 0.03125 0.875 0.03125 0.875 0.046875 0.875 0.5625 0.625 0.5625 0.625 0.546875 0.625 0.84375 0.875 0.828125 0.875 0.828125 0.875 0.03125 0.875 0.015625 0.875 0.015625 0.875 0.5625 0.625 0.578125 0.625 0.578125 0.625 0.8125 0.875 0.8125 0.875 0.828125 0.875 0.015625 0.875 0 0.875 0 0.875 0.578125 0.625 0.59375 0.625 0.59375 0.625 0.8125 0.875 0.796875 0.875 0.796875 0.875 0.59375 0.625 0.609375 0.625 0.609375 0.625 0.78125 0.875 0.78125 0.875 0.796875 0.875 0.609375 0.625 0.625 0.625 0.625 0.625 0.765625 0.875 0.765625 0.875 0.78125 0.875 0.625 0.625 0.640625 0.625 0.640625 0.625 0.765625 0.875 0.75 0.875 0.75 0.875 0.640625 0.625 0.65625 0.625 0.65625 0.625 0.734375 0.8750001 0.734375 0.8750001 0.75 0.875 0.65625 0.625 0.671875 0.625 0.671875 0.625 0.71875 0.875 0.71875 0.875 0.734375 0.8750001 0.6875 0.625 0.6875 0.625 0.671875 0.625 0.71875 0.875 0.703125 0.875 0.703125 0.875 0.6875 0.625 0.703125 0.625 0.703125 0.625 0.6875 0.875 0.6875 0.875 0.703125 0.875 0.71875 0.625 0.71875 0.625 0.703125 0.625 0.6875 0.875 0.671875 0.875 0.671875 0.875 0.734375 0.625 0.734375 0.625 0.71875 0.625 0.65625 0.875 0.65625 0.875 0.671875 0.875 0.734375 0.625 0.75 0.625 0.75 0.625 0.640625 0.875 0.640625 0.875 0.65625 0.875 0.765625 0.625 0.765625 0.625 0.75 0.625 0.625 0.875 0.625 0.875 0.640625 0.875 0.78125 0.625 0.78125 0.625 0.765625 0.625 0.609375 0.8750001 0.609375 0.8750001 0.625 0.875 0.78125 0.625 0.796875 0.625 0.796875 0.625 0.59375 0.875 0.59375 0.875 0.609375 0.8750001 0.8125 0.625 0.8125 0.625 0.796875 0.625 0.578125 0.875 0.578125 0.875 0.59375 0.875 0.015625 0.625 0.015625 0.625 0 0.625 0.8125 0.625 0.828125 0.625 0.828125 0.625 0.5625 0.875 0.5625 0.875 0.578125 0.875 0.03125 0.625 0.03125 0.625 0.015625 0.625 0.84375 0.625 0.84375 0.625 0.828125 0.625 0.5625 0.875 0.546875 0.875 0.546875 0.875 0.03125 0.625 0.046875 0.625 0.046875 0.625 0.8593751 0.625 0.8593751 0.625 0.84375 0.625 0.53125 0.875 0.53125 0.875 0.546875 0.875 0.0625 0.625 0.0625 0.625 0.046875 0.625 0.875 0.625 0.875 0.625 0.8593751 0.625 0.515625 0.875 0.515625 0.875 0.53125 0.875 0.078125 0.625 0.078125 0.625 0.0625 0.625 0.890625 0.625 0.890625 0.625 0.875 0.625 0.5 0.875 0.5 0.875 0.515625 0.875 0.09375 0.625 0.09375 0.625 0.078125 0.625 0.90625 0.625 0.90625 0.625 0.890625 0.625 0.484375 0.8750001 0.484375 0.8750001 0.5 0.875 0.109375 0.625 0.109375 0.625 0.09375 0.625 0.921875 0.625 0.921875 0.625 0.90625 0.625 0.46875 0.875 0.46875 0.875 0.484375 0.8750001 0.125 0.625 0.125 0.625 0.109375 0.625 0.9375 0.625 0.9375 0.625 0.921875 0.625 0.46875 0.875 0.453125 0.875 0.453125 0.875 0.140625 0.625 0.140625 0.625 0.125 0.625 0.9375 0.625 0.953125 0.625 0.953125 0.625 0.4375 0.875 0.4375 0.875 0.453125 0.875 0.140625 0.625 0.15625 0.625 0.15625 0.625 0.96875 0.625 0.96875 0.625 0.953125 0.625 0.421875 0.875 0.421875 0.875 0.4375 0.875 0.171875 0.625 0.171875 0.625 0.15625 0.625 0.9843751 0.625 0.9843751 0.625 0.96875 0.625 0.40625 0.875 0.40625 0.875 0.421875 0.875 0.1875 0.625 0.1875 0.625 0.171875 0.625 1 0.625 1 0.625 0.9843751 0.625 0.390625 0.875 0.390625 0.875 0.40625 0.875 0.1875 0.625 0.203125 0.625 0.203125 0.625 0.375 0.875 0.375 0.875 0.390625 0.875 0.21875 0.625 0.21875 0.625 0.203125 0.625 0.359375 0.8750001 0.359375 0.8750001 0.375 0.875 0.234375 0.625 0.234375 0.625 0.21875 0.625 0.359375 0.8750001 0.34375 0.875 0.34375 0.875 0.234375 0.625 0.25 0.625 0.25 0.625 0.328125 0.875 0.328125 0.875 0.34375 0.875 0.265625 0.625 0.265625 0.625 0.25 0.625 0.3125 0.875 0.3125 0.875 0.328125 0.875 0.265625 0.625 0.28125 0.625 0.28125 0.625 0.3125 0.875 0.296875 0.875 0.296875 0.875 0.28125 0.625 0.296875 0.625 0.296875 0.625 0.28125 0.875 0.28125 0.875 0.296875 0.875 0.3125 0.625 0.3125 0.625 0.296875 0.625 0.265625 0.875 0.265625 0.875 0.28125 0.875 0.3125 0.625 0.328125 0.625 0.328125 0.625 0.265625 0.875 0.25 0.875 0.25 0.875 0.328125 0.625 0.34375 0.625 0.34375 0.625 0.234375 0.8750001 0.234375 0.8750001 0.25 0.875 0.359375 0.625 0.359375 0.625 0.34375 0.625 0.234375 0.8750001 0.21875 0.875 0.21875 0.875 0.359375 0.625 0.375 0.625 0.375 0.625 0.21875 0.875 0.203125 0.875 0.203125 0.875 0.375 0.625 0.390625 0.625 0.390625 0.625 0.1875 0.875 0.1875 0.875 0.203125 0.875 0.390625 0.625 0.40625 0.625 0.40625 0.625 1 0.875 0.9843751 0.8750001 0.9843751 0.8750001 0.1875 0.875 0.171875 0.875 0.171875 0.875 0.40625 0.625 0.421875 0.625 0.421875 0.625 0.9843751 0.8750001 0.96875 0.875 0.96875 0.875 0.171875 0.875 0.15625 0.875 0.15625 0.875 0.421875 0.625 0.4375 0.625 0.4375 0.625 0.96875 0.875 0.953125 0.875 0.953125 0.875 1 0.625 0.9843751 0.625 0.984375 0.5 0.9843751 0.625 0.96875 0.625 0.96875 0.5 0.96875 0.625 0.953125 0.625 0.953125 0.5 0.953125 0.625 0.9375 0.625 0.9375 0.5 0.9375 0.625 0.921875 0.625 0.921875 0.5 0.921875 0.625 0.90625 0.625 0.90625 0.5 0.90625 0.625 0.890625 0.625 0.890625 0.5 0.890625 0.625 0.875 0.625 0.875 0.5 0.875 0.625 0.8593751 0.625 0.859375 0.5 0.8593751 0.625 0.84375 0.625 0.84375 0.5 0.84375 0.625 0.828125 0.625 0.828125 0.5 0.828125 0.625 0.8125 0.625 0.8125 0.5 0.8125 0.625 0.796875 0.625 0.796875 0.5 0.796875 0.625 0.78125 0.625 0.78125 0.5 0.78125 0.625 0.765625 0.625 0.765625 0.5 0.765625 0.625 0.75 0.625 0.75 0.5 0.75 0.625 0.734375 0.625 0.734375 0.5 0.734375 0.625 0.71875 0.625 0.71875 0.5 0.71875 0.625 0.703125 0.625 0.703125 0.5 0.703125 0.625 0.6875 0.625 0.6875 0.5 0.6875 0.625 0.671875 0.625 0.671875 0.5 0.671875 0.625 0.65625 0.625 0.65625 0.5 0.65625 0.625 0.640625 0.625 0.640625 0.5 0.640625 0.625 0.625 0.625 0.625 0.5 0.625 0.625 0.609375 0.625 0.609375 0.5 0.609375 0.625 0.59375 0.625 0.59375 0.5 0.59375 0.625 0.578125 0.625 0.578125 0.5 0.578125 0.625 0.5625 0.625 0.5625 0.5 0.5625 0.625 0.546875 0.625 0.546875 0.5 0.546875 0.625 0.53125 0.625 0.53125 0.5 0.53125 0.625 0.515625 0.625 0.515625 0.5 0.515625 0.625 0.5 0.625 0.5 0.5 0.5 0.625 0.484375 0.625 0.484375 0.5 0.484375 0.625 0.46875 0.625 0.46875 0.5 0.46875 0.625 0.453125 0.625 0.453125 0.5 0.453125 0.625 0.4375 0.625 0.4375 0.5 0.4375 0.625 0.421875 0.625 0.421875 0.5 0.421875 0.625 0.40625 0.625 0.40625 0.5 0.40625 0.625 0.390625 0.625 0.390625 0.5 0.390625 0.625 0.375 0.625 0.375 0.5 0.375 0.625 0.359375 0.625 0.359375 0.5 0.359375 0.625 0.34375 0.625 0.34375 0.5 0.34375 0.625 0.328125 0.625 0.328125 0.5 0.328125 0.625 0.3125 0.625 0.3125 0.5 0.3125 0.625 0.296875 0.625 0.296875 0.5 0.296875 0.625 0.28125 0.625 0.28125 0.5 0.28125 0.625 0.265625 0.625 0.265625 0.5 0.265625 0.625 0.25 0.625 0.25 0.5 0.25 0.625 0.234375 0.625 0.234375 0.5 0.234375 0.625 0.21875 0.625 0.21875 0.5 0.21875 0.625 0.203125 0.625 0.203125 0.5 0.203125 0.625 0.1875 0.625 0.1875 0.5 0.1875 0.625 0.171875 0.625 0.171875 0.5 0.171875 0.625 0.15625 0.625 0.15625 0.5 0.15625 0.625 0.140625 0.625 0.140625 0.5 0.140625 0.625 0.125 0.625 0.125 0.5 0.125 0.625 0.109375 0.625 0.109375 0.5 0.109375 0.625 0.09375 0.625 0.09375 0.5 0.09375 0.625 0.078125 0.625 0.078125 0.5 0.078125 0.625 0.0625 0.625 0.0625 0.5 0.0625 0.625 0.046875 0.625 0.046875 0.5 0.046875 0.625 0.03125 0.625 0.03125 0.5 0.03125 0.625 0.015625 0.625 0.015625 0.5 0.015625 0.625 0 0.625 0 0.5 0.015625 0.875 0.015625 0.625 0.03125 0.625 0.03125 0.875 0.03125 0.625 0.046875 0.625 0.046875 0.875 0.046875 0.625 0.0625 0.625 0.0625 0.875 0.0625 0.625 0.078125 0.625 0.078125 0.875 0.078125 0.625 0.09375 0.625 0.09375 0.875 0.09375 0.625 0.109375 0.625 0.109375 0.8750001 0.109375 0.625 0.125 0.625 0.125 0.875 0.125 0.625 0.140625 0.625 0.140625 0.875 0.140625 0.625 0.15625 0.625 0.15625 0.875 0.15625 0.625 0.171875 0.625 0.171875 0.875 0.171875 0.625 0.1875 0.625 0.1875 0.875 0.1875 0.625 0.203125 0.625 0.203125 0.875 0.203125 0.625 0.21875 0.625 0.21875 0.875 0.21875 0.625 0.234375 0.625 0.234375 0.8750001 0.234375 0.625 0.25 0.625 0.25 0.875 0.25 0.625 0.265625 0.625 0.265625 0.875 0.265625 0.625 0.28125 0.625 0.28125 0.875 0.28125 0.625 0.296875 0.625 0.296875 0.875 0.296875 0.625 0.3125 0.625 0.3125 0.875 0.3125 0.625 0.328125 0.625 0.328125 0.875 0.328125 0.625 0.34375 0.625 0.34375 0.875 0.34375 0.625 0.359375 0.625 0.359375 0.8750001 0.359375 0.625 0.375 0.625 0.375 0.875 0.375 0.625 0.390625 0.625 0.390625 0.875 0.390625 0.625 0.40625 0.625 0.40625 0.875 0.40625 0.625 0.421875 0.625 0.421875 0.875 0.421875 0.625 0.4375 0.625 0.4375 0.875 0.4375 0.625 0.453125 0.625 0.453125 0.875 0.453125 0.625 0.46875 0.625 0.46875 0.875 0.46875 0.625 0.484375 0.625 0.484375 0.8750001 0.484375 0.625 0.5 0.625 0.5 0.875 0.5 0.625 0.515625 0.625 0.515625 0.875 0.515625 0.625 0.53125 0.625 0.53125 0.875 0.53125 0.625 0.546875 0.625 0.546875 0.875 0.546875 0.625 0.5625 0.625 0.5625 0.875 0.5625 0.625 0.578125 0.625 0.578125 0.875 0.578125 0.625 0.59375 0.625 0.59375 0.875 0.59375 0.625 0.609375 0.625 0.609375 0.8750001 0.609375 0.625 0.625 0.625 0.625 0.875 0.625 0.625 0.640625 0.625 0.640625 0.875 0.640625 0.625 0.65625 0.625 0.65625 0.875 0.65625 0.625 0.671875 0.625 0.671875 0.875 0.671875 0.625 0.6875 0.625 0.6875 0.875 0.6875 0.625 0.703125 0.625 0.703125 0.875 0.703125 0.625 0.71875 0.625 0.71875 0.875 0.71875 0.625 0.734375 0.625 0.734375 0.8750001 0.734375 0.625 0.75 0.625 0.75 0.875 0.75 0.625 0.765625 0.625 0.765625 0.875 0.765625 0.625 0.78125 0.625 0.78125 0.875 0.78125 0.625 0.796875 0.625 0.796875 0.875 0.796875 0.625 0.8125 0.625 0.8125 0.875 0.8125 0.625 0.828125 0.625 0.828125 0.875 0.828125 0.625 0.84375 0.625 0.84375 0.875 0.84375 0.625 0.8593751 0.625 0.8593751 0.8750001 0.8593751 0.625 0.875 0.625 0.875 0.875 0.875 0.625 0.890625 0.625 0.890625 0.875 0.890625 0.625 0.90625 0.625 0.90625 0.875 0.90625 0.625 0.921875 0.625 0.921875 0.875 0.921875 0.625 0.9375 0.625 0.9375 0.875 0.9375 0.625 0.953125 0.625 0.953125 0.875 0.953125 0.625 0.96875 0.625 0.96875 0.875 0.96875 0.625 0.9843751 0.625 1 0.875 0.9843751 0.8750001 0.9843751 0.625 0.2499999 0.4699759 0.2715614 0.4689164 0.2735241 0.4888443 0.2929151 0.465749 0.2968217 0.4853885 0.2735241 0.4888443 0.3138556 0.4605038 0.3196683 0.4796657 0.2968217 0.4853885 0.3138556 0.4605038 0.3341811 0.4532312 0.341844 0.4717311 0.3536959 0.4440014 0.3631352 0.4616611 0.341844 0.4717311 0.3722121 0.4329033 0.3833369 0.4495527 0.3631352 0.4616611 0.3722121 0.4329033 0.3895513 0.4200437 0.4022544 0.4355225 0.4055464 0.4055465 0.4197056 0.4197056 0.4022544 0.4355225 0.4055464 0.4055465 0.4200437 0.3895512 0.4355225 0.4022544 0.4329032 0.372212 0.4495527 0.3833369 0.4355225 0.4022544 0.4329032 0.372212 0.4440013 0.3536959 0.4616611 0.3631352 0.4440013 0.3536959 0.4532312 0.3341811 0.4717311 0.341844 0.4605038 0.3138556 0.4796657 0.3196683 0.4717311 0.341844 0.4605038 0.3138556 0.4657492 0.2929152 0.4853885 0.2968217 0.4657492 0.2929152 0.4689166 0.2715615 0.4888443 0.2735241 0.4699759 0.25 0.49 0.25 0.4888443 0.2735241 0.4699759 0.25 0.4689166 0.2284386 0.4888443 0.2264758 0.465749 0.2070848 0.4853885 0.2031783 0.4888443 0.2264758 0.4605038 0.1861444 0.4796657 0.1803317 0.4853885 0.2031783 0.4605038 0.1861444 0.4532312 0.1658188 0.4717311 0.1581559 0.4440014 0.146304 0.4616611 0.1368647 0.4717311 0.1581559 0.4329033 0.1277879 0.4495527 0.1166631 0.4616611 0.1368647 0.4329033 0.1277879 0.4200436 0.1104487 0.4355225 0.09774559 0.4055464 0.09445351 0.4197056 0.08029437 0.4355225 0.09774559 0.4055464 0.09445351 0.3895512 0.07995635 0.4022544 0.0644775 0.3722119 0.06709671 0.3833369 0.05044728 0.4022544 0.0644775 0.3722119 0.06709671 0.3536959 0.05599856 0.3631352 0.03833889 0.3536959 0.05599856 0.3341811 0.04676878 0.341844 0.02826893 0.3138555 0.03949618 0.3196683 0.0203343 0.341844 0.02826893 0.3138555 0.03949618 0.2929151 0.03425085 0.2968217 0.01461154 0.2929151 0.03425085 0.2715614 0.03108334 0.2735241 0.01115566 0.25 0.03002411 0.25 0.00999999 0.2735241 0.01115566 0.25 0.03002411 0.2284385 0.03108334 0.2264758 0.01115566 0.2070848 0.03425085 0.2031783 0.01461154 0.2264758 0.01115566 0.1861443 0.03949618 0.1803317 0.0203343 0.2031783 0.01461154 0.1861443 0.03949618 0.1658188 0.04676878 0.1581559 0.02826893 0.146304 0.05599856 0.1368647 0.03833889 0.1581559 0.02826893 0.1277879 0.06709671 0.1166631 0.05044728 0.1368647 0.03833889 0.1277879 0.06709671 0.1104487 0.07995629 0.09774559 0.0644775 0.09445357 0.09445351 0.08029437 0.08029437 0.09774559 0.0644775 0.09445357 0.09445351 0.07995629 0.1104487 0.0644775 0.09774559 0.06709671 0.1277879 0.05044728 0.1166631 0.0644775 0.09774559 0.06709671 0.1277879 0.05599856 0.1463041 0.03833889 0.1368647 0.05599856 0.1463041 0.04676878 0.1658189 0.02826893 0.1581559 0.03949618 0.1861444 0.0203343 0.1803317 0.02826893 0.1581559 0.03949618 0.1861444 0.03425085 0.2070848 0.01461154 0.2031783 0.03425085 0.2070848 0.03108334 0.2284385 0.01115566 0.2264758 0.03002411 0.25 0.00999999 0.25 0.01115566 0.2264758 0.03002411 0.25 0.03108334 0.2715614 0.01115566 0.2735241 0.03425085 0.2929151 0.01461154 0.2968217 0.01115566 0.2735241 0.03949618 0.3138555 0.0203343 0.3196683 0.01461154 0.2968217 0.03949618 0.3138555 0.04676878 0.3341811 0.02826893 0.341844 0.05599856 0.3536959 0.03833889 0.3631352 0.02826893 0.341844 0.06709671 0.3722121 0.05044728 0.3833369 0.03833889 0.3631352 0.06709671 0.3722121 0.07995629 0.3895512 0.0644775 0.4022544 0.09445351 0.4055464 0.08029437 0.4197056 0.0644775 0.4022544 0.09445351 0.4055464 0.1104487 0.4200437 0.09774559 0.4355225 0.1277879 0.4329032 0.1166631 0.4495527 0.09774559 0.4355225 0.1277879 0.4329032 0.1463041 0.4440012 0.1368647 0.4616611 0.1463041 0.4440012 0.1658188 0.453231 0.1581559 0.4717311 0.1861443 0.4605039 0.1803317 0.4796657 0.1581559 0.4717311 0.1861443 0.4605039 0.2070848 0.465749 0.2031783 0.4853885 0.2070848 0.465749 0.2284385 0.4689164 0.2264758 0.4888443 0.2499999 0.4699759 0.25 0.49 0.2264758 0.4888443 0.3265182 0.06526863 0.3265182 0.06526863 0.3442566 0.07365828 0.04676878 0.3341811 0.04676878 0.3341811 0.05599856 0.3536959 0.2499999 0.4699759 0.2499999 0.4699759 0.2715614 0.4689164 0.3442566 0.07365828 0.3442566 0.07365828 0.3610872 0.08374613 0.03949618 0.3138555 0.03949618 0.3138555 0.04676878 0.3341811 0.3610872 0.08374613 0.3610872 0.08374613 0.3768481 0.0954352 0.03425085 0.2929151 0.03425085 0.2929151 0.03949618 0.3138555 0.3768481 0.0954352 0.3768481 0.0954352 0.3913874 0.1086127 0.03108334 0.2715614 0.03108334 0.2715614 0.03425085 0.2929151 0.3913874 0.1086127 0.3913874 0.1086127 0.4045647 0.1231519 0.03002411 0.25 0.03002411 0.25 0.03108334 0.2715614 0.4045647 0.1231519 0.4045647 0.1231519 0.4162538 0.1389127 0.03108334 0.2284385 0.03108334 0.2284385 0.03002411 0.25 0.4162538 0.1389127 0.4162538 0.1389127 0.4263418 0.1557433 0.03425085 0.2070848 0.03425085 0.2070848 0.03108334 0.2284385 0.4263418 0.1557433 0.4263418 0.1557433 0.4347314 0.1734817 0.03949618 0.1861444 0.03949618 0.1861444 0.03425085 0.2070848 0.4347314 0.1734817 0.4347314 0.1734817 0.4413419 0.1919571 0.04676878 0.1658189 0.04676878 0.1658189 0.03949618 0.1861444 0.4413419 0.1919571 0.4413419 0.1919571 0.4461098 0.2109913 0.05599856 0.1463041 0.05599856 0.1463041 0.04676878 0.1658189 0.4461098 0.2109913 0.4461098 0.2109913 0.4489889 0.2304013 0.06709671 0.1277879 0.06709671 0.1277879 0.05599856 0.1463041 0.4489889 0.2304013 0.4489889 0.2304013 0.4499518 0.25 0.07995629 0.1104487 0.07995629 0.1104487 0.06709671 0.1277879 0.4499518 0.25 0.4499518 0.25 0.4489889 0.2695988 0.09445357 0.09445351 0.09445357 0.09445351 0.07995629 0.1104487 0.4489889 0.2695988 0.4489889 0.2695988 0.4461098 0.2890087 0.1104487 0.07995629 0.1104487 0.07995629 0.09445357 0.09445351 0.4461098 0.2890087 0.4461098 0.2890087 0.4413419 0.3080429 0.1277879 0.06709671 0.1277879 0.06709671 0.1104487 0.07995629 0.4413419 0.3080429 0.4413419 0.3080429 0.4347313 0.3265182 0.146304 0.05599856 0.146304 0.05599856 0.1277879 0.06709671 0.25 0.4499519 0.25 0.4499519 0.2304013 0.4489888 0.4347313 0.3265182 0.4347313 0.3265182 0.4263416 0.3442566 0.1658188 0.04676878 0.1658188 0.04676878 0.146304 0.05599856 0.2304013 0.4489888 0.2304013 0.4489888 0.2109913 0.4461098 0.4263416 0.3442566 0.4263416 0.3442566 0.4162538 0.3610872 0.1861443 0.03949618 0.1861443 0.03949618 0.1658188 0.04676878 0.2109913 0.4461098 0.2109913 0.4461098 0.191957 0.4413419 0.4162538 0.3610872 0.4162538 0.3610872 0.4045648 0.3768481 0.2070848 0.03425085 0.2070848 0.03425085 0.1861443 0.03949618 0.191957 0.4413419 0.191957 0.4413419 0.1734817 0.4347313 0.4045648 0.3768481 0.4045648 0.3768481 0.3913873 0.3913873 0.2284385 0.03108334 0.2284385 0.03108334 0.2070848 0.03425085 0.1734817 0.4347313 0.1734817 0.4347313 0.1557433 0.4263417 0.3913873 0.3913873 0.3913873 0.3913873 0.3768481 0.4045648 0.25 0.03002411 0.25 0.03002411 0.2284385 0.03108334 0.1557433 0.4263417 0.1557433 0.4263417 0.1389127 0.4162538 0.3768481 0.4045648 0.3768481 0.4045648 0.3610873 0.4162539 0.2715614 0.03108334 0.2715614 0.03108334 0.25 0.03002411 0.1389127 0.4162538 0.1389127 0.4162538 0.1231519 0.4045649 0.3610873 0.4162539 0.3610873 0.4162539 0.3442566 0.4263417 0.2929151 0.03425085 0.2929151 0.03425085 0.2715614 0.03108334 0.1231519 0.4045649 0.1231519 0.4045649 0.1086128 0.3913873 0.3442566 0.4263417 0.3442566 0.4263417 0.3265182 0.4347312 0.3138555 0.03949618 0.3138555 0.03949618 0.2929151 0.03425085 0.1086128 0.3913873 0.1086128 0.3913873 0.0954352 0.3768481 0.3265182 0.4347312 0.3265182 0.4347312 0.3080429 0.4413419 0.3341811 0.04676878 0.3341811 0.04676878 0.3138555 0.03949618 0.0954352 0.3768481 0.0954352 0.3768481 0.08374613 0.3610874 0.3080429 0.4413419 0.3080429 0.4413419 0.2890087 0.4461097 0.3536959 0.05599856 0.3536959 0.05599856 0.3341811 0.04676878 0.08374613 0.3610874 0.08374613 0.3610874 0.07365828 0.3442567 0.25 0.4499519 0.2695987 0.4489888 0.2715614 0.4689164 0.2890087 0.4461097 0.2929151 0.465749 0.2715614 0.4689164 0.3080429 0.4413419 0.3138556 0.4605038 0.2929151 0.465749 0.3080429 0.4413419 0.3265182 0.4347312 0.3341811 0.4532312 0.3442566 0.4263417 0.3536959 0.4440014 0.3341811 0.4532312 0.3610873 0.4162539 0.3722121 0.4329033 0.3536959 0.4440014 0.3610873 0.4162539 0.3768481 0.4045648 0.3895513 0.4200437 0.3913873 0.3913873 0.4055464 0.4055465 0.3895513 0.4200437 0.3913873 0.3913873 0.4045648 0.3768481 0.4200437 0.3895512 0.4162538 0.3610872 0.4329032 0.372212 0.4200437 0.3895512 0.4162538 0.3610872 0.4263416 0.3442566 0.4440013 0.3536959 0.4347313 0.3265182 0.4532312 0.3341811 0.4440013 0.3536959 0.4413419 0.3080429 0.4605038 0.3138556 0.4532312 0.3341811 0.4461098 0.2890087 0.4657492 0.2929152 0.4605038 0.3138556 0.4461098 0.2890087 0.4489889 0.2695988 0.4689166 0.2715615 0.4499518 0.25 0.4699759 0.25 0.4689166 0.2715615 0.4499518 0.25 0.4489889 0.2304013 0.4689166 0.2284386 0.4461098 0.2109913 0.465749 0.2070848 0.4689166 0.2284386 0.4413419 0.1919571 0.4605038 0.1861444 0.465749 0.2070848 0.4413419 0.1919571 0.4347314 0.1734817 0.4532312 0.1658188 0.4263418 0.1557433 0.4440014 0.146304 0.4532312 0.1658188 0.4162538 0.1389127 0.4329033 0.1277879 0.4440014 0.146304 0.4162538 0.1389127 0.4045647 0.1231519 0.4200436 0.1104487 0.3913874 0.1086127 0.4055464 0.09445351 0.4200436 0.1104487 0.3913874 0.1086127 0.3768481 0.0954352 0.3895512 0.07995635 0.3610872 0.08374613 0.3722119 0.06709671 0.3895512 0.07995635 0.3610872 0.08374613 0.3442566 0.07365828 0.3536959 0.05599856 0.3265182 0.06526863 0.3341811 0.04676878 0.3536959 0.05599856 0.3080428 0.05865806 0.3138555 0.03949618 0.3341811 0.04676878 0.2890087 0.05389022 0.2929151 0.03425085 0.3138555 0.03949618 0.2890087 0.05389022 0.2695987 0.05101102 0.2715614 0.03108334 0.25 0.05004823 0.25 0.03002411 0.2715614 0.03108334 0.25 0.05004823 0.2304013 0.05101102 0.2284385 0.03108334 0.2109913 0.05389022 0.2070848 0.03425085 0.2284385 0.03108334 0.191957 0.05865806 0.1861443 0.03949618 0.2070848 0.03425085 0.191957 0.05865806 0.1734817 0.06526863 0.1658188 0.04676878 0.1557433 0.07365828 0.146304 0.05599856 0.1658188 0.04676878 0.1389127 0.08374613 0.1277879 0.06709671 0.146304 0.05599856 0.1389127 0.08374613 0.1231519 0.0954352 0.1104487 0.07995629 0.1086127 0.1086127 0.09445357 0.09445351 0.1104487 0.07995629 0.1086127 0.1086127 0.0954352 0.1231519 0.07995629 0.1104487 0.08374613 0.1389127 0.06709671 0.1277879 0.07995629 0.1104487 0.08374613 0.1389127 0.07365828 0.1557434 0.05599856 0.1463041 0.06526863 0.1734818 0.04676878 0.1658189 0.05599856 0.1463041 0.05865806 0.191957 0.03949618 0.1861444 0.04676878 0.1658189 0.05389028 0.2109913 0.03425085 0.2070848 0.03949618 0.1861444 0.05389028 0.2109913 0.05101108 0.2304013 0.03108334 0.2284385 0.05004823 0.25 0.03002411 0.25 0.03108334 0.2284385 0.05004823 0.25 0.05101102 0.2695987 0.03108334 0.2715614 0.05389022 0.2890087 0.03425085 0.2929151 0.03108334 0.2715614 0.05865806 0.3080429 0.03949618 0.3138555 0.03425085 0.2929151 0.05865806 0.3080429 0.06526863 0.3265181 0.04676878 0.3341811 0.07365828 0.3442567 0.05599856 0.3536959 0.04676878 0.3341811 0.08374613 0.3610874 0.06709671 0.3722121 0.05599856 0.3536959 0.08374613 0.3610874 0.0954352 0.3768481 0.07995629 0.3895512 0.1086128 0.3913873 0.09445351 0.4055464 0.07995629 0.3895512 0.1086128 0.3913873 0.1231519 0.4045649 0.1104487 0.4200437 0.1389127 0.4162538 0.1277879 0.4329032 0.1104487 0.4200437 0.1389127 0.4162538 0.1557433 0.4263417 0.1463041 0.4440012 0.1734817 0.4347313 0.1658188 0.453231 0.1463041 0.4440012 0.191957 0.4413419 0.1861443 0.4605039 0.1658188 0.453231 0.2109913 0.4461098 0.2070848 0.465749 0.1861443 0.4605039 0.2109913 0.4461098 0.2304013 0.4489888 0.2284385 0.4689164 0.25 0.4499519 0.2499999 0.4699759 0.2284385 0.4689164 0.2715614 0.4689164 0.2715614 0.4689164 0.2929151 0.465749 0.05599856 0.3536959 0.05599856 0.3536959 0.06709671 0.3722121 0.3080428 0.05865806 0.3080428 0.05865806 0.3265182 0.06526863 0.2929151 0.465749 0.2929151 0.465749 0.3138556 0.4605038 0.06709671 0.3722121 0.06709671 0.3722121 0.07995629 0.3895512 0.2890087 0.05389022 0.2890087 0.05389022 0.3080428 0.05865806 0.3138556 0.4605038 0.3138556 0.4605038 0.3341811 0.4532312 0.07995629 0.3895512 0.07995629 0.3895512 0.09445351 0.4055464 0.2695987 0.05101102 0.2695987 0.05101102 0.2890087 0.05389022 0.3341811 0.4532312 0.3341811 0.4532312 0.3536959 0.4440014 0.09445351 0.4055464 0.09445351 0.4055464 0.1104487 0.4200437 0.25 0.05004823 0.25 0.05004823 0.2695987 0.05101102 0.3536959 0.4440014 0.3536959 0.4440014 0.3722121 0.4329033 0.1104487 0.4200437 0.1104487 0.4200437 0.1277879 0.4329032 0.2304013 0.05101102 0.2304013 0.05101102 0.25 0.05004823 0.3722121 0.4329033 0.3722121 0.4329033 0.3895513 0.4200437 0.1277879 0.4329032 0.1277879 0.4329032 0.1463041 0.4440012 0.2109913 0.05389022 0.2109913 0.05389022 0.2304013 0.05101102 0.3895513 0.4200437 0.3895513 0.4200437 0.4055464 0.4055465 0.1463041 0.4440012 0.1463041 0.4440012 0.1658188 0.453231 0.191957 0.05865806 0.191957 0.05865806 0.2109913 0.05389022 0.4055464 0.4055465 0.4055464 0.4055465 0.4200437 0.3895512 0.1658188 0.453231 0.1658188 0.453231 0.1861443 0.4605039 0.1734817 0.06526863 0.1734817 0.06526863 0.191957 0.05865806 0.4200437 0.3895512 0.4200437 0.3895512 0.4329032 0.372212 0.1861443 0.4605039 0.1861443 0.4605039 0.2070848 0.465749 0.1557433 0.07365828 0.1557433 0.07365828 0.1734817 0.06526863 0.4329032 0.372212 0.4329032 0.372212 0.4440013 0.3536959 0.2070848 0.465749 0.2070848 0.465749 0.2284385 0.4689164 0.1389127 0.08374613 0.1389127 0.08374613 0.1557433 0.07365828 0.4440013 0.3536959 0.4440013 0.3536959 0.4532312 0.3341811 0.2284385 0.4689164 0.2284385 0.4689164 0.2499999 0.4699759 0.1231519 0.0954352 0.1231519 0.0954352 0.1389127 0.08374613 0.4532312 0.3341811 0.4532312 0.3341811 0.4605038 0.3138556 0.1086127 0.1086127 0.1086127 0.1086127 0.1231519 0.0954352 0.4605038 0.3138556 0.4605038 0.3138556 0.4657492 0.2929152 0.0954352 0.1231519 0.0954352 0.1231519 0.1086127 0.1086127 0.4657492 0.2929152 0.4657492 0.2929152 0.4689166 0.2715615 0.08374613 0.1389127 0.08374613 0.1389127 0.0954352 0.1231519 0.4689166 0.2715615 0.4689166 0.2715615 0.4699759 0.25 0.07365828 0.1557434 0.07365828 0.1557434 0.08374613 0.1389127 0.4699759 0.25 0.4699759 0.25 0.4689166 0.2284386 0.06526863 0.1734818 0.06526863 0.1734818 0.07365828 0.1557434 0.4689166 0.2284386 0.4689166 0.2284386 0.465749 0.2070848 0.05865806 0.191957 0.05865806 0.191957 0.06526863 0.1734818 0.465749 0.2070848 0.465749 0.2070848 0.4605038 0.1861444 0.05389028 0.2109913 0.05389028 0.2109913 0.05865806 0.191957 0.4605038 0.1861444 0.4605038 0.1861444 0.4532312 0.1658188 0.05101108 0.2304013 0.05101108 0.2304013 0.05389028 0.2109913 0.4532312 0.1658188 0.4532312 0.1658188 0.4440014 0.146304 0.05004823 0.25 0.05004823 0.25 0.05101108 0.2304013 0.4440014 0.146304 0.4440014 0.146304 0.4329033 0.1277879 0.05101102 0.2695987 0.05101102 0.2695987 0.05004823 0.25 0.4329033 0.1277879 0.4329033 0.1277879 0.4200436 0.1104487 0.05389022 0.2890087 0.05389022 0.2890087 0.05101102 0.2695987 0.4200436 0.1104487 0.4200436 0.1104487 0.4055464 0.09445351 0.05865806 0.3080429 0.05865806 0.3080429 0.05389022 0.2890087 0.4055464 0.09445351 0.4055464 0.09445351 0.3895512 0.07995635 0.06526863 0.3265181 0.06526863 0.3265181 0.05865806 0.3080429 0.3895512 0.07995635 0.3895512 0.07995635 0.3722119 0.06709671 0.2695987 0.4489888 0.2695987 0.4489888 0.25 0.4499519 0.07365828 0.3442567 0.07365828 0.3442567 0.06526863 0.3265181 0.3722119 0.06709671 0.3722119 0.06709671 0.3536959 0.05599856 0.2890087 0.4461097 0.2890087 0.4461097 0.2695987 0.4489888 0.7500001 0.4699759 0.75 0.49 0.7735241 0.4888443 0.7929149 0.465749 0.7715614 0.4689164 0.7735241 0.4888443 0.8138555 0.4605039 0.7929149 0.465749 0.7968217 0.4853885 0.8138555 0.4605039 0.8196683 0.4796657 0.841844 0.4717311 0.8536956 0.4440013 0.8341808 0.4532311 0.841844 0.4717311 0.8722121 0.4329031 0.8536956 0.4440013 0.8631352 0.4616611 0.8722121 0.4329031 0.8833369 0.4495527 0.9022544 0.4355225 0.9055463 0.4055464 0.8895513 0.4200437 0.9022544 0.4355225 0.9055463 0.4055464 0.9197056 0.4197056 0.9355225 0.4022544 0.932903 0.3722121 0.9200437 0.3895512 0.9355225 0.4022544 0.932903 0.3722121 0.9495527 0.3833369 0.9616611 0.3631352 0.9440014 0.3536959 0.9616611 0.3631352 0.9717311 0.341844 0.9605038 0.3138555 0.9532312 0.3341811 0.9717311 0.341844 0.9605038 0.3138555 0.9796657 0.3196683 0.9853885 0.2968217 0.965749 0.2929151 0.9853885 0.2968217 0.9888443 0.2735241 0.9699756 0.25 0.9689165 0.2715614 0.9888443 0.2735241 0.9699756 0.25 0.99 0.25 0.9888443 0.2264758 0.965749 0.2070848 0.9689166 0.2284386 0.9888443 0.2264758 0.9605038 0.1861443 0.965749 0.2070848 0.9853885 0.2031783 0.9605038 0.1861443 0.9796657 0.1803317 0.9717311 0.1581559 0.9440013 0.1463041 0.9532313 0.1658189 0.9717311 0.1581559 0.9329031 0.1277879 0.9440013 0.1463041 0.9616611 0.1368647 0.9329031 0.1277879 0.9495527 0.1166631 0.9355225 0.09774559 0.9055466 0.09445351 0.9200436 0.1104487 0.9355225 0.09774559 0.9055466 0.09445351 0.9197056 0.08029437 0.9022544 0.0644775 0.8722121 0.06709671 0.8895513 0.07995629 0.9022544 0.0644775 0.8722121 0.06709671 0.8833369 0.05044728 0.8631352 0.03833889 0.8536959 0.05599856 0.8631352 0.03833889 0.841844 0.02826893 0.8138556 0.03949618 0.8341809 0.04676878 0.841844 0.02826893 0.8138556 0.03949618 0.8196683 0.0203343 0.7968217 0.01461154 0.7929152 0.03425085 0.7968217 0.01461154 0.7735241 0.01115566 0.75 0.03002411 0.7715614 0.03108334 0.7735241 0.01115566 0.75 0.03002411 0.75 0.00999999 0.7264759 0.01115566 0.7070848 0.03425085 0.7284386 0.03108334 0.7264759 0.01115566 0.6861443 0.03949618 0.7070848 0.03425085 0.7031784 0.01461154 0.6861443 0.03949618 0.6803317 0.0203343 0.658156 0.02826893 0.646304 0.05599856 0.6658186 0.04676878 0.658156 0.02826893 0.6277878 0.06709671 0.646304 0.05599856 0.6368648 0.03833889 0.6277878 0.06709671 0.6166632 0.05044728 0.5977456 0.0644775 0.5944535 0.09445351 0.6104487 0.07995635 0.5977456 0.0644775 0.5944535 0.09445351 0.5802944 0.08029437 0.5644775 0.09774559 0.5670967 0.1277879 0.5799564 0.1104487 0.5644775 0.09774559 0.5670967 0.1277879 0.5504473 0.1166631 0.5383389 0.1368647 0.5559986 0.146304 0.5383389 0.1368647 0.5282689 0.1581559 0.5394962 0.1861444 0.5467688 0.1658188 0.5282689 0.1581559 0.5394962 0.1861444 0.5203343 0.1803317 0.5146116 0.2031783 0.5342509 0.2070848 0.5146116 0.2031783 0.5111557 0.2264758 0.5300241 0.25 0.5310834 0.2284386 0.5111557 0.2264758 0.5300241 0.25 0.51 0.25 0.5111557 0.2735241 0.5342508 0.2929151 0.5310834 0.2715615 0.5111557 0.2735241 0.5394961 0.3138556 0.5342508 0.2929151 0.5146116 0.2968217 0.5394961 0.3138556 0.5203343 0.3196683 0.5282689 0.341844 0.5559986 0.3536959 0.5467688 0.3341811 0.5282689 0.341844 0.5670967 0.372212 0.5559986 0.3536959 0.5383389 0.3631352 0.5670967 0.372212 0.5504473 0.3833369 0.5644775 0.4022544 0.5944535 0.4055464 0.5799564 0.3895512 0.5644775 0.4022544 0.5944535 0.4055464 0.5802944 0.4197056 0.5977456 0.4355225 0.6277879 0.4329032 0.6104488 0.4200436 0.5977456 0.4355225 0.6277879 0.4329032 0.6166632 0.4495527 0.6368648 0.4616611 0.6463041 0.4440014 0.6368648 0.4616611 0.658156 0.4717311 0.6861444 0.4605038 0.6658189 0.4532312 0.658156 0.4717311 0.6861444 0.4605038 0.6803317 0.4796657 0.7031784 0.4853885 0.7070848 0.4657491 0.7031784 0.4853885 0.7264759 0.4888443 0.7500001 0.4699759 0.7284385 0.4689166 0.7264759 0.4888443 0 0.875 0 0.625 0.015625 0.625 0.2499999 0.4299277 0.267636 0.4290612 0.2695987 0.4489888 0.2851022 0.4264703 0.2890087 0.4461097 0.2695987 0.4489888 0.2851022 0.4264703 0.3022302 0.4221799 0.3080429 0.4413419 0.3022302 0.4221799 0.3188553 0.4162315 0.3265182 0.4347312 0.3348173 0.4086819 0.3442566 0.4263417 0.3265182 0.4347312 0.3348173 0.4086819 0.3499624 0.3996044 0.3610873 0.4162539 0.3499624 0.3996044 0.3641449 0.389086 0.3768481 0.4045648 0.377228 0.377228 0.3913873 0.3913873 0.3768481 0.4045648 0.377228 0.377228 0.3890859 0.3641449 0.4045648 0.3768481 0.3996043 0.3499625 0.4162538 0.3610872 0.4045648 0.3768481 0.3996043 0.3499625 0.408682 0.3348173 0.4263416 0.3442566 0.4162315 0.3188553 0.4347313 0.3265182 0.4263416 0.3442566 0.4162315 0.3188553 0.42218 0.3022302 0.4413419 0.3080429 0.4264703 0.2851022 0.4461098 0.2890087 0.4413419 0.3080429 0.4264703 0.2851022 0.4290612 0.267636 0.4489889 0.2695988 0.4299276 0.25 0.4499518 0.25 0.4489889 0.2695988 0.4299276 0.25 0.4290612 0.2323639 0.4489889 0.2304013 0.4264704 0.2148978 0.4461098 0.2109913 0.4489889 0.2304013 0.4264704 0.2148978 0.42218 0.1977697 0.4413419 0.1919571 0.42218 0.1977697 0.4162315 0.1811447 0.4347314 0.1734817 0.4086819 0.1651826 0.4263418 0.1557433 0.4347314 0.1734817 0.4086819 0.1651826 0.3996044 0.1500375 0.4162538 0.1389127 0.3996044 0.1500375 0.389086 0.1358551 0.4045647 0.1231519 0.3772282 0.1227719 0.3913874 0.1086127 0.4045647 0.1231519 0.3772282 0.1227719 0.3641449 0.110914 0.3768481 0.0954352 0.3499625 0.1003956 0.3610872 0.08374613 0.3768481 0.0954352 0.3499625 0.1003956 0.3348172 0.09131801 0.3442566 0.07365828 0.3188552 0.08376848 0.3265182 0.06526863 0.3442566 0.07365828 0.3188552 0.08376848 0.3022302 0.07781994 0.3080428 0.05865806 0.2851021 0.0735296 0.2890087 0.05389022 0.3080428 0.05865806 0.2851021 0.0735296 0.267636 0.07093876 0.2695987 0.05101102 0.25 0.07007235 0.25 0.05004823 0.2695987 0.05101102 0.25 0.07007235 0.232364 0.07093876 0.2304013 0.05101102 0.2148978 0.0735296 0.2109913 0.05389022 0.2304013 0.05101102 0.2148978 0.0735296 0.1977698 0.07781994 0.191957 0.05865806 0.1977698 0.07781994 0.1811447 0.08376854 0.1734817 0.06526863 0.1651826 0.09131801 0.1557433 0.07365828 0.1734817 0.06526863 0.1651826 0.09131801 0.1500376 0.1003956 0.1389127 0.08374613 0.1500376 0.1003956 0.135855 0.1109141 0.1231519 0.0954352 0.1227719 0.1227719 0.1086127 0.1086127 0.1231519 0.0954352 0.1227719 0.1227719 0.1109141 0.1358551 0.0954352 0.1231519 0.1003956 0.1500375 0.08374613 0.1389127 0.0954352 0.1231519 0.1003956 0.1500375 0.09131801 0.1651826 0.07365828 0.1557434 0.08376848 0.1811447 0.06526863 0.1734818 0.07365828 0.1557434 0.08376848 0.1811447 0.07781994 0.1977698 0.05865806 0.191957 0.0735296 0.2148978 0.05389028 0.2109913 0.05865806 0.191957 0.0735296 0.2148978 0.07093876 0.2323641 0.05101108 0.2304013 0.07007235 0.25 0.05004823 0.25 0.05101108 0.2304013 0.07007235 0.25 0.07093876 0.267636 0.05101102 0.2695987 0.0735296 0.2851021 0.05389022 0.2890087 0.05101102 0.2695987 0.0735296 0.2851021 0.07781994 0.3022302 0.05865806 0.3080429 0.07781994 0.3022302 0.08376854 0.3188554 0.06526863 0.3265181 0.09131795 0.3348174 0.07365828 0.3442567 0.06526863 0.3265181 0.09131795 0.3348174 0.1003956 0.3499624 0.08374613 0.3610874 0.1003956 0.3499624 0.110914 0.3641451 0.0954352 0.3768481 0.1227719 0.3772282 0.1086128 0.3913873 0.0954352 0.3768481 0.1227719 0.3772282 0.1358551 0.3890861 0.1231519 0.4045649 0.1500375 0.3996044 0.1389127 0.4162538 0.1231519 0.4045649 0.1500375 0.3996044 0.1651826 0.4086821 0.1557433 0.4263417 0.1811447 0.4162315 0.1734817 0.4347313 0.1557433 0.4263417 0.1811447 0.4162315 0.1977697 0.4221801 0.191957 0.4413419 0.2148978 0.4264703 0.2109913 0.4461098 0.191957 0.4413419 0.2148978 0.4264703 0.2323641 0.4290612 0.2304013 0.4489888 0.2499999 0.4299277 0.25 0.4499519 0.2304013 0.4489888 0.07365828 0.3442567 0.07365828 0.3442567 0.08374613 0.3610874 0.3442566 0.07365828 0.3442566 0.07365828 0.3265182 0.06526863 0.2890087 0.4461097 0.2890087 0.4461097 0.2695987 0.4489888 0.08374613 0.3610874 0.08374613 0.3610874 0.0954352 0.3768481 0.3080428 0.05865806 0.3080428 0.05865806 0.3265182 0.06526863 0.2890087 0.4461097 0.2890087 0.4461097 0.3080429 0.4413419 0.0954352 0.3768481 0.0954352 0.3768481 0.1086128 0.3913873 0.2890087 0.05389022 0.2890087 0.05389022 0.3080428 0.05865806 0.3080429 0.4413419 0.3080429 0.4413419 0.3265182 0.4347312 0.1086128 0.3913873 0.1086128 0.3913873 0.1231519 0.4045649 0.2695987 0.05101102 0.2695987 0.05101102 0.2890087 0.05389022 0.3265182 0.4347312 0.3265182 0.4347312 0.3442566 0.4263417 0.1231519 0.4045649 0.1231519 0.4045649 0.1389127 0.4162538 0.25 0.05004823 0.25 0.05004823 0.2695987 0.05101102 0.3442566 0.4263417 0.3442566 0.4263417 0.3610873 0.4162539 0.1389127 0.4162538 0.1389127 0.4162538 0.1557433 0.4263417 0.2304013 0.05101102 0.2304013 0.05101102 0.25 0.05004823 0.3610873 0.4162539 0.3610873 0.4162539 0.3768481 0.4045648 0.1557433 0.4263417 0.1557433 0.4263417 0.1734817 0.4347313 0.2109913 0.05389022 0.2109913 0.05389022 0.2304013 0.05101102 0.3768481 0.4045648 0.3768481 0.4045648 0.3913873 0.3913873 0.1734817 0.4347313 0.1734817 0.4347313 0.191957 0.4413419 0.191957 0.05865806 0.191957 0.05865806 0.2109913 0.05389022 0.3913873 0.3913873 0.3913873 0.3913873 0.4045648 0.3768481 0.191957 0.4413419 0.191957 0.4413419 0.2109913 0.4461098 0.1734817 0.06526863 0.1734817 0.06526863 0.191957 0.05865806 0.4045648 0.3768481 0.4045648 0.3768481 0.4162538 0.3610872 0.2109913 0.4461098 0.2109913 0.4461098 0.2304013 0.4489888 0.1557433 0.07365828 0.1557433 0.07365828 0.1734817 0.06526863 0.4162538 0.3610872 0.4162538 0.3610872 0.4263416 0.3442566 0.2304013 0.4489888 0.2304013 0.4489888 0.25 0.4499519 0.1389127 0.08374613 0.1389127 0.08374613 0.1557433 0.07365828 0.4263416 0.3442566 0.4263416 0.3442566 0.4347313 0.3265182 0.1231519 0.0954352 0.1231519 0.0954352 0.1389127 0.08374613 0.4347313 0.3265182 0.4347313 0.3265182 0.4413419 0.3080429 0.1086127 0.1086127 0.1086127 0.1086127 0.1231519 0.0954352 0.4413419 0.3080429 0.4413419 0.3080429 0.4461098 0.2890087 0.0954352 0.1231519 0.0954352 0.1231519 0.1086127 0.1086127 0.4461098 0.2890087 0.4461098 0.2890087 0.4489889 0.2695988 0.08374613 0.1389127 0.08374613 0.1389127 0.0954352 0.1231519 0.4489889 0.2695988 0.4489889 0.2695988 0.4499518 0.25 0.07365828 0.1557434 0.07365828 0.1557434 0.08374613 0.1389127 0.4499518 0.25 0.4499518 0.25 0.4489889 0.2304013 0.06526863 0.1734818 0.06526863 0.1734818 0.07365828 0.1557434 0.4489889 0.2304013 0.4489889 0.2304013 0.4461098 0.2109913 0.05865806 0.191957 0.05865806 0.191957 0.06526863 0.1734818 0.4461098 0.2109913 0.4461098 0.2109913 0.4413419 0.1919571 0.05389028 0.2109913 0.05389028 0.2109913 0.05865806 0.191957 0.4413419 0.1919571 0.4413419 0.1919571 0.4347314 0.1734817 0.05101108 0.2304013 0.05101108 0.2304013 0.05389028 0.2109913 0.4347314 0.1734817 0.4347314 0.1734817 0.4263418 0.1557433 0.05004823 0.25 0.05004823 0.25 0.05101108 0.2304013 0.4263418 0.1557433 0.4263418 0.1557433 0.4162538 0.1389127 0.05101102 0.2695987 0.05101102 0.2695987 0.05004823 0.25 0.4162538 0.1389127 0.4162538 0.1389127 0.4045647 0.1231519 0.05389022 0.2890087 0.05389022 0.2890087 0.05101102 0.2695987 0.4045647 0.1231519 0.4045647 0.1231519 0.3913874 0.1086127 0.05865806 0.3080429 0.05865806 0.3080429 0.05389022 0.2890087 0.3913874 0.1086127 0.3913874 0.1086127 0.3768481 0.0954352 0.06526863 0.3265181 0.06526863 0.3265181 0.05865806 0.3080429 0.3768481 0.0954352 0.3768481 0.0954352 0.3610872 0.08374613 0.07365828 0.3442567 0.07365828 0.3442567 0.06526863 0.3265181 0.3610872 0.08374613 0.3610872 0.08374613 0.3442566 0.07365828 0.2695987 0.4489888 0.2695987 0.4489888 0.25 0.4499519 0.03425085 0.2070848 0.03425085 0.2070848 0.03949618 0.1861444 0.4605038 0.1861444 0.4605038 0.1861444 0.4532312 0.1658188 0.03108334 0.2284385 0.03108334 0.2284385 0.03425085 0.2070848 0.4532312 0.1658188 0.4532312 0.1658188 0.4440014 0.146304 0.03002411 0.25 0.03002411 0.25 0.03108334 0.2284385 0.4440014 0.146304 0.4440014 0.146304 0.4329033 0.1277879 0.03108334 0.2715614 0.03108334 0.2715614 0.03002411 0.25 0.4329033 0.1277879 0.4329033 0.1277879 0.4200436 0.1104487 0.03425085 0.2929151 0.03425085 0.2929151 0.03108334 0.2715614 0.4200436 0.1104487 0.4200436 0.1104487 0.4055464 0.09445351 0.03949618 0.3138555 0.03949618 0.3138555 0.03425085 0.2929151 0.4055464 0.09445351 0.4055464 0.09445351 0.3895512 0.07995635 0.04676878 0.3341811 0.04676878 0.3341811 0.03949618 0.3138555 0.3895512 0.07995635 0.3895512 0.07995635 0.3722119 0.06709671 0.05599856 0.3536959 0.05599856 0.3536959 0.04676878 0.3341811 0.3722119 0.06709671 0.3722119 0.06709671 0.3536959 0.05599856 0.2715614 0.4689164 0.2715614 0.4689164 0.2499999 0.4699759 0.05599856 0.3536959 0.05599856 0.3536959 0.06709671 0.3722121 0.3341811 0.04676878 0.3341811 0.04676878 0.3536959 0.05599856 0.2715614 0.4689164 0.2715614 0.4689164 0.2929151 0.465749 0.06709671 0.3722121 0.06709671 0.3722121 0.07995629 0.3895512 0.3138555 0.03949618 0.3138555 0.03949618 0.3341811 0.04676878 0.2929151 0.465749 0.2929151 0.465749 0.3138556 0.4605038 0.07995629 0.3895512 0.07995629 0.3895512 0.09445351 0.4055464 0.2929151 0.03425085 0.2929151 0.03425085 0.3138555 0.03949618 0.3138556 0.4605038 0.3138556 0.4605038 0.3341811 0.4532312 0.09445351 0.4055464 0.09445351 0.4055464 0.1104487 0.4200437 0.2715614 0.03108334 0.2715614 0.03108334 0.2929151 0.03425085 0.3341811 0.4532312 0.3341811 0.4532312 0.3536959 0.4440014 0.1104487 0.4200437 0.1104487 0.4200437 0.1277879 0.4329032 0.25 0.03002411 0.25 0.03002411 0.2715614 0.03108334 0.3536959 0.4440014 0.3536959 0.4440014 0.3722121 0.4329033 0.1277879 0.4329032 0.1277879 0.4329032 0.1463041 0.4440012 0.2284385 0.03108334 0.2284385 0.03108334 0.25 0.03002411 0.3722121 0.4329033 0.3722121 0.4329033 0.3895513 0.4200437 0.1463041 0.4440012 0.1463041 0.4440012 0.1658188 0.453231 0.2070848 0.03425085 0.2070848 0.03425085 0.2284385 0.03108334 0.3895513 0.4200437 0.3895513 0.4200437 0.4055464 0.4055465 0.1658188 0.453231 0.1658188 0.453231 0.1861443 0.4605039 0.1861443 0.03949618 0.1861443 0.03949618 0.2070848 0.03425085 0.4055464 0.4055465 0.4055464 0.4055465 0.4200437 0.3895512 0.1861443 0.4605039 0.1861443 0.4605039 0.2070848 0.465749 0.1658188 0.04676878 0.1658188 0.04676878 0.1861443 0.03949618 0.4200437 0.3895512 0.4200437 0.3895512 0.4329032 0.372212 0.2070848 0.465749 0.2070848 0.465749 0.2284385 0.4689164 0.146304 0.05599856 0.146304 0.05599856 0.1658188 0.04676878 0.4329032 0.372212 0.4329032 0.372212 0.4440013 0.3536959 0.2284385 0.4689164 0.2284385 0.4689164 0.2499999 0.4699759 0.1277879 0.06709671 0.1277879 0.06709671 0.146304 0.05599856 0.4440013 0.3536959 0.4440013 0.3536959 0.4532312 0.3341811 0.1104487 0.07995629 0.1104487 0.07995629 0.1277879 0.06709671 0.4532312 0.3341811 0.4532312 0.3341811 0.4605038 0.3138556 0.09445357 0.09445351 0.09445357 0.09445351 0.1104487 0.07995629 0.4605038 0.3138556 0.4605038 0.3138556 0.4657492 0.2929152 0.07995629 0.1104487 0.07995629 0.1104487 0.09445357 0.09445351 0.4657492 0.2929152 0.4657492 0.2929152 0.4689166 0.2715615 0.06709671 0.1277879 0.06709671 0.1277879 0.07995629 0.1104487 0.4689166 0.2715615 0.4689166 0.2715615 0.4699759 0.25 0.05599856 0.1463041 0.05599856 0.1463041 0.06709671 0.1277879 0.4699759 0.25 0.4699759 0.25 0.4689166 0.2284386 0.04676878 0.1658189 0.04676878 0.1658189 0.05599856 0.1463041 0.4689166 0.2284386 0.4689166 0.2284386 0.465749 0.2070848 0.03949618 0.1861444 0.03949618 0.1861444 0.04676878 0.1658189 0.465749 0.2070848 0.465749 0.2070848 0.4605038 0.1861444 0.78125 0.875 0.78125 0.875 0.765625 0.875 0.59375 0.625 0.59375 0.625 0.609375 0.625 0.796875 0.875 0.796875 0.875 0.78125 0.875 0.578125 0.625 0.578125 0.625 0.59375 0.625 0.8125 0.875 0.8125 0.875 0.796875 0.875 0.5625 0.625 0.5625 0.625 0.578125 0.625 0.015625 0.875 0.015625 0.875 0 0.875 0.828125 0.875 0.828125 0.875 0.8125 0.875 0.546875 0.625 0.546875 0.625 0.5625 0.625 0.03125 0.875 0.03125 0.875 0.015625 0.875 0.84375 0.875 0.84375 0.875 0.828125 0.875 0.53125 0.625 0.53125 0.625 0.546875 0.625 0.046875 0.875 0.046875 0.875 0.03125 0.875 0.8593751 0.8750001 0.8593751 0.8750001 0.84375 0.875 0.515625 0.625 0.515625 0.625 0.53125 0.625 0.0625 0.875 0.0625 0.875 0.046875 0.875 0.875 0.875 0.875 0.875 0.8593751 0.8750001 0.5 0.625 0.5 0.625 0.515625 0.625 0.078125 0.875 0.078125 0.875 0.0625 0.875 0.890625 0.875 0.890625 0.875 0.875 0.875 0.484375 0.625 0.484375 0.625 0.5 0.625 0.09375 0.875 0.09375 0.875 0.078125 0.875 0.90625 0.875 0.90625 0.875 0.890625 0.875 0.46875 0.625 0.46875 0.625 0.484375 0.625 0.109375 0.8750001 0.109375 0.8750001 0.09375 0.875 0.921875 0.875 0.921875 0.875 0.90625 0.875 0.453125 0.625 0.453125 0.625 0.46875 0.625 0.125 0.875 0.125 0.875 0.109375 0.8750001 0.9375 0.875 0.9375 0.875 0.921875 0.875 0.4375 0.625 0.4375 0.625 0.453125 0.625 0.140625 0.875 0.140625 0.875 0.125 0.875 0.953125 0.875 0.953125 0.875 0.9375 0.875 0.421875 0.625 0.421875 0.625 0.4375 0.625 0.15625 0.875 0.15625 0.875 0.140625 0.875 0.96875 0.875 0.96875 0.875 0.953125 0.875 0.40625 0.625 0.40625 0.625 0.421875 0.625 0.171875 0.875 0.171875 0.875 0.15625 0.875 0.9843751 0.8750001 0.9843751 0.8750001 0.96875 0.875 0.390625 0.625 0.390625 0.625 0.40625 0.625 0.1875 0.875 0.1875 0.875 0.171875 0.875 1 0.875 1 0.875 0.9843751 0.8750001 0.375 0.625 0.375 0.625 0.390625 0.625 0.203125 0.875 0.203125 0.875 0.1875 0.875 0.359375 0.625 0.359375 0.625 0.375 0.625 0.21875 0.875 0.21875 0.875 0.203125 0.875 0.34375 0.625 0.34375 0.625 0.359375 0.625 0.234375 0.8750001 0.234375 0.8750001 0.21875 0.875 0.328125 0.625 0.328125 0.625 0.34375 0.625 0.25 0.875 0.25 0.875 0.234375 0.8750001 0.3125 0.625 0.3125 0.625 0.328125 0.625 0.265625 0.875 0.265625 0.875 0.25 0.875 0.296875 0.625 0.296875 0.625 0.3125 0.625 0.28125 0.875 0.28125 0.875 0.265625 0.875 0.28125 0.625 0.28125 0.625 0.296875 0.625 0.296875 0.875 0.296875 0.875 0.28125 0.875 0.265625 0.625 0.265625 0.625 0.28125 0.625 0.3125 0.875 0.3125 0.875 0.296875 0.875 0.25 0.625 0.25 0.625 0.265625 0.625 0.328125 0.875 0.328125 0.875 0.3125 0.875 0.234375 0.625 0.234375 0.625 0.25 0.625 0.34375 0.875 0.34375 0.875 0.328125 0.875 0.21875 0.625 0.21875 0.625 0.234375 0.625 0.359375 0.8750001 0.359375 0.8750001 0.34375 0.875 0.203125 0.625 0.203125 0.625 0.21875 0.625 0.375 0.875 0.375 0.875 0.359375 0.8750001 0.1875 0.625 0.1875 0.625 0.203125 0.625 0.390625 0.875 0.390625 0.875 0.375 0.875 0.9843751 0.625 0.9843751 0.625 1 0.625 0.171875 0.625 0.171875 0.625 0.1875 0.625 0.40625 0.875 0.40625 0.875 0.390625 0.875 0.96875 0.625 0.96875 0.625 0.9843751 0.625 0.15625 0.625 0.15625 0.625 0.171875 0.625 0.421875 0.875 0.421875 0.875 0.40625 0.875 0.953125 0.625 0.953125 0.625 0.96875 0.625 0.140625 0.625 0.140625 0.625 0.15625 0.625 0.4375 0.875 0.4375 0.875 0.421875 0.875 0.9375 0.625 0.9375 0.625 0.953125 0.625 0.125 0.625 0.125 0.625 0.140625 0.625 0.453125 0.875 0.453125 0.875 0.4375 0.875 0.921875 0.625 0.921875 0.625 0.9375 0.625 0.109375 0.625 0.109375 0.625 0.125 0.625 0.46875 0.875 0.46875 0.875 0.453125 0.875 0.90625 0.625 0.90625 0.625 0.921875 0.625 0.09375 0.625 0.09375 0.625 0.109375 0.625 0.484375 0.8750001 0.484375 0.8750001 0.46875 0.875 0.890625 0.625 0.890625 0.625 0.90625 0.625 0.078125 0.625 0.078125 0.625 0.09375 0.625 0.5 0.875 0.5 0.875 0.484375 0.8750001 0.875 0.625 0.875 0.625 0.890625 0.625 0.0625 0.625 0.0625 0.625 0.078125 0.625 0.515625 0.875 0.515625 0.875 0.5 0.875 0.8593751 0.625 0.8593751 0.625 0.875 0.625 0.046875 0.625 0.046875 0.625 0.0625 0.625 0.53125 0.875 0.53125 0.875 0.515625 0.875 0.84375 0.625 0.84375 0.625 0.8593751 0.625 0.03125 0.625 0.03125 0.625 0.046875 0.625 0.546875 0.875 0.546875 0.875 0.53125 0.875 0.828125 0.625 0.828125 0.625 0.84375 0.625 0.015625 0.625 0.015625 0.625 0.03125 0.625 0.5625 0.875 0.5625 0.875 0.546875 0.875 0.8125 0.625 0.8125 0.625 0.828125 0.625 0 0.625 0 0.625 0.015625 0.625 0.578125 0.875 0.578125 0.875 0.5625 0.875 0.796875 0.625 0.796875 0.625 0.8125 0.625 0.59375 0.875 0.59375 0.875 0.578125 0.875 0.78125 0.625 0.78125 0.625 0.796875 0.625 0.609375 0.8750001 0.609375 0.8750001 0.59375 0.875 0.765625 0.625 0.765625 0.625 0.78125 0.625 0.625 0.875 0.625 0.875 0.609375 0.8750001 0.75 0.625 0.75 0.625 0.765625 0.625 0.640625 0.875 0.640625 0.875 0.625 0.875 0.734375 0.625 0.734375 0.625 0.75 0.625 0.65625 0.875 0.65625 0.875 0.640625 0.875 0.71875 0.625 0.71875 0.625 0.734375 0.625 0.671875 0.875 0.671875 0.875 0.65625 0.875 0.703125 0.625 0.703125 0.625 0.71875 0.625 0.6875 0.875 0.6875 0.875 0.671875 0.875 0.6875 0.625 0.6875 0.625 0.703125 0.625 0.703125 0.875 0.703125 0.875 0.6875 0.875 0.671875 0.625 0.671875 0.625 0.6875 0.625 0.71875 0.875 0.71875 0.875 0.703125 0.875 0.65625 0.625 0.65625 0.625 0.671875 0.625 0.734375 0.8750001 0.734375 0.8750001 0.71875 0.875 0.640625 0.625 0.640625 0.625 0.65625 0.625 0.75 0.875 0.75 0.875 0.734375 0.8750001 0.625 0.625 0.625 0.625 0.640625 0.625 0.765625 0.875 0.765625 0.875 0.75 0.875 0.609375 0.625 0.609375 0.625 0.625 0.625</float_array>
          <technique_common>
            <accessor source="#Cylinder_003-mesh-map-0-array" count="6132" stride="2">
              <param name="S" type="float"/>
              <param name="T" type="float"/>
            </accessor>
          </technique_common>
        </source>
        <vertices id="Cylinder_003-mesh-vertices">
          <input semantic="POSITION" source="#Cylinder_003-mesh-positions"/>
        </vertices>
        <triangles material="White-material" count="1916">
          <input semantic="VERTEX" source="#Cylinder_003-mesh-vertices" offset="0"/>
          <input semantic="NORMAL" source="#Cylinder_003-mesh-normals" offset="1"/>
          <input semantic="TEXCOORD" source="#Cylinder_003-mesh-map-0" offset="2" set="0"/>
          <p>385 0 0 129 1 1 128 2 2 384 3 3 130 4 4 129 1 5 386 5 6 131 6 7 130 4 8 387 7 9 132 8 10 131 6 11 388 9 12 133 10 13 132 8 14 389 11 15 134 12 16 133 10 17 390 13 18 135 14 19 134 12 20 391 15 21 136 16 22 135 14 23 392 17 24 137 18 25 136 16 26 393 19 27 138 20 28 137 18 29 394 21 30 139 22 31 138 20 32 395 23 33 140 24 34 139 22 35 396 25 36 141 26 37 140 24 38 397 27 39 142 28 40 141 26 41 398 29 42 143 30 43 142 28 44 399 31 45 144 32 46 143 30 47 400 33 48 145 34 49 144 32 50 401 35 51 146 36 52 145 34 53 402 37 54 147 38 55 146 36 56 403 39 57 148 40 58 147 38 59 404 41 60 149 42 61 148 40 62 405 43 63 150 44 64 149 42 65 406 45 66 151 46 67 150 44 68 407 47 69 152 48 70 151 46 71 408 49 72 153 50 73 152 48 74 409 51 75 154 52 76 153 50 77 410 53 78 155 54 79 154 52 80 411 55 81 156 56 82 155 54 83 412 57 84 157 58 85 156 56 86 413 59 87 158 60 88 157 58 89 414 61 90 159 62 91 158 60 92 415 63 93 160 64 94 159 62 95 416 65 96 161 66 97 160 64 98 417 67 99 162 68 100 161 66 101 418 69 102 163 70 103 162 68 104 419 71 105 164 72 106 163 70 107 420 73 108 165 74 109 164 72 110 421 75 111 166 76 112 165 74 113 422 77 114 167 78 115 166 76 116 423 79 117 168 80 118 167 78 119 424 81 120 169 82 121 168 80 122 425 83 123 170 84 124 169 82 125 426 85 126 171 86 127 170 84 128 427 87 129 172 88 130 171 86 131 428 89 132 173 90 133 172 88 134 429 91 135 174 92 136 173 90 137 430 93 138 175 94 139 174 92 140 431 95 141 176 96 142 175 94 143 432 97 144 177 98 145 176 96 146 433 99 147 178 100 148 177 98 149 434 101 150 179 102 151 178 100 152 435 103 153 180 104 154 179 102 155 436 105 156 181 106 157 180 104 158 437 107 159 182 108 160 181 106 161 438 109 162 183 110 163 182 108 164 439 111 165 184 112 166 183 110 167 440 113 168 185 114 169 184 112 170 441 115 171 186 116 172 185 114 173 442 117 174 187 118 175 186 116 176 443 119 177 188 120 178 187 118 179 444 121 180 189 122 181 188 120 182 445 123 183 190 124 184 189 122 185 69 125 186 37 126 187 5 127 188 446 128 189 191 129 190 190 124 191 447 130 192 128 2 193 191 129 194 62 131 195 94 132 196 126 133 197 183 110 198 310 134 199 182 108 200 227 135 201 355 136 202 356 137 203 132 8 204 259 138 205 131 6 206 183 110 207 312 139 208 311 140 209 225 141 210 355 136 211 226 142 212 132 8 213 261 143 214 260 144 215 184 112 216 313 145 217 312 139 218 225 141 219 353 146 220 354 147 221 133 10 222 262 148 223 261 143 224 185 114 225 314 149 226 313 145 227 224 150 228 352 151 229 353 146 230 134 12 231 263 152 232 262 148 233 186 116 234 315 153 235 314 149 236 223 154 237 351 155 238 352 151 239 135 14 240 264 156 241 263 152 242 187 118 243 316 157 244 315 153 245 222 158 246 350 159 247 351 155 248 136 16 249 265 160 250 264 156 251 188 120 252 317 161 253 316 157 254 221 162 255 349 163 256 350 159 257 137 18 258 266 164 259 265 160 260 190 124 261 317 161 262 189 122 263 219 165 264 349 163 265 220 166 266 138 20 267 267 167 268 266 164 269 190 124 270 319 168 271 318 169 272 219 165 273 347 170 274 348 171 275 140 24 276 267 167 277 139 22 278 191 129 279 320 172 280 319 168 281 218 173 282 346 174 283 347 170 284 140 24 285 269 175 286 268 176 287 217 177 288 345 178 289 346 174 290 142 28 291 269 175 292 141 26 293 216 179 294 344 180 295 345 178 296 143 30 297 270 181 298 142 28 299 215 182 300 343 183 301 344 180 302 143 30 303 272 184 304 271 185 305 214 186 306 342 187 307 343 183 308 145 34 309 272 184 310 144 32 311 213 188 312 341 189 313 342 187 314 146 36 315 273 190 316 145 34 317 211 191 318 341 189 319 212 192 320 146 36 321 275 193 322 274 194 323 211 191 324 339 195 325 340 196 326 148 40 327 275 193 328 147 38 329 209 197 330 339 195 331 210 198 332 148 40 333 277 199 334 276 200 335 208 201 336 338 202 337 209 197 338 150 44 339 277 199 340 149 42 341 208 201 342 336 203 343 337 204 344 151 46 345 278 205 346 150 44 347 206 206 348 336 203 349 207 207 350 152 48 351 279 208 352 151 46 353 205 209 354 335 210 355 206 206 356 153 50 357 280 211 358 152 48 359 205 209 360 333 212 361 334 213 362 154 52 363 281 214 364 153 50 365 203 215 366 333 212 367 204 216 368 155 54 369 282 217 370 154 52 371 254 218 372 256 219 373 255 220 374 203 215 375 331 221 376 332 222 377 156 56 378 283 223 379 155 54 380 253 224 381 383 225 382 254 218 383 201 226 384 331 221 385 202 227 386 156 56 387 285 228 388 284 229 389 253 224 390 381 230 391 382 231 392 200 232 393 330 233 394 201 226 395 158 60 396 285 228 397 157 58 398 251 234 399 381 230 400 252 123 401 199 235 402 329 236 403 200 232 404 159 62 405 286 237 406 158 60 407 250 238 408 380 239 409 251 234 410 198 240 411 328 241 412 199 235 413 160 64 414 287 242 415 159 62 416 249 243 417 379 244 418 250 238 419 197 245 420 327 246 421 198 240 422 161 66 423 288 247 424 160 64 425 248 248 426 378 249 427 249 243 428 196 250 429 326 251 430 197 245 431 162 68 432 289 252 433 161 66 434 247 253 435 377 254 436 248 248 437 195 255 438 325 256 439 196 250 440 162 68 441 291 257 442 290 258 443 246 259 444 376 260 445 247 253 446 195 255 447 323 261 448 324 262 449 164 72 450 291 257 451 163 70 452 246 259 453 374 263 454 375 264 455 193 265 456 323 261 457 194 266 458 165 74 459 292 267 460 164 72 461 244 268 462 374 263 463 245 269 464 192 270 465 322 271 466 193 265 467 166 76 468 293 272 469 165 74 470 243 273 471 373 274 472 244 268 473 255 220 474 321 275 475 192 270 476 167 78 477 294 276 478 166 76 479 243 273 480 371 277 481 372 278 482 168 80 483 295 279 484 167 78 485 241 280 486 371 277 487 242 281 488 169 82 489 296 282 490 168 80 491 240 283 492 370 284 493 241 280 494 169 82 495 298 285 496 297 286 497 240 283 498 368 287 499 369 288 500 171 86 501 298 285 502 170 84 503 238 289 504 368 287 505 239 290 506 172 88 507 299 291 508 171 86 509 238 289 510 366 292 511 367 293 512 172 88 513 301 294 514 300 295 515 237 296 516 365 297 517 366 292 518 174 92 519 301 294 520 173 90 521 235 298 522 365 297 523 236 299 524 175 94 525 302 300 526 174 92 527 235 298 528 363 301 529 364 302 530 175 94 531 304 303 532 303 304 533 234 305 534 362 306 535 363 301 536 177 98 537 304 303 538 176 96 539 232 307 540 362 306 541 233 308 542 177 98 543 306 309 544 305 310 545 232 307 546 360 311 547 361 312 548 178 100 549 307 313 550 306 309 551 231 314 552 359 315 553 360 311 554 180 104 555 307 313 556 179 102 557 230 316 558 358 317 559 359 315 560 128 2 561 257 318 562 320 172 563 180 104 564 309 319 565 308 320 566 229 321 567 357 322 568 358 317 569 129 1 570 258 323 571 257 318 572 181 106 573 310 134 574 309 319 575 228 324 576 356 137 577 357 322 578 130 4 579 259 138 580 258 323 581 255 220 582 666 325 583 640 326 584 192 270 585 641 327 586 666 325 587 193 265 588 642 328 589 641 327 590 194 266 591 643 329 592 642 328 593 195 255 594 644 330 595 643 329 596 196 250 597 645 331 598 644 330 599 197 245 600 682 332 601 645 331 602 198 240 603 667 333 604 682 332 605 199 235 606 646 334 607 667 333 608 200 232 609 668 335 610 646 334 611 201 226 612 683 336 613 668 335 614 202 227 615 669 337 616 683 336 617 203 215 618 684 338 619 669 337 620 204 216 621 685 339 622 684 338 623 205 209 624 686 340 625 685 339 626 206 206 627 647 341 628 686 340 629 207 207 630 648 342 631 647 341 632 208 201 633 670 343 634 648 342 635 209 197 636 687 344 637 670 343 638 210 198 639 688 345 640 687 344 641 211 191 642 689 346 643 688 345 644 212 192 645 649 347 646 689 346 647 213 188 648 690 348 649 649 347 650 214 186 651 691 349 652 690 348 653 215 182 654 692 350 655 691 349 656 216 179 657 693 351 658 692 350 659 217 177 660 650 352 661 693 351 662 218 173 663 651 353 664 650 352 665 219 165 666 671 354 667 651 353 668 220 166 669 694 355 670 671 354 671 221 162 672 652 356 673 694 355 674 222 158 675 653 357 676 652 356 677 223 154 678 695 358 679 653 357 680 224 150 681 696 359 682 695 358 683 225 141 684 672 70 685 696 359 686 226 142 687 654 360 688 672 70 689 227 135 690 655 361 691 654 360 692 228 324 693 697 362 694 655 361 695 229 321 696 656 363 697 697 362 698 230 316 699 698 364 700 656 363 701 231 314 702 673 365 703 698 364 704 232 307 705 674 366 706 673 365 707 233 308 708 657 367 709 674 366 710 234 305 711 675 368 712 657 367 713 235 298 714 658 369 715 675 368 716 236 299 717 676 370 718 658 369 719 237 296 720 677 371 721 676 370 722 238 289 723 699 372 724 677 371 725 239 290 726 659 373 727 699 372 728 240 283 729 700 374 730 659 373 731 241 280 732 660 375 733 700 374 734 242 281 735 678 376 736 660 375 737 243 273 738 701 377 739 678 376 740 244 268 741 702 378 742 701 377 743 245 269 744 661 379 745 702 378 746 246 259 747 662 380 748 661 379 749 247 253 750 663 381 751 662 380 752 248 248 753 679 382 754 663 381 755 249 243 756 680 383 757 679 382 758 250 238 759 664 384 760 680 383 761 251 234 762 681 385 763 664 384 764 252 123 765 703 386 766 681 385 767 253 224 768 665 387 769 703 386 770 254 218 771 640 326 772 665 387 773 449 388 963 384 3 964 385 0 965 450 389 966 384 3 967 448 390 968 451 391 969 386 5 970 450 389 971 451 391 972 388 9 973 387 7 974 453 392 975 388 9 976 452 393 977 454 394 978 389 11 979 453 392 980 454 394 981 391 15 982 390 13 983 456 395 984 391 15 985 455 396 986 456 395 987 393 19 988 392 17 989 458 397 990 393 19 991 457 398 992 458 397 993 395 23 994 394 21 995 459 399 996 396 25 997 395 23 998 461 400 999 396 25 1000 460 401 1001 461 400 1002 398 29 1003 397 27 1004 462 402 1005 399 31 1006 398 29 1007 464 403 1008 399 31 1009 463 404 1010 464 403 1011 401 35 1012 400 33 1013 466 405 1014 401 35 1015 465 406 1016 467 407 1017 402 37 1018 466 405 1019 467 407 1020 404 41 1021 403 39 1022 469 408 1023 404 41 1024 468 409 1025 470 410 1026 405 43 1027 469 408 1028 470 410 1029 407 47 1030 406 45 1031 472 411 1032 407 47 1033 471 412 1034 472 411 1035 409 51 1036 408 49 1037 474 413 1038 409 51 1039 473 414 1040 474 413 1041 411 55 1042 410 53 1043 475 415 1044 412 57 1045 411 55 1046 477 416 1047 412 57 1048 476 417 1049 477 416 1050 414 61 1051 413 59 1052 478 418 1053 415 63 1054 414 61 1055 480 419 1056 415 63 1057 479 420 1058 480 419 1059 417 67 1060 416 65 1061 482 421 1062 417 67 1063 481 422 1064 483 423 1065 418 69 1066 482 421 1067 483 423 1068 420 73 1069 419 71 1070 485 424 1071 420 73 1072 484 425 1073 486 426 1074 421 75 1075 485 424 1076 486 426 1077 423 79 1078 422 77 1079 488 427 1080 423 79 1081 487 428 1082 488 427 1083 425 83 1084 424 81 1085 490 429 1086 425 83 1087 489 430 1088 490 429 1089 427 87 1090 426 85 1091 491 431 1092 428 89 1093 427 87 1094 493 432 1095 428 89 1096 492 433 1097 493 432 1098 430 93 1099 429 91 1100 494 434 1101 431 95 1102 430 93 1103 496 435 1104 431 95 1105 495 436 1106 496 435 1107 433 99 1108 432 97 1109 498 437 1110 433 99 1111 497 438 1112 499 439 1113 434 101 1114 498 437 1115 499 439 1116 436 105 1117 435 103 1118 501 440 1119 436 105 1120 500 441 1121 502 442 1122 437 107 1123 501 440 1124 502 442 1125 439 111 1126 438 109 1127 504 443 1128 439 111 1129 503 444 1130 504 443 1131 441 115 1132 440 113 1133 506 445 1134 441 115 1135 505 446 1136 506 445 1137 443 119 1138 442 117 1139 507 447 1140 444 121 1141 443 119 1142 509 448 1143 444 121 1144 508 449 1145 509 448 1146 446 128 1147 445 123 1148 510 450 1149 447 130 1150 446 128 1151 449 388 1152 447 130 1153 511 451 1154 732 452 1155 603 453 1156 731 454 1157 500 441 1158 565 455 1159 501 440 1160 449 388 1161 512 456 1162 448 390 1163 731 454 1164 602 457 1165 730 458 1166 499 439 1167 564 459 1168 500 441 1169 730 458 1170 601 460 1171 729 461 1172 498 437 1173 563 462 1174 499 439 1175 729 461 1176 600 463 1177 728 464 1178 497 438 1179 562 465 1180 498 437 1181 728 464 1182 599 466 1183 727 467 1184 496 435 1185 561 468 1186 497 438 1187 727 467 1188 598 469 1189 726 470 1190 495 436 1191 560 471 1192 496 435 1193 726 470 1194 597 472 1195 725 473 1196 494 434 1197 559 474 1198 495 436 1199 725 473 1200 596 475 1201 724 476 1202 493 432 1203 558 477 1204 494 434 1205 724 476 1206 595 478 1207 723 479 1208 492 433 1209 557 480 1210 493 432 1211 723 479 1212 594 481 1213 722 482 1214 491 431 1215 556 483 1216 492 433 1217 722 482 1218 593 484 1219 721 485 1220 490 429 1221 555 486 1222 491 431 1223 721 485 1224 592 487 1225 720 488 1226 489 430 1227 554 489 1228 490 429 1229 720 488 1230 591 490 1231 719 491 1232 488 427 1233 553 492 1234 489 430 1235 719 491 1236 590 493 1237 718 494 1238 487 428 1239 552 495 1240 488 427 1241 718 494 1242 589 496 1243 717 497 1244 486 426 1245 551 498 1246 487 428 1247 717 497 1248 588 499 1249 716 500 1250 485 424 1251 550 501 1252 486 426 1253 705 502 1254 639 503 1255 767 504 1256 716 500 1257 587 505 1258 715 506 1259 484 425 1260 549 507 1261 485 424 1262 767 504 1263 638 508 1264 766 509 1265 715 506 1266 586 510 1267 714 511 1268 483 423 1269 548 512 1270 484 425 1271 766 509 1272 637 513 1273 765 514 1274 714 511 1275 585 515 1276 713 516 1277 482 421 1278 547 517 1279 483 423 1280 765 514 1281 636 518 1282 764 519 1283 713 516 1284 584 520 1285 712 521 1286 481 422 1287 546 522 1288 482 421 1289 764 519 1290 635 523 1291 763 524 1292 712 521 1293 583 525 1294 711 526 1295 480 419 1296 545 527 1297 481 422 1298 763 524 1299 634 528 1300 762 529 1301 711 526 1302 582 530 1303 710 531 1304 479 420 1305 544 532 1306 480 419 1307 762 529 1308 633 533 1309 761 534 1310 710 531 1311 581 535 1312 709 536 1313 478 418 1314 543 537 1315 479 420 1316 761 534 1317 632 538 1318 760 539 1319 709 536 1320 580 540 1321 708 541 1322 477 416 1323 542 542 1324 478 418 1325 760 539 1326 631 543 1327 759 544 1328 708 541 1329 579 545 1330 707 546 1331 476 417 1332 541 547 1333 477 416 1334 759 544 1335 630 548 1336 758 549 1337 707 546 1338 578 550 1339 706 551 1340 475 415 1341 540 552 1342 476 417 1343 758 549 1344 629 553 1345 757 554 1346 577 555 1347 512 456 1348 513 556 1349 578 550 1350 512 456 1351 576 557 1352 579 545 1353 514 558 1354 578 550 1355 579 545 1356 516 559 1357 515 560 1358 581 535 1359 516 559 1360 580 540 1361 582 530 1362 517 561 1363 581 535 1364 582 530 1365 519 562 1366 518 563 1367 584 520 1368 519 562 1369 583 525 1370 584 520 1371 521 564 1372 520 565 1373 586 510 1374 521 564 1375 585 515 1376 586 510 1377 523 566 1378 522 567 1379 588 499 1380 523 566 1381 587 505 1382 589 496 1383 524 568 1384 588 499 1385 590 493 1386 525 569 1387 589 496 1388 590 493 1389 527 570 1390 526 571 1391 592 487 1392 527 570 1393 591 490 1394 592 487 1395 529 572 1396 528 573 1397 594 481 1398 529 572 1399 593 484 1400 595 478 1401 530 574 1402 594 481 1403 595 478 1404 532 575 1405 531 576 1406 597 472 1407 532 575 1408 596 475 1409 598 469 1410 533 577 1411 597 472 1412 598 469 1413 535 578 1414 534 579 1415 600 463 1416 535 578 1417 599 466 1418 600 463 1419 537 580 1420 536 581 1421 602 457 1422 537 580 1423 601 460 1424 602 457 1425 539 582 1426 538 583 1427 604 584 1428 539 582 1429 603 453 1430 605 585 1431 540 552 1432 604 584 1433 606 586 1434 541 547 1435 605 585 1436 606 586 1437 543 537 1438 542 542 1439 608 587 1440 543 537 1441 607 588 1442 608 587 1443 545 527 1444 544 532 1445 610 589 1446 545 527 1447 609 590 1448 611 591 1449 546 522 1450 610 589 1451 611 591 1452 548 512 1453 547 517 1454 613 592 1455 548 512 1456 612 593 1457 614 594 1458 549 507 1459 613 592 1460 614 594 1461 551 498 1462 550 501 1463 616 595 1464 551 498 1465 615 596 1466 616 595 1467 553 492 1468 552 495 1469 618 597 1470 553 492 1471 617 598 1472 618 597 1473 555 486 1474 554 489 1475 620 599 1476 555 486 1477 619 600 1478 621 601 1479 556 483 1480 620 599 1481 622 602 1482 557 480 1483 621 601 1484 622 602 1485 559 474 1486 558 477 1487 624 603 1488 559 474 1489 623 604 1490 624 603 1491 561 468 1492 560 471 1493 626 605 1494 561 468 1495 625 606 1496 627 607 1497 562 465 1498 626 605 1499 627 607 1500 564 459 1501 563 462 1502 629 553 1503 564 459 1504 628 608 1505 630 548 1506 565 455 1507 629 553 1508 630 548 1509 567 609 1510 566 610 1511 632 538 1512 567 609 1513 631 543 1514 632 538 1515 569 611 1516 568 612 1517 634 528 1518 569 611 1519 633 533 1520 634 528 1521 571 613 1522 570 614 1523 636 518 1524 571 613 1525 635 523 1526 637 513 1527 572 615 1528 636 518 1529 638 508 1530 573 616 1531 637 513 1532 638 508 1533 575 617 1534 574 618 1535 577 555 1536 575 617 1537 639 503 1538 448 390 1539 514 558 1540 450 389 1541 501 440 1542 566 610 1543 502 442 1544 733 619 1545 604 584 1546 732 452 1547 450 389 1548 515 560 1549 451 391 1550 502 442 1551 567 609 1552 503 444 1553 734 620 1554 605 585 1555 733 619 1556 451 391 1557 516 559 1558 452 393 1559 503 444 1560 568 612 1561 504 443 1562 735 621 1563 606 586 1564 734 620 1565 452 393 1566 517 561 1567 453 392 1568 504 443 1569 569 611 1570 505 446 1571 736 622 1572 607 588 1573 735 621 1574 453 392 1575 518 563 1576 454 394 1577 505 446 1578 570 614 1579 506 445 1580 737 623 1581 608 587 1582 736 622 1583 454 394 1584 519 562 1585 455 396 1586 506 445 1587 571 613 1588 507 447 1589 738 624 1590 609 590 1591 737 623 1592 455 396 1593 520 565 1594 456 395 1595 507 447 1596 572 615 1597 508 449 1598 739 625 1599 610 589 1600 738 624 1601 456 395 1602 521 564 1603 457 398 1604 508 449 1605 573 616 1606 509 448 1607 740 626 1608 611 591 1609 739 625 1610 457 398 1611 522 567 1612 458 397 1613 509 448 1614 574 618 1615 510 450 1616 741 627 1617 612 593 1618 740 626 1619 458 397 1620 523 566 1621 459 399 1622 510 450 1623 575 617 1624 511 451 1625 742 628 1626 613 592 1627 741 627 1628 459 399 1629 524 568 1630 460 401 1631 511 451 1632 513 556 1633 449 388 1634 743 629 1635 614 594 1636 742 628 1637 460 401 1638 525 569 1639 461 400 1640 744 630 1641 615 596 1642 743 629 1643 461 400 1644 526 571 1645 462 402 1646 745 631 1647 616 595 1648 744 630 1649 462 402 1650 527 570 1651 463 404 1652 746 632 1653 617 598 1654 745 631 1655 463 404 1656 528 573 1657 464 403 1658 747 633 1659 618 597 1660 746 632 1661 464 403 1662 529 572 1663 465 406 1664 748 634 1665 619 600 1666 747 633 1667 465 406 1668 530 574 1669 466 405 1670 749 635 1671 620 599 1672 748 634 1673 466 405 1674 531 576 1675 467 407 1676 750 636 1677 621 601 1678 749 635 1679 467 407 1680 532 575 1681 468 409 1682 751 637 1683 622 602 1684 750 636 1685 468 409 1686 533 577 1687 469 408 1688 752 638 1689 623 604 1690 751 637 1691 469 408 1692 534 579 1693 470 410 1694 753 639 1695 624 603 1696 752 638 1697 470 410 1698 535 578 1699 471 412 1700 754 640 1701 625 606 1702 753 639 1703 471 412 1704 536 581 1705 472 411 1706 755 641 1707 626 605 1708 754 640 1709 472 411 1710 537 580 1711 473 414 1712 756 642 1713 627 607 1714 755 641 1715 473 414 1716 538 583 1717 474 413 1718 704 643 1719 577 555 1720 705 502 1721 757 554 1722 628 608 1723 756 642 1724 474 413 1725 539 582 1726 475 415 1727 706 551 1728 576 557 1729 704 643 1730 0 644 1731 666 325 1732 2 645 1733 4 646 1734 666 325 1735 641 327 1736 6 647 1737 641 327 1738 642 328 1739 6 647 1740 643 329 1741 8 648 1742 10 649 1743 643 329 1744 644 330 1745 12 650 1746 644 330 1747 645 331 1748 12 650 1749 682 332 1750 14 651 1751 16 652 1752 682 332 1753 667 333 1754 16 652 1755 646 334 1756 18 653 1757 20 654 1758 646 334 1759 668 335 1760 20 654 1761 683 336 1762 22 655 1763 22 655 1764 669 337 1765 24 656 1766 26 657 1767 669 337 1768 684 338 1769 26 657 1770 685 339 1771 28 658 1772 28 658 1773 686 340 1774 30 659 1775 32 660 1776 686 340 1777 647 341 1778 32 660 1779 648 342 1780 34 661 1781 36 662 1782 648 342 1783 670 343 1784 38 663 1785 670 343 1786 687 344 1787 38 663 1788 688 345 1789 40 664 1790 42 665 1791 688 345 1792 689 346 1793 44 666 1794 689 346 1795 649 347 1796 44 666 1797 690 348 1798 46 667 1799 48 652 1800 690 348 1801 691 349 1802 48 652 1803 692 350 1804 50 668 1805 52 669 1806 692 350 1807 693 351 1808 52 669 1809 650 352 1810 54 670 1811 54 670 1812 651 353 1813 56 671 1814 58 672 1815 651 353 1816 671 354 1817 58 672 1818 694 355 1819 60 673 1820 60 673 1821 652 356 1822 62 131 1823 64 674 1824 652 356 1825 653 357 1826 64 674 1827 695 358 1828 66 675 1829 68 676 1830 695 358 1831 696 359 1832 70 677 1833 696 359 1834 672 70 1835 70 677 1836 654 360 1837 72 678 1838 74 679 1839 654 360 1840 655 361 1841 76 680 1842 655 361 1843 697 362 1844 76 680 1845 656 363 1846 78 681 1847 80 682 1848 656 363 1849 698 364 1850 80 682 1851 673 365 1852 82 683 1853 84 684 1854 673 365 1855 674 366 1856 84 684 1857 657 367 1858 86 685 1859 86 685 1860 675 368 1861 88 686 1862 90 687 1863 675 368 1864 658 369 1865 90 687 1866 676 370 1867 92 688 1868 92 688 1869 677 371 1870 94 132 1871 96 689 1872 677 371 1873 699 372 1874 96 689 1875 659 373 1876 98 690 1877 100 691 1878 659 373 1879 700 374 1880 102 692 1881 700 374 1882 660 375 1883 102 692 1884 678 376 1885 104 693 1886 106 694 1887 678 376 1888 701 377 1889 108 695 1890 701 377 1891 702 378 1892 108 695 1893 661 379 1894 110 696 1895 112 682 1896 661 379 1897 662 380 1898 112 682 1899 663 381 1900 114 697 1901 116 698 1902 663 381 1903 679 382 1904 116 698 1905 680 383 1906 118 699 1907 118 699 1908 664 384 1909 120 700 1910 122 701 1911 664 384 1912 681 385 1913 122 701 1914 703 386 1915 124 702 1916 124 702 1917 665 387 1918 126 133 1919 0 644 1920 665 387 1921 640 326 1922 1 703 1926 704 643 1927 705 502 1928 5 127 1929 704 643 1930 3 704 1931 5 127 1932 707 546 1933 706 551 1934 7 705 1935 708 541 1936 707 546 1937 11 706 1938 708 541 1939 9 707 1940 11 706 1941 710 531 1942 709 536 1943 13 708 1944 711 526 1945 710 531 1946 17 709 1947 711 526 1948 15 710 1949 17 709 1950 713 516 1951 712 521 1952 21 711 1953 713 516 1954 19 712 1955 21 711 1956 715 506 1957 714 511 1958 25 713 1959 715 506 1960 23 714 1961 25 713 1962 717 497 1963 716 500 1964 29 715 1965 717 497 1966 27 716 1967 29 715 1968 719 491 1969 718 494 1970 33 717 1971 719 491 1972 31 718 1973 33 717 1974 721 485 1975 720 488 1976 37 126 1977 721 485 1978 35 719 1979 37 126 1980 723 479 1981 722 482 1982 39 720 1983 724 476 1984 723 479 1985 43 721 1986 724 476 1987 41 722 1988 43 721 1989 726 470 1990 725 473 1991 45 723 1992 727 467 1993 726 470 1994 49 724 1995 727 467 1996 47 725 1997 49 724 1998 729 461 1999 728 464 2000 53 726 2001 729 461 2002 51 727 2003 53 726 2004 731 454 2005 730 458 2006 57 728 2007 731 454 2008 55 719 2009 57 728 2010 733 619 2011 732 452 2012 61 729 2013 733 619 2014 59 730 2015 61 729 2016 735 621 2017 734 620 2018 65 731 2019 735 621 2020 63 732 2021 65 731 2022 737 623 2023 736 622 2024 69 125 2025 737 623 2026 67 733 2027 69 125 2028 739 625 2029 738 624 2030 71 734 2031 740 626 2032 739 625 2033 75 735 2034 740 626 2035 73 736 2036 75 735 2037 742 628 2038 741 627 2039 77 737 2040 743 629 2041 742 628 2042 81 738 2043 743 629 2044 79 739 2045 81 738 2046 745 631 2047 744 630 2048 85 740 2049 745 631 2050 83 741 2051 85 740 2052 747 633 2053 746 632 2054 89 742 2055 747 633 2056 87 743 2057 89 742 2058 749 635 2059 748 634 2060 93 744 2061 749 635 2062 91 745 2063 93 744 2064 751 637 2065 750 636 2066 97 746 2067 751 637 2068 95 747 2069 97 746 2070 753 639 2071 752 638 2072 101 748 2073 753 639 2074 99 719 2075 101 748 2076 755 641 2077 754 640 2078 103 749 2079 756 642 2080 755 641 2081 107 750 2082 756 642 2083 105 751 2084 107 750 2085 758 549 2086 757 554 2087 109 752 2088 759 544 2089 758 549 2090 113 753 2091 759 544 2092 111 754 2093 113 753 2094 761 534 2095 760 539 2096 117 755 2097 761 534 2098 115 756 2099 117 755 2100 763 524 2101 762 529 2102 121 757 2103 763 524 2104 119 719 2105 121 757 2106 765 514 2107 764 519 2108 125 758 2109 765 514 2110 123 759 2111 125 758 2112 767 504 2113 766 509 2114 1 703 2115 767 504 2116 127 760 2117 629 553 2118 822 719 2119 630 548 2120 603 453 2121 796 719 2122 604 584 2123 578 550 2124 768 719 2125 576 557 2126 630 548 2127 823 719 2128 631 543 2129 605 585 2130 796 719 2131 604 584 2132 578 550 2133 771 719 2134 579 545 2135 631 543 2136 824 719 2137 632 538 2138 606 586 2139 797 719 2140 605 585 2141 579 545 2142 772 719 2143 580 540 2144 632 538 2145 825 719 2146 633 533 2147 607 588 2148 798 719 2149 606 586 2150 580 540 2151 773 719 2152 581 535 2153 633 533 2154 826 719 2155 634 528 2156 608 587 2157 799 719 2158 607 588 2159 581 535 2160 774 719 2161 582 530 2162 634 528 2163 827 719 2164 635 523 2165 609 590 2166 800 719 2167 608 587 2168 582 530 2169 775 719 2170 583 525 2171 635 523 2172 828 719 2173 636 518 2174 610 589 2175 801 719 2176 609 590 2177 583 525 2178 776 719 2179 584 520 2180 636 518 2181 829 719 2182 637 513 2183 611 591 2184 802 719 2185 610 589 2186 584 520 2187 777 719 2188 585 515 2189 637 513 2190 830 719 2191 638 508 2192 612 593 2193 803 719 2194 611 591 2195 585 515 2196 778 719 2197 586 510 2198 638 508 2199 831 719 2200 639 503 2201 613 592 2202 804 719 2203 612 593 2204 586 510 2205 779 719 2206 587 505 2207 639 503 2208 769 719 2209 577 555 2210 614 594 2211 805 719 2212 613 592 2213 587 505 2214 780 719 2215 588 499 2216 615 596 2217 806 719 2218 614 594 2219 588 499 2220 781 719 2221 589 496 2222 616 595 2223 807 719 2224 615 596 2225 589 496 2226 782 719 2227 590 493 2228 617 598 2229 808 719 2230 616 595 2231 590 493 2232 783 719 2233 591 490 2234 618 597 2235 809 719 2236 617 598 2237 591 490 2238 784 719 2239 592 487 2240 619 600 2241 810 719 2242 618 597 2243 592 487 2244 785 719 2245 593 484 2246 620 599 2247 811 719 2248 619 600 2249 593 484 2250 786 719 2251 594 481 2252 621 601 2253 812 719 2254 620 599 2255 594 481 2256 787 719 2257 595 478 2258 622 602 2259 813 719 2260 621 601 2261 595 478 2262 788 719 2263 596 475 2264 623 604 2265 814 719 2266 622 602 2267 596 475 2268 789 719 2269 597 472 2270 624 603 2271 815 719 2272 623 604 2273 597 472 2274 790 719 2275 598 469 2276 625 606 2277 816 719 2278 624 603 2279 598 469 2280 791 719 2281 599 466 2282 626 605 2283 817 719 2284 625 606 2285 599 466 2286 792 719 2287 600 463 2288 627 607 2289 818 719 2290 626 605 2291 600 463 2292 793 719 2293 601 460 2294 628 608 2295 819 719 2296 627 607 2297 601 460 2298 794 719 2299 602 457 2300 629 553 2301 820 719 2302 628 608 2303 602 457 2304 795 719 2305 603 453 2306 576 557 2307 769 719 2308 577 555 2309 558 477 2310 877 719 2311 557 480 2312 531 576 2313 852 719 2314 532 575 2315 559 474 2316 878 719 2317 558 477 2318 532 575 2319 853 719 2320 533 577 2321 560 471 2322 879 719 2323 559 474 2324 533 577 2325 854 719 2326 534 579 2327 561 468 2328 880 719 2329 560 471 2330 534 579 2331 855 719 2332 535 578 2333 562 465 2334 881 719 2335 561 468 2336 535 578 2337 856 719 2338 536 581 2339 563 462 2340 882 719 2341 562 465 2342 536 581 2343 857 719 2344 537 580 2345 564 459 2346 883 719 2347 563 462 2348 537 580 2349 858 719 2350 538 583 2351 565 455 2352 884 719 2353 564 459 2354 538 583 2355 859 719 2356 539 582 2357 512 456 2358 833 719 2359 513 556 2360 565 455 2361 886 719 2362 566 610 2363 540 552 2364 859 719 2365 539 582 2366 512 456 2367 834 719 2368 514 558 2369 566 610 2370 887 719 2371 567 609 2372 541 547 2373 860 719 2374 540 552 2375 514 558 2376 835 719 2377 515 560 2378 567 609 2379 888 719 2380 568 612 2381 542 542 2382 861 719 2383 541 547 2384 515 560 2385 836 719 2386 516 559 2387 568 612 2388 889 719 2389 569 611 2390 543 537 2391 862 719 2392 542 542 2393 516 559 2394 837 719 2395 517 561 2396 569 611 2397 890 719 2398 570 614 2399 544 532 2400 863 719 2401 543 537 2402 517 561 2403 838 719 2404 518 563 2405 570 614 2406 891 719 2407 571 613 2408 545 527 2409 864 719 2410 544 532 2411 518 563 2412 839 719 2413 519 562 2414 571 613 2415 892 719 2416 572 615 2417 546 522 2418 865 719 2419 545 527 2420 519 562 2421 840 719 2422 520 565 2423 572 615 2424 893 719 2425 573 616 2426 547 517 2427 866 719 2428 546 522 2429 520 565 2430 841 719 2431 521 564 2432 573 616 2433 894 719 2434 574 618 2435 548 512 2436 867 719 2437 547 517 2438 521 564 2439 842 719 2440 522 567 2441 574 618 2442 895 719 2443 575 617 2444 549 507 2445 868 719 2446 548 512 2447 522 567 2448 843 719 2449 523 566 2450 575 617 2451 833 719 2452 513 556 2453 550 501 2454 869 719 2455 549 507 2456 523 566 2457 844 719 2458 524 568 2459 551 498 2460 870 719 2461 550 501 2462 524 568 2463 845 719 2464 525 569 2465 552 495 2466 871 719 2467 551 498 2468 525 569 2469 846 719 2470 526 571 2471 553 492 2472 872 719 2473 552 495 2474 526 571 2475 847 719 2476 527 570 2477 554 489 2478 873 719 2479 553 492 2480 527 570 2481 848 719 2482 528 573 2483 555 486 2484 874 719 2485 554 489 2486 528 573 2487 849 719 2488 529 572 2489 556 483 2490 875 719 2491 555 486 2492 529 572 2493 850 719 2494 530 574 2495 557 480 2496 876 719 2497 556 483 2498 530 574 2499 851 719 2500 531 576 2501 270 181 2502 911 719 2503 271 185 2504 346 174 2505 985 719 2506 345 178 2507 269 175 2508 910 719 2509 270 181 2510 347 170 2511 986 719 2512 346 174 2513 268 176 2514 909 719 2515 269 175 2516 348 171 2517 987 719 2518 347 170 2519 319 168 2520 960 719 2521 320 172 2522 267 167 2523 908 719 2524 268 176 2525 349 163 2526 988 719 2527 348 171 2528 318 169 2529 959 719 2530 319 168 2531 266 164 2532 907 719 2533 267 167 2534 350 159 2535 989 719 2536 349 163 2537 317 161 2538 958 719 2539 318 169 2540 265 160 2541 906 719 2542 266 164 2543 351 155 2544 990 719 2545 350 159 2546 316 157 2547 957 719 2548 317 161 2549 264 156 2550 905 719 2551 265 160 2552 352 151 2553 991 719 2554 351 155 2555 315 153 2556 956 719 2557 316 157 2558 263 152 2559 904 719 2560 264 156 2561 353 146 2562 992 719 2563 352 151 2564 314 149 2565 955 719 2566 315 153 2567 262 148 2568 903 719 2569 263 152 2570 354 147 2571 993 719 2572 353 146 2573 313 145 2574 954 719 2575 314 149 2576 261 143 2577 902 719 2578 262 148 2579 355 136 2580 994 719 2581 354 147 2582 312 139 2583 953 719 2584 313 145 2585 260 144 2586 901 719 2587 261 143 2588 356 137 2589 995 719 2590 355 136 2591 311 140 2592 952 719 2593 312 139 2594 259 138 2595 900 719 2596 260 144 2597 357 322 2598 996 719 2599 356 137 2600 310 134 2601 951 719 2602 311 140 2603 258 323 2604 899 719 2605 259 138 2606 358 317 2607 997 719 2608 357 322 2609 309 319 2610 950 719 2611 310 134 2612 257 318 2613 898 719 2614 258 323 2615 359 315 2616 998 719 2617 358 317 2618 308 320 2619 949 719 2620 309 319 2621 320 172 2622 897 719 2623 257 318 2624 360 311 2625 999 719 2626 359 315 2627 307 313 2628 948 719 2629 308 320 2630 361 312 2631 1000 719 2632 360 311 2633 306 309 2634 947 719 2635 307 313 2636 362 306 2637 1001 719 2638 361 312 2639 305 310 2640 946 719 2641 306 309 2642 363 301 2643 1002 719 2644 362 306 2645 304 303 2646 945 719 2647 305 310 2648 364 302 2649 1003 719 2650 363 301 2651 303 304 2652 944 719 2653 304 303 2654 365 297 2655 1004 719 2656 364 302 2657 302 300 2658 943 719 2659 303 304 2660 366 292 2661 1005 719 2662 365 297 2663 301 294 2664 942 719 2665 302 300 2666 367 293 2667 1006 719 2668 366 292 2669 300 295 2670 941 719 2671 301 294 2672 368 287 2673 1007 719 2674 367 293 2675 299 291 2676 940 719 2677 300 295 2678 369 288 2679 1008 719 2680 368 287 2681 298 285 2682 939 719 2683 299 291 2684 370 284 2685 1009 719 2686 369 288 2687 297 286 2688 938 719 2689 298 285 2690 371 277 2691 1010 719 2692 370 284 2693 296 282 2694 937 719 2695 297 286 2696 372 278 2697 1011 719 2698 371 277 2699 295 279 2700 936 719 2701 296 282 2702 321 275 2703 896 719 2704 256 219 2705 373 274 2706 1012 719 2707 372 278 2708 294 276 2709 935 719 2710 295 279 2711 322 271 2712 961 719 2713 321 275 2714 374 263 2715 1013 719 2716 373 274 2717 293 272 2718 934 719 2719 294 276 2720 323 261 2721 962 719 2722 322 271 2723 375 264 2724 1014 719 2725 374 263 2726 292 267 2727 933 719 2728 293 272 2729 324 262 2730 963 719 2731 323 261 2732 376 260 2733 1015 719 2734 375 264 2735 291 257 2736 932 719 2737 292 267 2738 325 256 2739 964 719 2740 324 262 2741 377 254 2742 1016 719 2743 376 260 2744 290 258 2745 931 719 2746 291 257 2747 326 251 2748 965 719 2749 325 256 2750 378 249 2751 1017 719 2752 377 254 2753 289 252 2754 930 719 2755 290 258 2756 327 246 2757 966 719 2758 326 251 2759 379 244 2760 1018 719 2761 378 249 2762 288 247 2763 929 719 2764 289 252 2765 328 241 2766 967 719 2767 327 246 2768 380 239 2769 1019 719 2770 379 244 2771 287 242 2772 928 719 2773 288 247 2774 329 236 2775 968 719 2776 328 241 2777 381 230 2778 1020 719 2779 380 239 2780 286 237 2781 927 719 2782 287 242 2783 330 233 2784 969 719 2785 329 236 2786 382 231 2787 1021 719 2788 381 230 2789 285 228 2790 926 719 2791 286 237 2792 331 221 2793 970 719 2794 330 233 2795 383 225 2796 1022 719 2797 382 231 2798 284 229 2799 925 719 2800 285 228 2801 332 222 2802 971 719 2803 331 221 2804 256 219 2805 1023 719 2806 383 225 2807 283 223 2808 924 719 2809 284 229 2810 333 212 2811 972 719 2812 332 222 2813 282 217 2814 923 719 2815 283 223 2816 334 213 2817 973 719 2818 333 212 2819 281 214 2820 922 719 2821 282 217 2822 335 210 2823 974 719 2824 334 213 2825 280 211 2826 921 719 2827 281 214 2828 336 203 2829 975 719 2830 335 210 2831 279 208 2832 920 719 2833 280 211 2834 337 204 2835 976 719 2836 336 203 2837 278 205 2838 919 719 2839 279 208 2840 338 202 2841 977 719 2842 337 204 2843 277 199 2844 918 719 2845 278 205 2846 339 195 2847 978 719 2848 338 202 2849 276 200 2850 917 719 2851 277 199 2852 340 196 2853 979 719 2854 339 195 2855 275 193 2856 916 719 2857 276 200 2858 341 189 2859 980 719 2860 340 196 2861 274 194 2862 915 719 2863 275 193 2864 342 187 2865 981 719 2866 341 189 2867 273 190 2868 914 719 2869 274 194 2870 343 183 2871 982 719 2872 342 187 2873 272 184 2874 913 719 2875 273 190 2876 344 180 2877 983 719 2878 343 183 2879 271 185 2880 912 719 2881 272 184 2882 345 178 2883 984 719 2884 344 180 2885 385 0 2886 384 3 2887 129 1 2888 384 3 2889 386 5 2890 130 4 2891 386 5 2892 387 7 2893 131 6 2894 387 7 2895 388 9 2896 132 8 2897 388 9 2898 389 11 2899 133 10 2900 389 11 2901 390 13 2902 134 12 2903 390 13 2904 391 15 2905 135 14 2906 391 15 2907 392 17 2908 136 16 2909 392 17 2910 393 19 2911 137 18 2912 393 19 2913 394 21 2914 138 20 2915 394 21 2916 395 23 2917 139 22 2918 395 23 2919 396 25 2920 140 24 2921 396 25 2922 397 27 2923 141 26 2924 397 27 2925 398 29 2926 142 28 2927 398 29 2928 399 31 2929 143 30 2930 399 31 2931 400 33 2932 144 32 2933 400 33 2934 401 35 2935 145 34 2936 401 35 2937 402 37 2938 146 36 2939 402 37 2940 403 39 2941 147 38 2942 403 39 2943 404 41 2944 148 40 2945 404 41 2946 405 43 2947 149 42 2948 405 43 2949 406 45 2950 150 44 2951 406 45 2952 407 47 2953 151 46 2954 407 47 2955 408 49 2956 152 48 2957 408 49 2958 409 51 2959 153 50 2960 409 51 2961 410 53 2962 154 52 2963 410 53 2964 411 55 2965 155 54 2966 411 55 2967 412 57 2968 156 56 2969 412 57 2970 413 59 2971 157 58 2972 413 59 2973 414 61 2974 158 60 2975 414 61 2976 415 63 2977 159 62 2978 415 63 2979 416 65 2980 160 64 2981 416 65 2982 417 67 2983 161 66 2984 417 67 2985 418 69 2986 162 68 2987 418 69 2988 419 71 2989 163 70 2990 419 71 2991 420 73 2992 164 72 2993 420 73 2994 421 75 2995 165 74 2996 421 75 2997 422 77 2998 166 76 2999 422 77 3000 423 79 3001 167 78 3002 423 79 3003 424 81 3004 168 80 3005 424 81 3006 425 83 3007 169 82 3008 425 83 3009 426 85 3010 170 84 3011 426 85 3012 427 87 3013 171 86 3014 427 87 3015 428 89 3016 172 88 3017 428 89 3018 429 91 3019 173 90 3020 429 91 3021 430 93 3022 174 92 3023 430 93 3024 431 95 3025 175 94 3026 431 95 3027 432 97 3028 176 96 3029 432 97 3030 433 99 3031 177 98 3032 433 99 3033 434 101 3034 178 100 3035 434 101 3036 435 103 3037 179 102 3038 435 103 3039 436 105 3040 180 104 3041 436 105 3042 437 107 3043 181 106 3044 437 107 3045 438 109 3046 182 108 3047 438 109 3048 439 111 3049 183 110 3050 439 111 3051 440 113 3052 184 112 3053 440 113 3054 441 115 3055 185 114 3056 441 115 3057 442 117 3058 186 116 3059 442 117 3060 443 119 3061 187 118 3062 443 119 3063 444 121 3064 188 120 3065 444 121 3066 445 123 3067 189 122 3068 445 123 3069 446 128 3070 190 124 3071 5 127 3072 3 704 3073 1 703 3074 1 703 3075 127 760 3076 125 758 3077 125 758 3078 123 759 3079 121 757 3080 121 757 3081 119 719 3082 125 758 3083 119 719 3084 117 755 3085 125 758 3086 117 755 3087 115 756 3088 113 753 3089 113 753 3090 111 754 3091 117 755 3092 111 754 3093 109 752 3094 117 755 3095 109 752 3096 107 750 3097 105 751 3098 105 751 3099 103 749 3100 101 748 3101 101 748 3102 99 719 3103 97 746 3104 97 746 3105 95 747 3106 93 744 3107 93 744 3108 91 745 3109 89 742 3110 89 742 3111 87 743 3112 93 744 3113 87 743 3114 85 740 3115 93 744 3116 85 740 3117 83 741 3118 81 738 3119 81 738 3120 79 739 3121 85 740 3122 79 739 3123 77 737 3124 85 740 3125 77 737 3126 75 735 3127 73 736 3128 73 736 3129 71 734 3130 69 125 3131 69 125 3132 67 733 3133 65 731 3134 65 731 3135 63 732 3136 61 729 3137 61 729 3138 59 730 3139 57 728 3140 57 728 3141 55 719 3142 61 729 3143 55 719 3144 53 726 3145 61 729 3146 53 726 3147 51 727 3148 49 724 3149 49 724 3150 47 725 3151 53 726 3152 47 725 3153 45 723 3154 53 726 3155 45 723 3156 43 721 3157 41 722 3158 41 722 3159 39 720 3160 37 126 3161 37 126 3162 35 719 3163 33 717 3164 33 717 3165 31 718 3166 29 715 3167 29 715 3168 27 716 3169 25 713 3170 25 713 3171 23 714 3172 29 715 3173 23 714 3174 21 711 3175 29 715 3176 21 711 3177 19 712 3178 17 709 3179 17 709 3180 15 710 3181 21 711 3182 15 710 3183 13 708 3184 21 711 3185 13 708 3186 11 706 3187 9 707 3188 9 707 3189 7 705 3190 5 127 3191 5 127 3192 1 703 3193 117 755 3194 1 703 3195 125 758 3196 117 755 3197 109 752 3198 105 751 3199 117 755 3200 105 751 3201 101 748 3202 117 755 3203 101 748 3204 97 746 3205 85 740 3206 97 746 3207 93 744 3208 85 740 3209 77 737 3210 73 736 3211 85 740 3212 73 736 3213 69 125 3214 85 740 3215 69 125 3216 65 731 3217 53 726 3218 65 731 3219 61 729 3220 53 726 3221 45 723 3222 41 722 3223 53 726 3224 41 722 3225 37 126 3226 53 726 3227 37 126 3228 33 717 3229 21 711 3230 33 717 3231 29 715 3232 21 711 3233 13 708 3234 9 707 3235 21 711 3236 9 707 3237 5 127 3238 21 711 3239 5 127 3240 117 755 3241 101 748 3242 101 748 3243 85 740 3244 69 125 3245 69 125 3246 53 726 3247 37 126 3248 37 126 3249 21 711 3250 5 127 3251 5 127 3252 101 748 3253 69 125 3254 446 128 3255 447 130 3256 191 129 3257 447 130 3258 385 0 3259 128 2 3260 126 133 3261 0 644 3262 2 645 3263 2 645 3264 4 646 3265 6 647 3266 6 647 3267 8 648 3268 14 651 3269 8 648 3270 10 649 3271 14 651 3272 10 649 3273 12 650 3274 14 651 3275 14 651 3276 16 652 3277 18 653 3278 18 653 3279 20 654 3280 22 655 3281 22 655 3282 24 656 3283 30 659 3284 24 656 3285 26 657 3286 30 659 3287 26 657 3288 28 658 3289 30 659 3290 30 659 3291 32 660 3292 34 661 3293 34 661 3294 36 662 3295 38 663 3296 38 663 3297 40 664 3298 46 667 3299 40 664 3300 42 665 3301 46 667 3302 42 665 3303 44 666 3304 46 667 3305 46 667 3306 48 652 3307 50 668 3308 50 668 3309 52 669 3310 54 670 3311 54 670 3312 56 671 3313 62 131 3314 56 671 3315 58 672 3316 62 131 3317 58 672 3318 60 673 3319 62 131 3320 62 131 3321 64 674 3322 66 675 3323 66 675 3324 68 676 3325 70 677 3326 70 677 3327 72 678 3328 78 681 3329 72 678 3330 74 679 3331 78 681 3332 74 679 3333 76 680 3334 78 681 3335 78 681 3336 80 682 3337 82 683 3338 82 683 3339 84 684 3340 86 685 3341 86 685 3342 88 686 3343 94 132 3344 88 686 3345 90 687 3346 94 132 3347 90 687 3348 92 688 3349 94 132 3350 94 132 3351 96 689 3352 98 690 3353 98 690 3354 100 691 3355 102 692 3356 102 692 3357 104 693 3358 110 696 3359 104 693 3360 106 694 3361 110 696 3362 106 694 3363 108 695 3364 110 696 3365 110 696 3366 112 682 3367 114 697 3368 114 697 3369 116 698 3370 118 699 3371 118 699 3372 120 700 3373 126 133 3374 120 700 3375 122 701 3376 126 133 3377 122 701 3378 124 702 3379 126 133 3380 126 133 3381 2 645 3382 14 651 3383 2 645 3384 6 647 3385 14 651 3386 14 651 3387 18 653 3388 22 655 3389 30 659 3390 34 661 3391 46 667 3392 34 661 3393 38 663 3394 46 667 3395 46 667 3396 50 668 3397 54 670 3398 62 131 3399 66 675 3400 78 681 3401 66 675 3402 70 677 3403 78 681 3404 78 681 3405 82 683 3406 86 685 3407 94 132 3408 98 690 3409 110 696 3410 98 690 3411 102 692 3412 110 696 3413 110 696 3414 114 697 3415 118 699 3416 14 651 3417 22 655 3418 30 659 3419 46 667 3420 54 670 3421 62 131 3422 78 681 3423 86 685 3424 94 132 3425 110 696 3426 118 699 3427 126 133 3428 126 133 3429 14 651 3430 30 659 3431 30 659 3432 46 667 3433 62 131 3434 62 131 3435 78 681 3436 94 132 3437 94 132 3438 110 696 3439 126 133 3440 126 133 3441 30 659 3442 62 131 3443 183 110 3444 311 140 3445 310 134 3446 227 135 3447 226 142 3448 355 136 3449 132 8 3450 260 144 3451 259 138 3452 183 110 3453 184 112 3454 312 139 3455 225 141 3456 354 147 3457 355 136 3458 132 8 3459 133 10 3460 261 143 3461 184 112 3462 185 114 3463 313 145 3464 225 141 3465 224 150 3466 353 146 3467 133 10 3468 134 12 3469 262 148 3470 185 114 3471 186 116 3472 314 149 3473 224 150 3474 223 154 3475 352 151 3476 134 12 3477 135 14 3478 263 152 3479 186 116 3480 187 118 3481 315 153 3482 223 154 3483 222 158 3484 351 155 3485 135 14 3486 136 16 3487 264 156 3488 187 118 3489 188 120 3490 316 157 3491 222 158 3492 221 162 3493 350 159 3494 136 16 3495 137 18 3496 265 160 3497 188 120 3498 189 122 3499 317 161 3500 221 162 3501 220 166 3502 349 163 3503 137 18 3504 138 20 3505 266 164 3506 190 124 3507 318 169 3508 317 161 3509 219 165 3510 348 171 3511 349 163 3512 138 20 3513 139 22 3514 267 167 3515 190 124 3516 191 129 3517 319 168 3518 219 165 3519 218 173 3520 347 170 3521 140 24 3522 268 176 3523 267 167 3524 191 129 3525 128 2 3526 320 172 3527 218 173 3528 217 177 3529 346 174 3530 140 24 3531 141 26 3532 269 175 3533 217 177 3534 216 179 3535 345 178 3536 142 28 3537 270 181 3538 269 175 3539 216 179 3540 215 182 3541 344 180 3542 143 30 3543 271 185 3544 270 181 3545 215 182 3546 214 186 3547 343 183 3548 143 30 3549 144 32 3550 272 184 3551 214 186 3552 213 188 3553 342 187 3554 145 34 3555 273 190 3556 272 184 3557 213 188 3558 212 192 3559 341 189 3560 146 36 3561 274 194 3562 273 190 3563 211 191 3564 340 196 3565 341 189 3566 146 36 3567 147 38 3568 275 193 3569 211 191 3570 210 198 3571 339 195 3572 148 40 3573 276 200 3574 275 193 3575 209 197 3576 338 202 3577 339 195 3578 148 40 3579 149 42 3580 277 199 3581 208 201 3582 337 204 3583 338 202 3584 150 44 3585 278 205 3586 277 199 3587 208 201 3588 207 207 3589 336 203 3590 151 46 3591 279 208 3592 278 205 3593 206 206 3594 335 210 3595 336 203 3596 152 48 3597 280 211 3598 279 208 3599 205 209 3600 334 213 3601 335 210 3602 153 50 3603 281 214 3604 280 211 3605 205 209 3606 204 216 3607 333 212 3608 154 52 3609 282 217 3610 281 214 3611 203 215 3612 332 222 3613 333 212 3614 155 54 3615 283 223 3616 282 217 3617 254 218 3618 383 225 3619 256 219 3620 203 215 3621 202 227 3622 331 221 3623 156 56 3624 284 229 3625 283 223 3626 253 224 3627 382 231 3628 383 225 3629 201 226 3630 330 233 3631 331 221 3632 156 56 3633 157 58 3634 285 228 3635 253 224 3636 252 123 3637 381 230 3638 200 232 3639 329 236 3640 330 233 3641 158 60 3642 286 237 3643 285 228 3644 251 234 3645 380 239 3646 381 230 3647 199 235 3648 328 241 3649 329 236 3650 159 62 3651 287 242 3652 286 237 3653 250 238 3654 379 244 3655 380 239 3656 198 240 3657 327 246 3658 328 241 3659 160 64 3660 288 247 3661 287 242 3662 249 243 3663 378 249 3664 379 244 3665 197 245 3666 326 251 3667 327 246 3668 161 66 3669 289 252 3670 288 247 3671 248 248 3672 377 254 3673 378 249 3674 196 250 3675 325 256 3676 326 251 3677 162 68 3678 290 258 3679 289 252 3680 247 253 3681 376 260 3682 377 254 3683 195 255 3684 324 262 3685 325 256 3686 162 68 3687 163 70 3688 291 257 3689 246 259 3690 375 264 3691 376 260 3692 195 255 3693 194 266 3694 323 261 3695 164 72 3696 292 267 3697 291 257 3698 246 259 3699 245 269 3700 374 263 3701 193 265 3702 322 271 3703 323 261 3704 165 74 3705 293 272 3706 292 267 3707 244 268 3708 373 274 3709 374 263 3710 192 270 3711 321 275 3712 322 271 3713 166 76 3714 294 276 3715 293 272 3716 243 273 3717 372 278 3718 373 274 3719 255 220 3720 256 219 3721 321 275 3722 167 78 3723 295 279 3724 294 276 3725 243 273 3726 242 281 3727 371 277 3728 168 80 3729 296 282 3730 295 279 3731 241 280 3732 370 284 3733 371 277 3734 169 82 3735 297 286 3736 296 282 3737 240 283 3738 369 288 3739 370 284 3740 169 82 3741 170 84 3742 298 285 3743 240 283 3744 239 290 3745 368 287 3746 171 86 3747 299 291 3748 298 285 3749 238 289 3750 367 293 3751 368 287 3752 172 88 3753 300 295 3754 299 291 3755 238 289 3756 237 296 3757 366 292 3758 172 88 3759 173 90 3760 301 294 3761 237 296 3762 236 299 3763 365 297 3764 174 92 3765 302 300 3766 301 294 3767 235 298 3768 364 302 3769 365 297 3770 175 94 3771 303 304 3772 302 300 3773 235 298 3774 234 305 3775 363 301 3776 175 94 3777 176 96 3778 304 303 3779 234 305 3780 233 308 3781 362 306 3782 177 98 3783 305 310 3784 304 303 3785 232 307 3786 361 312 3787 362 306 3788 177 98 3789 178 100 3790 306 309 3791 232 307 3792 231 314 3793 360 311 3794 178 100 3795 179 102 3796 307 313 3797 231 314 3798 230 316 3799 359 315 3800 180 104 3801 308 320 3802 307 313 3803 230 316 3804 229 321 3805 358 317 3806 128 2 3807 129 1 3808 257 318 3809 180 104 3810 181 106 3811 309 319 3812 229 321 3813 228 324 3814 357 322 3815 129 1 3816 130 4 3817 258 323 3818 181 106 3819 182 108 3820 310 134 3821 228 324 3822 227 135 3823 356 137 3824 130 4 3825 131 6 3826 259 138 3827 255 220 3828 192 270 3829 666 325 3830 192 270 3831 193 265 3832 641 327 3833 193 265 3834 194 266 3835 642 328 3836 194 266 3837 195 255 3838 643 329 3839 195 255 3840 196 250 3841 644 330 3842 196 250 3843 197 245 3844 645 331 3845 197 245 3846 198 240 3847 682 332 3848 198 240 3849 199 235 3850 667 333 3851 199 235 3852 200 232 3853 646 334 3854 200 232 3855 201 226 3856 668 335 3857 201 226 3858 202 227 3859 683 336 3860 202 227 3861 203 215 3862 669 337 3863 203 215 3864 204 216 3865 684 338 3866 204 216 3867 205 209 3868 685 339 3869 205 209 3870 206 206 3871 686 340 3872 206 206 3873 207 207 3874 647 341 3875 207 207 3876 208 201 3877 648 342 3878 208 201 3879 209 197 3880 670 343 3881 209 197 3882 210 198 3883 687 344 3884 210 198 3885 211 191 3886 688 345 3887 211 191 3888 212 192 3889 689 346 3890 212 192 3891 213 188 3892 649 347 3893 213 188 3894 214 186 3895 690 348 3896 214 186 3897 215 182 3898 691 349 3899 215 182 3900 216 179 3901 692 350 3902 216 179 3903 217 177 3904 693 351 3905 217 177 3906 218 173 3907 650 352 3908 218 173 3909 219 165 3910 651 353 3911 219 165 3912 220 166 3913 671 354 3914 220 166 3915 221 162 3916 694 355 3917 221 162 3918 222 158 3919 652 356 3920 222 158 3921 223 154 3922 653 357 3923 223 154 3924 224 150 3925 695 358 3926 224 150 3927 225 141 3928 696 359 3929 225 141 3930 226 142 3931 672 70 3932 226 142 3933 227 135 3934 654 360 3935 227 135 3936 228 324 3937 655 361 3938 228 324 3939 229 321 3940 697 362 3941 229 321 3942 230 316 3943 656 363 3944 230 316 3945 231 314 3946 698 364 3947 231 314 3948 232 307 3949 673 365 3950 232 307 3951 233 308 3952 674 366 3953 233 308 3954 234 305 3955 657 367 3956 234 305 3957 235 298 3958 675 368 3959 235 298 3960 236 299 3961 658 369 3962 236 299 3963 237 296 3964 676 370 3965 237 296 3966 238 289 3967 677 371 3968 238 289 3969 239 290 3970 699 372 3971 239 290 3972 240 283 3973 659 373 3974 240 283 3975 241 280 3976 700 374 3977 241 280 3978 242 281 3979 660 375 3980 242 281 3981 243 273 3982 678 376 3983 243 273 3984 244 268 3985 701 377 3986 244 268 3987 245 269 3988 702 378 3989 245 269 3990 246 259 3991 661 379 3992 246 259 3993 247 253 3994 662 380 3995 247 253 3996 248 248 3997 663 381 3998 248 248 3999 249 243 4000 679 382 4001 249 243 4002 250 238 4003 680 383 4004 250 238 4005 251 234 4006 664 384 4007 251 234 4008 252 123 4009 681 385 4010 252 123 4011 253 224 4012 703 386 4013 253 224 4014 254 218 4015 665 387 4016 254 218 4017 255 220 4018 640 326 4019 449 388 4209 448 390 4210 384 3 4211 450 389 4212 386 5 4213 384 3 4214 451 391 4215 387 7 4216 386 5 4217 451 391 4218 452 393 4219 388 9 4220 453 392 4221 389 11 4222 388 9 4223 454 394 4224 390 13 4225 389 11 4226 454 394 4227 455 396 4228 391 15 4229 456 395 4230 392 17 4231 391 15 4232 456 395 4233 457 398 4234 393 19 4235 458 397 4236 394 21 4237 393 19 4238 458 397 4239 459 399 4240 395 23 4241 459 399 4242 460 401 4243 396 25 4244 461 400 4245 397 27 4246 396 25 4247 461 400 4248 462 402 4249 398 29 4250 462 402 4251 463 404 4252 399 31 4253 464 403 4254 400 33 4255 399 31 4256 464 403 4257 465 406 4258 401 35 4259 466 405 4260 402 37 4261 401 35 4262 467 407 4263 403 39 4264 402 37 4265 467 407 4266 468 409 4267 404 41 4268 469 408 4269 405 43 4270 404 41 4271 470 410 4272 406 45 4273 405 43 4274 470 410 4275 471 412 4276 407 47 4277 472 411 4278 408 49 4279 407 47 4280 472 411 4281 473 414 4282 409 51 4283 474 413 4284 410 53 4285 409 51 4286 474 413 4287 475 415 4288 411 55 4289 475 415 4290 476 417 4291 412 57 4292 477 416 4293 413 59 4294 412 57 4295 477 416 4296 478 418 4297 414 61 4298 478 418 4299 479 420 4300 415 63 4301 480 419 4302 416 65 4303 415 63 4304 480 419 4305 481 422 4306 417 67 4307 482 421 4308 418 69 4309 417 67 4310 483 423 4311 419 71 4312 418 69 4313 483 423 4314 484 425 4315 420 73 4316 485 424 4317 421 75 4318 420 73 4319 486 426 4320 422 77 4321 421 75 4322 486 426 4323 487 428 4324 423 79 4325 488 427 4326 424 81 4327 423 79 4328 488 427 4329 489 430 4330 425 83 4331 490 429 4332 426 85 4333 425 83 4334 490 429 4335 491 431 4336 427 87 4337 491 431 4338 492 433 4339 428 89 4340 493 432 4341 429 91 4342 428 89 4343 493 432 4344 494 434 4345 430 93 4346 494 434 4347 495 436 4348 431 95 4349 496 435 4350 432 97 4351 431 95 4352 496 435 4353 497 438 4354 433 99 4355 498 437 4356 434 101 4357 433 99 4358 499 439 4359 435 103 4360 434 101 4361 499 439 4362 500 441 4363 436 105 4364 501 440 4365 437 107 4366 436 105 4367 502 442 4368 438 109 4369 437 107 4370 502 442 4371 503 444 4372 439 111 4373 504 443 4374 440 113 4375 439 111 4376 504 443 4377 505 446 4378 441 115 4379 506 445 4380 442 117 4381 441 115 4382 506 445 4383 507 447 4384 443 119 4385 507 447 4386 508 449 4387 444 121 4388 509 448 4389 445 123 4390 444 121 4391 509 448 4392 510 450 4393 446 128 4394 510 450 4395 511 451 4396 447 130 4397 449 388 4398 385 0 4399 447 130 4400 732 452 4401 604 584 4402 603 453 4403 500 441 4404 564 459 4405 565 455 4406 449 388 4407 513 556 4408 512 456 4409 731 454 4410 603 453 4411 602 457 4412 499 439 4413 563 462 4414 564 459 4415 730 458 4416 602 457 4417 601 460 4418 498 437 4419 562 465 4420 563 462 4421 729 461 4422 601 460 4423 600 463 4424 497 438 4425 561 468 4426 562 465 4427 728 464 4428 600 463 4429 599 466 4430 496 435 4431 560 471 4432 561 468 4433 727 467 4434 599 466 4435 598 469 4436 495 436 4437 559 474 4438 560 471 4439 726 470 4440 598 469 4441 597 472 4442 494 434 4443 558 477 4444 559 474 4445 725 473 4446 597 472 4447 596 475 4448 493 432 4449 557 480 4450 558 477 4451 724 476 4452 596 475 4453 595 478 4454 492 433 4455 556 483 4456 557 480 4457 723 479 4458 595 478 4459 594 481 4460 491 431 4461 555 486 4462 556 483 4463 722 482 4464 594 481 4465 593 484 4466 490 429 4467 554 489 4468 555 486 4469 721 485 4470 593 484 4471 592 487 4472 489 430 4473 553 492 4474 554 489 4475 720 488 4476 592 487 4477 591 490 4478 488 427 4479 552 495 4480 553 492 4481 719 491 4482 591 490 4483 590 493 4484 487 428 4485 551 498 4486 552 495 4487 718 494 4488 590 493 4489 589 496 4490 486 426 4491 550 501 4492 551 498 4493 717 497 4494 589 496 4495 588 499 4496 485 424 4497 549 507 4498 550 501 4499 705 502 4500 577 555 4501 639 503 4502 716 500 4503 588 499 4504 587 505 4505 484 425 4506 548 512 4507 549 507 4508 767 504 4509 639 503 4510 638 508 4511 715 506 4512 587 505 4513 586 510 4514 483 423 4515 547 517 4516 548 512 4517 766 509 4518 638 508 4519 637 513 4520 714 511 4521 586 510 4522 585 515 4523 482 421 4524 546 522 4525 547 517 4526 765 514 4527 637 513 4528 636 518 4529 713 516 4530 585 515 4531 584 520 4532 481 422 4533 545 527 4534 546 522 4535 764 519 4536 636 518 4537 635 523 4538 712 521 4539 584 520 4540 583 525 4541 480 419 4542 544 532 4543 545 527 4544 763 524 4545 635 523 4546 634 528 4547 711 526 4548 583 525 4549 582 530 4550 479 420 4551 543 537 4552 544 532 4553 762 529 4554 634 528 4555 633 533 4556 710 531 4557 582 530 4558 581 535 4559 478 418 4560 542 542 4561 543 537 4562 761 534 4563 633 533 4564 632 538 4565 709 536 4566 581 535 4567 580 540 4568 477 416 4569 541 547 4570 542 542 4571 760 539 4572 632 538 4573 631 543 4574 708 541 4575 580 540 4576 579 545 4577 476 417 4578 540 552 4579 541 547 4580 759 544 4581 631 543 4582 630 548 4583 707 546 4584 579 545 4585 578 550 4586 475 415 4587 539 582 4588 540 552 4589 758 549 4590 630 548 4591 629 553 4592 577 555 4593 576 557 4594 512 456 4595 578 550 4596 514 558 4597 512 456 4598 579 545 4599 515 560 4600 514 558 4601 579 545 4602 580 540 4603 516 559 4604 581 535 4605 517 561 4606 516 559 4607 582 530 4608 518 563 4609 517 561 4610 582 530 4611 583 525 4612 519 562 4613 584 520 4614 520 565 4615 519 562 4616 584 520 4617 585 515 4618 521 564 4619 586 510 4620 522 567 4621 521 564 4622 586 510 4623 587 505 4624 523 566 4625 588 499 4626 524 568 4627 523 566 4628 589 496 4629 525 569 4630 524 568 4631 590 493 4632 526 571 4633 525 569 4634 590 493 4635 591 490 4636 527 570 4637 592 487 4638 528 573 4639 527 570 4640 592 487 4641 593 484 4642 529 572 4643 594 481 4644 530 574 4645 529 572 4646 595 478 4647 531 576 4648 530 574 4649 595 478 4650 596 475 4651 532 575 4652 597 472 4653 533 577 4654 532 575 4655 598 469 4656 534 579 4657 533 577 4658 598 469 4659 599 466 4660 535 578 4661 600 463 4662 536 581 4663 535 578 4664 600 463 4665 601 460 4666 537 580 4667 602 457 4668 538 583 4669 537 580 4670 602 457 4671 603 453 4672 539 582 4673 604 584 4674 540 552 4675 539 582 4676 605 585 4677 541 547 4678 540 552 4679 606 586 4680 542 542 4681 541 547 4682 606 586 4683 607 588 4684 543 537 4685 608 587 4686 544 532 4687 543 537 4688 608 587 4689 609 590 4690 545 527 4691 610 589 4692 546 522 4693 545 527 4694 611 591 4695 547 517 4696 546 522 4697 611 591 4698 612 593 4699 548 512 4700 613 592 4701 549 507 4702 548 512 4703 614 594 4704 550 501 4705 549 507 4706 614 594 4707 615 596 4708 551 498 4709 616 595 4710 552 495 4711 551 498 4712 616 595 4713 617 598 4714 553 492 4715 618 597 4716 554 489 4717 553 492 4718 618 597 4719 619 600 4720 555 486 4721 620 599 4722 556 483 4723 555 486 4724 621 601 4725 557 480 4726 556 483 4727 622 602 4728 558 477 4729 557 480 4730 622 602 4731 623 604 4732 559 474 4733 624 603 4734 560 471 4735 559 474 4736 624 603 4737 625 606 4738 561 468 4739 626 605 4740 562 465 4741 561 468 4742 627 607 4743 563 462 4744 562 465 4745 627 607 4746 628 608 4747 564 459 4748 629 553 4749 565 455 4750 564 459 4751 630 548 4752 566 610 4753 565 455 4754 630 548 4755 631 543 4756 567 609 4757 632 538 4758 568 612 4759 567 609 4760 632 538 4761 633 533 4762 569 611 4763 634 528 4764 570 614 4765 569 611 4766 634 528 4767 635 523 4768 571 613 4769 636 518 4770 572 615 4771 571 613 4772 637 513 4773 573 616 4774 572 615 4775 638 508 4776 574 618 4777 573 616 4778 638 508 4779 639 503 4780 575 617 4781 577 555 4782 513 556 4783 575 617 4784 448 390 4785 512 456 4786 514 558 4787 501 440 4788 565 455 4789 566 610 4790 733 619 4791 605 585 4792 604 584 4793 450 389 4794 514 558 4795 515 560 4796 502 442 4797 566 610 4798 567 609 4799 734 620 4800 606 586 4801 605 585 4802 451 391 4803 515 560 4804 516 559 4805 503 444 4806 567 609 4807 568 612 4808 735 621 4809 607 588 4810 606 586 4811 452 393 4812 516 559 4813 517 561 4814 504 443 4815 568 612 4816 569 611 4817 736 622 4818 608 587 4819 607 588 4820 453 392 4821 517 561 4822 518 563 4823 505 446 4824 569 611 4825 570 614 4826 737 623 4827 609 590 4828 608 587 4829 454 394 4830 518 563 4831 519 562 4832 506 445 4833 570 614 4834 571 613 4835 738 624 4836 610 589 4837 609 590 4838 455 396 4839 519 562 4840 520 565 4841 507 447 4842 571 613 4843 572 615 4844 739 625 4845 611 591 4846 610 589 4847 456 395 4848 520 565 4849 521 564 4850 508 449 4851 572 615 4852 573 616 4853 740 626 4854 612 593 4855 611 591 4856 457 398 4857 521 564 4858 522 567 4859 509 448 4860 573 616 4861 574 618 4862 741 627 4863 613 592 4864 612 593 4865 458 397 4866 522 567 4867 523 566 4868 510 450 4869 574 618 4870 575 617 4871 742 628 4872 614 594 4873 613 592 4874 459 399 4875 523 566 4876 524 568 4877 511 451 4878 575 617 4879 513 556 4880 743 629 4881 615 596 4882 614 594 4883 460 401 4884 524 568 4885 525 569 4886 744 630 4887 616 595 4888 615 596 4889 461 400 4890 525 569 4891 526 571 4892 745 631 4893 617 598 4894 616 595 4895 462 402 4896 526 571 4897 527 570 4898 746 632 4899 618 597 4900 617 598 4901 463 404 4902 527 570 4903 528 573 4904 747 633 4905 619 600 4906 618 597 4907 464 403 4908 528 573 4909 529 572 4910 748 634 4911 620 599 4912 619 600 4913 465 406 4914 529 572 4915 530 574 4916 749 635 4917 621 601 4918 620 599 4919 466 405 4920 530 574 4921 531 576 4922 750 636 4923 622 602 4924 621 601 4925 467 407 4926 531 576 4927 532 575 4928 751 637 4929 623 604 4930 622 602 4931 468 409 4932 532 575 4933 533 577 4934 752 638 4935 624 603 4936 623 604 4937 469 408 4938 533 577 4939 534 579 4940 753 639 4941 625 606 4942 624 603 4943 470 410 4944 534 579 4945 535 578 4946 754 640 4947 626 605 4948 625 606 4949 471 412 4950 535 578 4951 536 581 4952 755 641 4953 627 607 4954 626 605 4955 472 411 4956 536 581 4957 537 580 4958 756 642 4959 628 608 4960 627 607 4961 473 414 4962 537 580 4963 538 583 4964 704 643 4965 576 557 4966 577 555 4967 757 554 4968 629 553 4969 628 608 4970 474 413 4971 538 583 4972 539 582 4973 706 551 4974 578 550 4975 576 557 4976 0 644 4977 640 326 4978 666 325 4979 4 646 4980 2 645 4981 666 325 4982 6 647 4983 4 646 4984 641 327 4985 6 647 4986 642 328 4987 643 329 4988 10 649 4989 8 648 4990 643 329 4991 12 650 4992 10 649 4993 644 330 4994 12 650 4995 645 331 4996 682 332 4997 16 652 4998 14 651 4999 682 332 5000 16 652 5001 667 333 5002 646 334 5003 20 654 5004 18 653 5005 646 334 5006 20 654 5007 668 335 5008 683 336 5009 22 655 5010 683 336 5011 669 337 5012 26 657 5013 24 656 5014 669 337 5015 26 657 5016 684 338 5017 685 339 5018 28 658 5019 685 339 5020 686 340 5021 32 660 5022 30 659 5023 686 340 5024 32 660 5025 647 341 5026 648 342 5027 36 662 5028 34 661 5029 648 342 5030 38 663 5031 36 662 5032 670 343 5033 38 663 5034 687 344 5035 688 345 5036 42 665 5037 40 664 5038 688 345 5039 44 666 5040 42 665 5041 689 346 5042 44 666 5043 649 347 5044 690 348 5045 48 652 5046 46 667 5047 690 348 5048 48 652 5049 691 349 5050 692 350 5051 52 669 5052 50 668 5053 692 350 5054 52 669 5055 693 351 5056 650 352 5057 54 670 5058 650 352 5059 651 353 5060 58 672 5061 56 671 5062 651 353 5063 58 672 5064 671 354 5065 694 355 5066 60 673 5067 694 355 5068 652 356 5069 64 674 5070 62 131 5071 652 356 5072 64 674 5073 653 357 5074 695 358 5075 68 676 5076 66 675 5077 695 358 5078 70 677 5079 68 676 5080 696 359 5081 70 677 5082 672 70 5083 654 360 5084 74 679 5085 72 678 5086 654 360 5087 76 680 5088 74 679 5089 655 361 5090 76 680 5091 697 362 5092 656 363 5093 80 682 5094 78 681 5095 656 363 5096 80 682 5097 698 364 5098 673 365 5099 84 684 5100 82 683 5101 673 365 5102 84 684 5103 674 366 5104 657 367 5105 86 685 5106 657 367 5107 675 368 5108 90 687 5109 88 686 5110 675 368 5111 90 687 5112 658 369 5113 676 370 5114 92 688 5115 676 370 5116 677 371 5117 96 689 5118 94 132 5119 677 371 5120 96 689 5121 699 372 5122 659 373 5123 100 691 5124 98 690 5125 659 373 5126 102 692 5127 100 691 5128 700 374 5129 102 692 5130 660 375 5131 678 376 5132 106 694 5133 104 693 5134 678 376 5135 108 695 5136 106 694 5137 701 377 5138 108 695 5139 702 378 5140 661 379 5141 112 682 5142 110 696 5143 661 379 5144 112 682 5145 662 380 5146 663 381 5147 116 698 5148 114 697 5149 663 381 5150 116 698 5151 679 382 5152 680 383 5153 118 699 5154 680 383 5155 664 384 5156 122 701 5157 120 700 5158 664 384 5159 122 701 5160 681 385 5161 703 386 5162 124 702 5163 703 386 5164 665 387 5165 0 644 5166 126 133 5167 665 387 5168 1 703 5172 3 704 5173 704 643 5174 5 127 5175 706 551 5176 704 643 5177 5 127 5178 7 705 5179 707 546 5180 7 705 5181 9 707 5182 708 541 5183 11 706 5184 709 536 5185 708 541 5186 11 706 5187 13 708 5188 710 531 5189 13 708 5190 15 710 5191 711 526 5192 17 709 5193 712 521 5194 711 526 5195 17 709 5196 19 712 5197 713 516 5198 21 711 5199 714 511 5200 713 516 5201 21 711 5202 23 714 5203 715 506 5204 25 713 5205 716 500 5206 715 506 5207 25 713 5208 27 716 5209 717 497 5210 29 715 5211 718 494 5212 717 497 5213 29 715 5214 31 718 5215 719 491 5216 33 717 5217 720 488 5218 719 491 5219 33 717 5220 35 719 5221 721 485 5222 37 126 5223 722 482 5224 721 485 5225 37 126 5226 39 720 5227 723 479 5228 39 720 5229 41 722 5230 724 476 5231 43 721 5232 725 473 5233 724 476 5234 43 721 5235 45 723 5236 726 470 5237 45 723 5238 47 725 5239 727 467 5240 49 724 5241 728 464 5242 727 467 5243 49 724 5244 51 727 5245 729 461 5246 53 726 5247 730 458 5248 729 461 5249 53 726 5250 55 719 5251 731 454 5252 57 728 5253 732 452 5254 731 454 5255 57 728 5256 59 730 5257 733 619 5258 61 729 5259 734 620 5260 733 619 5261 61 729 5262 63 732 5263 735 621 5264 65 731 5265 736 622 5266 735 621 5267 65 731 5268 67 733 5269 737 623 5270 69 125 5271 738 624 5272 737 623 5273 69 125 5274 71 734 5275 739 625 5276 71 734 5277 73 736 5278 740 626 5279 75 735 5280 741 627 5281 740 626 5282 75 735 5283 77 737 5284 742 628 5285 77 737 5286 79 739 5287 743 629 5288 81 738 5289 744 630 5290 743 629 5291 81 738 5292 83 741 5293 745 631 5294 85 740 5295 746 632 5296 745 631 5297 85 740 5298 87 743 5299 747 633 5300 89 742 5301 748 634 5302 747 633 5303 89 742 5304 91 745 5305 749 635 5306 93 744 5307 750 636 5308 749 635 5309 93 744 5310 95 747 5311 751 637 5312 97 746 5313 752 638 5314 751 637 5315 97 746 5316 99 719 5317 753 639 5318 101 748 5319 754 640 5320 753 639 5321 101 748 5322 103 749 5323 755 641 5324 103 749 5325 105 751 5326 756 642 5327 107 750 5328 757 554 5329 756 642 5330 107 750 5331 109 752 5332 758 549 5333 109 752 5334 111 754 5335 759 544 5336 113 753 5337 760 539 5338 759 544 5339 113 753 5340 115 756 5341 761 534 5342 117 755 5343 762 529 5344 761 534 5345 117 755 5346 119 719 5347 763 524 5348 121 757 5349 764 519 5350 763 524 5351 121 757 5352 123 759 5353 765 514 5354 125 758 5355 766 509 5356 765 514 5357 125 758 5358 127 760 5359 767 504 5360 1 703 5361 705 502 5362 767 504 5363 629 553 5364 821 719 5365 822 719 5366 603 453 5367 795 719 5368 796 719 5369 578 550 5370 770 719 5371 768 719 5372 630 548 5373 822 719 5374 823 719 5375 605 585 5376 797 719 5377 796 719 5378 578 550 5379 770 719 5380 771 719 5381 631 543 5382 823 719 5383 824 719 5384 606 586 5385 798 719 5386 797 719 5387 579 545 5388 771 719 5389 772 719 5390 632 538 5391 824 719 5392 825 719 5393 607 588 5394 799 719 5395 798 719 5396 580 540 5397 772 719 5398 773 719 5399 633 533 5400 825 719 5401 826 719 5402 608 587 5403 800 719 5404 799 719 5405 581 535 5406 773 719 5407 774 719 5408 634 528 5409 826 719 5410 827 719 5411 609 590 5412 801 719 5413 800 719 5414 582 530 5415 774 719 5416 775 719 5417 635 523 5418 827 719 5419 828 719 5420 610 589 5421 802 719 5422 801 719 5423 583 525 5424 775 719 5425 776 719 5426 636 518 5427 828 719 5428 829 719 5429 611 591 5430 803 719 5431 802 719 5432 584 520 5433 776 719 5434 777 719 5435 637 513 5436 829 719 5437 830 719 5438 612 593 5439 804 719 5440 803 719 5441 585 515 5442 777 719 5443 778 719 5444 638 508 5445 830 719 5446 831 719 5447 613 592 5448 805 719 5449 804 719 5450 586 510 5451 778 719 5452 779 719 5453 639 503 5454 831 719 5455 769 719 5456 614 594 5457 806 719 5458 805 719 5459 587 505 5460 779 719 5461 780 719 5462 615 596 5463 807 719 5464 806 719 5465 588 499 5466 780 719 5467 781 719 5468 616 595 5469 808 719 5470 807 719 5471 589 496 5472 781 719 5473 782 719 5474 617 598 5475 809 719 5476 808 719 5477 590 493 5478 782 719 5479 783 719 5480 618 597 5481 810 719 5482 809 719 5483 591 490 5484 783 719 5485 784 719 5486 619 600 5487 811 719 5488 810 719 5489 592 487 5490 784 719 5491 785 719 5492 620 599 5493 812 719 5494 811 719 5495 593 484 5496 785 719 5497 786 719 5498 621 601 5499 813 719 5500 812 719 5501 594 481 5502 786 719 5503 787 719 5504 622 602 5505 814 719 5506 813 719 5507 595 478 5508 787 719 5509 788 719 5510 623 604 5511 815 719 5512 814 719 5513 596 475 5514 788 719 5515 789 719 5516 624 603 5517 816 719 5518 815 719 5519 597 472 5520 789 719 5521 790 719 5522 625 606 5523 817 719 5524 816 719 5525 598 469 5526 790 719 5527 791 719 5528 626 605 5529 818 719 5530 817 719 5531 599 466 5532 791 719 5533 792 719 5534 627 607 5535 819 719 5536 818 719 5537 600 463 5538 792 719 5539 793 719 5540 628 608 5541 820 719 5542 819 719 5543 601 460 5544 793 719 5545 794 719 5546 629 553 5547 821 719 5548 820 719 5549 602 457 5550 794 719 5551 795 719 5552 576 557 5553 768 719 5554 769 719 5555 558 477 5556 878 719 5557 877 719 5558 531 576 5559 851 719 5560 852 719 5561 559 474 5562 879 719 5563 878 719 5564 532 575 5565 852 719 5566 853 719 5567 560 471 5568 880 719 5569 879 719 5570 533 577 5571 853 719 5572 854 719 5573 561 468 5574 881 719 5575 880 719 5576 534 579 5577 854 719 5578 855 719 5579 562 465 5580 882 719 5581 881 719 5582 535 578 5583 855 719 5584 856 719 5585 563 462 5586 883 719 5587 882 719 5588 536 581 5589 856 719 5590 857 719 5591 564 459 5592 884 719 5593 883 719 5594 537 580 5595 857 719 5596 858 719 5597 565 455 5598 885 719 5599 884 719 5600 538 583 5601 858 719 5602 859 719 5603 512 456 5604 832 719 5605 833 719 5606 565 455 5607 885 719 5608 886 719 5609 540 552 5610 860 719 5611 859 719 5612 512 456 5613 832 719 5614 834 719 5615 566 610 5616 886 719 5617 887 719 5618 541 547 5619 861 719 5620 860 719 5621 514 558 5622 834 719 5623 835 719 5624 567 609 5625 887 719 5626 888 719 5627 542 542 5628 862 719 5629 861 719 5630 515 560 5631 835 719 5632 836 719 5633 568 612 5634 888 719 5635 889 719 5636 543 537 5637 863 719 5638 862 719 5639 516 559 5640 836 719 5641 837 719 5642 569 611 5643 889 719 5644 890 719 5645 544 532 5646 864 719 5647 863 719 5648 517 561 5649 837 719 5650 838 719 5651 570 614 5652 890 719 5653 891 719 5654 545 527 5655 865 719 5656 864 719 5657 518 563 5658 838 719 5659 839 719 5660 571 613 5661 891 719 5662 892 719 5663 546 522 5664 866 719 5665 865 719 5666 519 562 5667 839 719 5668 840 719 5669 572 615 5670 892 719 5671 893 719 5672 547 517 5673 867 719 5674 866 719 5675 520 565 5676 840 719 5677 841 719 5678 573 616 5679 893 719 5680 894 719 5681 548 512 5682 868 719 5683 867 719 5684 521 564 5685 841 719 5686 842 719 5687 574 618 5688 894 719 5689 895 719 5690 549 507 5691 869 719 5692 868 719 5693 522 567 5694 842 719 5695 843 719 5696 575 617 5697 895 719 5698 833 719 5699 550 501 5700 870 719 5701 869 719 5702 523 566 5703 843 719 5704 844 719 5705 551 498 5706 871 719 5707 870 719 5708 524 568 5709 844 719 5710 845 719 5711 552 495 5712 872 719 5713 871 719 5714 525 569 5715 845 719 5716 846 719 5717 553 492 5718 873 719 5719 872 719 5720 526 571 5721 846 719 5722 847 719 5723 554 489 5724 874 719 5725 873 719 5726 527 570 5727 847 719 5728 848 719 5729 555 486 5730 875 719 5731 874 719 5732 528 573 5733 848 719 5734 849 719 5735 556 483 5736 876 719 5737 875 719 5738 529 572 5739 849 719 5740 850 719 5741 557 480 5742 877 719 5743 876 719 5744 530 574 5745 850 719 5746 851 719 5747 270 181 5748 910 719 5749 911 719 5750 346 174 5751 986 719 5752 985 719 5753 269 175 5754 909 719 5755 910 719 5756 347 170 5757 987 719 5758 986 719 5759 268 176 5760 908 719 5761 909 719 5762 348 171 5763 988 719 5764 987 719 5765 319 168 5766 959 719 5767 960 719 5768 267 167 5769 907 719 5770 908 719 5771 349 163 5772 989 719 5773 988 719 5774 318 169 5775 958 719 5776 959 719 5777 266 164 5778 906 719 5779 907 719 5780 350 159 5781 990 719 5782 989 719 5783 317 161 5784 957 719 5785 958 719 5786 265 160 5787 905 719 5788 906 719 5789 351 155 5790 991 719 5791 990 719 5792 316 157 5793 956 719 5794 957 719 5795 264 156 5796 904 719 5797 905 719 5798 352 151 5799 992 719 5800 991 719 5801 315 153 5802 955 719 5803 956 719 5804 263 152 5805 903 719 5806 904 719 5807 353 146 5808 993 719 5809 992 719 5810 314 149 5811 954 719 5812 955 719 5813 262 148 5814 902 719 5815 903 719 5816 354 147 5817 994 719 5818 993 719 5819 313 145 5820 953 719 5821 954 719 5822 261 143 5823 901 719 5824 902 719 5825 355 136 5826 995 719 5827 994 719 5828 312 139 5829 952 719 5830 953 719 5831 260 144 5832 900 719 5833 901 719 5834 356 137 5835 996 719 5836 995 719 5837 311 140 5838 951 719 5839 952 719 5840 259 138 5841 899 719 5842 900 719 5843 357 322 5844 997 719 5845 996 719 5846 310 134 5847 950 719 5848 951 719 5849 258 323 5850 898 719 5851 899 719 5852 358 317 5853 998 719 5854 997 719 5855 309 319 5856 949 719 5857 950 719 5858 257 318 5859 897 719 5860 898 719 5861 359 315 5862 999 719 5863 998 719 5864 308 320 5865 948 719 5866 949 719 5867 320 172 5868 960 719 5869 897 719 5870 360 311 5871 1000 719 5872 999 719 5873 307 313 5874 947 719 5875 948 719 5876 361 312 5877 1001 719 5878 1000 719 5879 306 309 5880 946 719 5881 947 719 5882 362 306 5883 1002 719 5884 1001 719 5885 305 310 5886 945 719 5887 946 719 5888 363 301 5889 1003 719 5890 1002 719 5891 304 303 5892 944 719 5893 945 719 5894 364 302 5895 1004 719 5896 1003 719 5897 303 304 5898 943 719 5899 944 719 5900 365 297 5901 1005 719 5902 1004 719 5903 302 300 5904 942 719 5905 943 719 5906 366 292 5907 1006 719 5908 1005 719 5909 301 294 5910 941 719 5911 942 719 5912 367 293 5913 1007 719 5914 1006 719 5915 300 295 5916 940 719 5917 941 719 5918 368 287 5919 1008 719 5920 1007 719 5921 299 291 5922 939 719 5923 940 719 5924 369 288 5925 1009 719 5926 1008 719 5927 298 285 5928 938 719 5929 939 719 5930 370 284 5931 1010 719 5932 1009 719 5933 297 286 5934 937 719 5935 938 719 5936 371 277 5937 1011 719 5938 1010 719 5939 296 282 5940 936 719 5941 937 719 5942 372 278 5943 1012 719 5944 1011 719 5945 295 279 5946 935 719 5947 936 719 5948 321 275 5949 961 719 5950 896 719 5951 373 274 5952 1013 719 5953 1012 719 5954 294 276 5955 934 719 5956 935 719 5957 322 271 5958 962 719 5959 961 719 5960 374 263 5961 1014 719 5962 1013 719 5963 293 272 5964 933 719 5965 934 719 5966 323 261 5967 963 719 5968 962 719 5969 375 264 5970 1015 719 5971 1014 719 5972 292 267 5973 932 719 5974 933 719 5975 324 262 5976 964 719 5977 963 719 5978 376 260 5979 1016 719 5980 1015 719 5981 291 257 5982 931 719 5983 932 719 5984 325 256 5985 965 719 5986 964 719 5987 377 254 5988 1017 719 5989 1016 719 5990 290 258 5991 930 719 5992 931 719 5993 326 251 5994 966 719 5995 965 719 5996 378 249 5997 1018 719 5998 1017 719 5999 289 252 6000 929 719 6001 930 719 6002 327 246 6003 967 719 6004 966 719 6005 379 244 6006 1019 719 6007 1018 719 6008 288 247 6009 928 719 6010 929 719 6011 328 241 6012 968 719 6013 967 719 6014 380 239 6015 1020 719 6016 1019 719 6017 287 242 6018 927 719 6019 928 719 6020 329 236 6021 969 719 6022 968 719 6023 381 230 6024 1021 719 6025 1020 719 6026 286 237 6027 926 719 6028 927 719 6029 330 233 6030 970 719 6031 969 719 6032 382 231 6033 1022 719 6034 1021 719 6035 285 228 6036 925 719 6037 926 719 6038 331 221 6039 971 719 6040 970 719 6041 383 225 6042 1023 719 6043 1022 719 6044 284 229 6045 924 719 6046 925 719 6047 332 222 6048 972 719 6049 971 719 6050 256 219 6051 896 719 6052 1023 719 6053 283 223 6054 923 719 6055 924 719 6056 333 212 6057 973 719 6058 972 719 6059 282 217 6060 922 719 6061 923 719 6062 334 213 6063 974 719 6064 973 719 6065 281 214 6066 921 719 6067 922 719 6068 335 210 6069 975 719 6070 974 719 6071 280 211 6072 920 719 6073 921 719 6074 336 203 6075 976 719 6076 975 719 6077 279 208 6078 919 719 6079 920 719 6080 337 204 6081 977 719 6082 976 719 6083 278 205 6084 918 719 6085 919 719 6086 338 202 6087 978 719 6088 977 719 6089 277 199 6090 917 719 6091 918 719 6092 339 195 6093 979 719 6094 978 719 6095 276 200 6096 916 719 6097 917 719 6098 340 196 6099 980 719 6100 979 719 6101 275 193 6102 915 719 6103 916 719 6104 341 189 6105 981 719 6106 980 719 6107 274 194 6108 914 719 6109 915 719 6110 342 187 6111 982 719 6112 981 719 6113 273 190 6114 913 719 6115 914 719 6116 343 183 6117 983 719 6118 982 719 6119 272 184 6120 912 719 6121 913 719 6122 344 180 6123 984 719 6124 983 719 6125 271 185 6126 911 719 6127 912 719 6128 345 178 6129 985 719 6130 984 719 6131</p>
        </triangles>
        <triangles material="Black-material" count="128">
          <input semantic="VERTEX" source="#Cylinder_003-mesh-vertices" offset="0"/>
          <input semantic="NORMAL" source="#Cylinder_003-mesh-normals" offset="1"/>
          <input semantic="TEXCOORD" source="#Cylinder_003-mesh-map-0" offset="2" set="0"/>
          <p>319 168 774 382 231 775 318 169 776 318 169 777 381 230 778 317 161 779 317 161 780 380 239 781 316 157 782 316 157 783 379 244 784 315 153 785 315 153 786 378 249 787 314 149 788 314 149 789 377 254 790 313 145 791 313 145 792 376 260 793 312 139 794 312 139 795 375 264 796 311 140 797 311 140 798 374 263 799 310 134 800 310 134 801 373 274 802 309 319 803 309 319 804 372 278 805 308 320 806 308 320 807 371 277 808 307 313 809 307 313 810 370 284 811 306 309 812 306 309 813 369 288 814 305 310 815 305 310 816 368 287 817 304 303 818 304 303 819 367 293 820 303 304 821 303 304 822 366 292 823 302 300 824 302 300 825 365 297 826 301 294 827 301 294 828 364 302 829 300 295 830 300 295 831 363 301 832 299 291 833 299 291 834 362 306 835 298 285 836 298 285 837 361 312 838 297 286 839 297 286 840 360 311 841 296 282 842 296 282 843 359 315 844 295 279 845 295 279 846 358 317 847 294 276 848 294 276 849 357 322 850 293 272 851 293 272 852 356 137 853 292 267 854 292 267 855 355 136 856 291 257 857 291 257 858 354 147 859 290 258 860 290 258 861 353 146 862 289 252 863 289 252 864 352 151 865 288 247 866 288 247 867 351 155 868 287 242 869 287 242 870 350 159 871 286 237 872 286 237 873 349 163 874 285 228 875 285 228 876 348 171 877 284 229 878 284 229 879 347 170 880 283 223 881 283 223 882 346 174 883 282 217 884 282 217 885 345 178 886 281 214 887 281 214 888 344 180 889 280 211 890 280 211 891 343 183 892 279 208 893 279 208 894 342 187 895 278 205 896 278 205 897 341 189 898 277 199 899 277 199 900 340 196 901 276 200 902 276 200 903 339 195 904 275 193 905 275 193 906 338 202 907 274 194 908 274 194 909 337 204 910 273 190 911 273 190 912 336 203 913 272 184 914 272 184 915 335 210 916 271 185 917 271 185 918 334 213 919 270 181 920 270 181 921 333 212 922 269 175 923 269 175 924 332 222 925 268 176 926 268 176 927 331 221 928 267 167 929 267 167 930 330 233 931 266 164 932 266 164 933 329 236 934 265 160 935 265 160 936 328 241 937 264 156 938 264 156 939 327 246 940 263 152 941 263 152 942 326 251 943 262 148 944 262 148 945 325 256 946 261 143 947 261 143 948 324 262 949 260 144 950 260 144 951 323 261 952 259 138 953 259 138 954 322 271 955 258 323 956 258 323 957 321 275 958 257 318 959 320 172 960 321 275 961 256 219 962 320 172 1923 383 225 1924 319 168 1925 319 168 4020 383 225 4021 382 231 4022 318 169 4023 382 231 4024 381 230 4025 317 161 4026 381 230 4027 380 239 4028 316 157 4029 380 239 4030 379 244 4031 315 153 4032 379 244 4033 378 249 4034 314 149 4035 378 249 4036 377 254 4037 313 145 4038 377 254 4039 376 260 4040 312 139 4041 376 260 4042 375 264 4043 311 140 4044 375 264 4045 374 263 4046 310 134 4047 374 263 4048 373 274 4049 309 319 4050 373 274 4051 372 278 4052 308 320 4053 372 278 4054 371 277 4055 307 313 4056 371 277 4057 370 284 4058 306 309 4059 370 284 4060 369 288 4061 305 310 4062 369 288 4063 368 287 4064 304 303 4065 368 287 4066 367 293 4067 303 304 4068 367 293 4069 366 292 4070 302 300 4071 366 292 4072 365 297 4073 301 294 4074 365 297 4075 364 302 4076 300 295 4077 364 302 4078 363 301 4079 299 291 4080 363 301 4081 362 306 4082 298 285 4083 362 306 4084 361 312 4085 297 286 4086 361 312 4087 360 311 4088 296 282 4089 360 311 4090 359 315 4091 295 279 4092 359 315 4093 358 317 4094 294 276 4095 358 317 4096 357 322 4097 293 272 4098 357 322 4099 356 137 4100 292 267 4101 356 137 4102 355 136 4103 291 257 4104 355 136 4105 354 147 4106 290 258 4107 354 147 4108 353 146 4109 289 252 4110 353 146 4111 352 151 4112 288 247 4113 352 151 4114 351 155 4115 287 242 4116 351 155 4117 350 159 4118 286 237 4119 350 159 4120 349 163 4121 285 228 4122 349 163 4123 348 171 4124 284 229 4125 348 171 4126 347 170 4127 283 223 4128 347 170 4129 346 174 4130 282 217 4131 346 174 4132 345 178 4133 281 214 4134 345 178 4135 344 180 4136 280 211 4137 344 180 4138 343 183 4139 279 208 4140 343 183 4141 342 187 4142 278 205 4143 342 187 4144 341 189 4145 277 199 4146 341 189 4147 340 196 4148 276 200 4149 340 196 4150 339 195 4151 275 193 4152 339 195 4153 338 202 4154 274 194 4155 338 202 4156 337 204 4157 273 190 4158 337 204 4159 336 203 4160 272 184 4161 336 203 4162 335 210 4163 271 185 4164 335 210 4165 334 213 4166 270 181 4167 334 213 4168 333 212 4169 269 175 4170 333 212 4171 332 222 4172 268 176 4173 332 222 4174 331 221 4175 267 167 4176 331 221 4177 330 233 4178 266 164 4179 330 233 4180 329 236 4181 265 160 4182 329 236 4183 328 241 4184 264 156 4185 328 241 4186 327 246 4187 263 152 4188 327 246 4189 326 251 4190 262 148 4191 326 251 4192 325 256 4193 261 143 4194 325 256 4195 324 262 4196 260 144 4197 324 262 4198 323 261 4199 259 138 4200 323 261 4201 322 271 4202 258 323 4203 322 271 4204 321 275 4205 320 172 4206 257 318 4207 321 275 4208 320 172 5169 256 219 5170 383 225 5171</p>
        </triangles>
      </mesh>
    </geometry>
  </library_geometries>
  <library_visual_scenes>
    <visual_scene id="Scene" name="Scene">
      <node id="Cylinder_002" name="Cylinder.002" type="NODE">
        <matrix sid="transform">1 0 0 0 0 1 0 0 0 0 1 0 0 0 0 1</matrix>
        <instance_geometry url="#Cylinder_003-mesh" name="Cylinder.002">
          <bind_material>
            <technique_common>
              <instance_material symbol="White-material" target="#White-material">
                <bind_vertex_input semantic="UVMap" input_semantic="TEXCOORD" input_set="0"/>
              </instance_material>
              <instance_material symbol="Black-material" target="#Black-material">
                <bind_vertex_input semantic="UVMap" input_semantic="TEXCOORD" input_set="0"/>
              </instance_material>
            </technique_common>
          </bind_material>
        </instance_geometry>
      </node>
    </visual_scene>
  </library_visual_scenes>
  <scene>
    <instance_visual_scene url="#Scene"/>
  </scene>
</COLLADA>